rand_id,sr_scr_enrollment_status,sr_scr_rand_group,sr_scr_scr_age,gender_combined,race,race_nhwhite,dem_base_dem_ethnicity,income_level,education_level,dbs_cyto_il6_tech_error,sr_scr_phq9_sum,sr_scr_scidPast_majorDepEpisode,sr_scr_scidCurrent_majDepEpisode,scid_lifetime_majDepEpisode,scid_current_depDisorder,scid_past_depDisorder,scid_lifetime_depDisorder,sr_3mo_medTherapy_counseling,sr_3mo_medTherapy_medAntiDep,sr_3mo_medTherapy_medOther,sr_base_medTherapy_counseling,sr_base_medTherapy_medAntiDep,sr_base_medTherapy_medOther,sr_pw4_medTherapy_counseling,sr_pw4_medTherapy_medAntiDep,sr_pw4_medTherapy_medOther,sr_base_healthHx_antibiotics,sr_base_curhealth_coldflu,sr_base_curhealth_fever,sr_base_curhealth_nightsweat,sr_base_curhealth_gi,sr_base_curhealth_bloodyStool,sr_base_curhealth_frequentPee,sr_base_curhealth_rashy,sr_base_curhealth_other,sr_3mo_curhealth_coldflu,sr_3mo_curhealth_fever,sr_3mo_curhealth_nightsweat,sr_3mo_curhealth_gi,sr_3mo_curhealth_bloodyStool,sr_3mo_curhealth_frequentPee,sr_3mo_curhealth_rashy,sr_3mo_curhealth_other,sr_base_phq8_sum,sr_base_gad7_total,sr_base_promisSleep_tScore,sr_base_flourishing_flourishing,sr_pw1_phq8_sum,sr_pw1_gad7_total,sr_pw1_promisSleep_tScore,sr_pw1_flourishing_flourishing,sr_pw2_phq8_sum,sr_pw2_gad7_total,sr_pw2_promisSleep_tScore,sr_pw2_flourishing_flourishing,sr_pw3_phq8_sum,sr_pw3_gad7_total,sr_pw3_promisSleep_tScore,sr_pw3_flourishing_flourishing,sr_pw4_phq8_sum,sr_pw4_gad7_total,sr_pw4_promisSleep_tScore,sr_pw4_flourishing_flourishing,sr_3mo_phq8_sum,sr_3mo_gad7_total,sr_3mo_promisSleep_tScore,sr_3mo_flourishing_flourishing,dbs_base_crp_plasma_mean_AB,dbs_base_cyto_il6_dbs_mean_AB,dbs_3mo_crp_plasma_mean_AB,dbs_3mo_cyto_il6_dbs_mean_AB,mib_base_shannon_genus_estimate,mib_base_Enterobacteriaceae_clr,mib_base_Desulfovibrio_clr,mib_base_Faecalibacterium_clr,mib_base_Clostridium_IV_clr,mib_3mo_shannon_genus_estimate,mib_3mo_Enterobacteriaceae_clr,mib_3mo_Desulfovibrio_clr,mib_3mo_Faecalibacterium_clr,mib_3mo_Clostridium_IV_clr,vlg_base_linguistic_negative_sentiment,vlg_base_linguistic_i,vlg_pw1_linguistic_negative_sentiment,vlg_pw1_linguistic_i,vlg_pw2_linguistic_negative_sentiment,vlg_pw2_linguistic_i,vlg_pw3_linguistic_negative_sentiment,vlg_pw3_linguistic_i,vlg_pw4_linguistic_negative_sentiment,vlg_pw4_linguistic_i,vlg_3mo_linguistic_negative_sentiment,vlg_3mo_linguistic_i,hmp_intervention_sum_days_local,hmp_intervention_active_sum_mins,hmp_intervention_sit_sum_mins,hmp_followup_sum_days_local,hmp_followup_active_sum_mins,hmp_followup_sit_sum_mins
R397157,completed,hmp_active,61,Man,White,Yes,no,above_median,college_graduate,NA,7,1,0,1,0,1,1,0,0,0,0,0,0,0,0,0,NA,0,0,0,0,0,0,0,0,1,0,0,0,0,1,0,NA,9,6,58,5.67,12,13,57.2,4.67,4,8,57.9,5,6,12,61.2,4.9,4,10,57.9,5.4,4,11,59.4,5.4,1.07565,0.32,1.43775,0.51,NA,NA,NA,NA,NA,NA,NA,NA,NA,NA,NA,NA,0.6163099265011699,7.1,1.4182486232151692,13.2,2.0508525008761245,15.38,3.668140600877278,13,3.088292089909588,13.84,17,0,0,7,0,0
R222378,completed,uc,48,Woman,White,Yes,no,below_median,not_college_graduate,NA,20,1,1,1,1,1,1,0,0,0,0,0,0,0,0,0,yes,0,0,0,1,0,0,0,0,0,0,0,0,0,0,0,0,14,13,55.8,2.8,14,14,59.4,3.8,12,11.67,59.4,3.3,9,10,55.8,4.5,8,7,50.4,5.3,7,6,47,5.7,5.7722999999999995,0.64,6.1131,1.2,NA,NA,NA,NA,NA,NA,NA,NA,NA,NA,9.744508545290122,7.86,0.3397106630445335,11.03,4.331559108833615,6.98,0.3512572200799437,16.9,0.3299385124013082,18.9,0.8876083043904763,10.67,NA,NA,NA,NA,NA,NA
R111965,completed,uc,50,Woman,White,Yes,no,below_median,not_college_graduate,NA,17,1,0,1,1,1,1,0,1,1,0,1,1,0,1,1,no,0,0,0,0,0,0,0,0,0,0,0,0,0,0,0,0,16,13,66.8,6,14,8,66.7,5.5,14,8,68.3,6.1,NA,NA,NA,NA,15,9,59.4,6.1,18,12,66.8,5,4.3026,1.63,6.7308,1.74,NA,NA,NA,NA,NA,NA,NA,NA,NA,NA,0.2488335833391973,7.14,2.4676463935956874,5.58,2.531881047855612,3.54,NA,NA,8.858780326166492,11.28,7.278790263047655,15.87,NA,NA,NA,NA,NA,NA
R410228,completed,hmp_full,31,Woman,White,Yes,no,above_median,college_graduate,NA,9,1,1,1,1,1,1,1,0,0,1,0,0,1,0,0,no,0,0,0,0,0,0,0,0,0,0,0,0,0,0,0,0,9,6,59.4,5.6,5,2,57.9,5.9,7,4,69.3,6.2,5,4,62,6.9,0,2,46.3,7.5,7,9,48.9,5.3,0.71355,0.24,0.18105000000000002,0.37,NA,NA,NA,NA,NA,NA,NA,NA,NA,NA,4.442299648824215,8.95,0.4589224776612836,6.88,1.8668247563471283,7.06,7.1645454207265855,10,0.3698306572253028,2.42,0.44446001168001,7.26,14,10,28,9,10,25
R236212,completed,hmp_full,51,Woman,White,Yes,no,above_median,college_graduate,NA,11,1,1,1,1,1,1,1,1,0,1,1,0,0,1,0,no,0,0,1,0,0,1,0,0,0,0,1,0,0,0,0,0,11,7,57.9,5.7,11,9,59.6,6.3,7,8,61.3,6.2,5,5,55.8,6.2,4,3,55.8,6.7,5,3,54.3,7.2,2.2152,0.53,5.942699999999999,0.62,NA,NA,NA,NA,NA,NA,NA,NA,NA,NA,3.337067789966972,6.12,2.336603202962902,13.59,2.208753593400936,10.71,1.2715428483418345,10.53,1.7730099979683307,7.78,2.8321442831680845,11.29,18,7,30,28,0,105
R272440,completed,hmp_full,39,Woman,White,Yes,no,above_median,college_graduate,NA,6,1,0,1,0,1,1,0,1,0,0,1,0,0,1,0,yes,0,0,1,0,0,0,0,0,0,0,1,0,0,0,0,0,6,1,55.8,6.2,6,2,62.2,6.5,6,1,57.9,6,5,1,52,6,9,1,63,6.5,6,1,56.5,6.9,3.8020499999999995,3.52,3.69555,2.37,NA,NA,NA,NA,NA,NA,NA,NA,NA,NA,2.907007258794628,2.48,4.68952856375504,12.72,5.830028796900111,1.7,2.400730269723809,10.58,2.7685894263775643,4.33,3.825201607314159,7.6,14,35,0,22,60,0
R518463,completed,hmp_full,35,Woman,White,Yes,no,above_median,college_graduate,NA,12,1,0,1,1,1,1,0,0,0,0,0,0,0,0,0,no,0,0,0,0,0,0,0,0,1,0,0,0,0,0,0,0,10,17,70.6,4.2,11,11,67.3,5.2,8,11,57.1,5.1,17,17,66.1,4,8,14,65.3,5.3,11,14,63,5.7,4.24935,0.5,3.7701,0.77,NA,NA,NA,NA,NA,NA,NA,NA,NA,NA,3.02720785068892,9.5,3.254218158933015,8.96,1.4205749004711803,1.69,4.854712862834267,7.97,2.6318495657296754,8.98,5.817067330786663,7.26,20,20,53,9,0,45
R904494,completed,uc,37,Woman,White,Yes,no,above_median,college_graduate,NA,10,1,1,1,1,1,1,NA,NA,NA,0,1,1,NA,NA,NA,yes,0,0,1,0,0,0,0,0,NA,NA,NA,NA,NA,NA,NA,NA,10,8,59.4,5.4,7,8,59.4,5.9,6,6,59.4,6.3,6,6,64.6,6.2,NA,NA,NA,NA,NA,NA,NA,NA,NA,NA,NA,NA,NA,NA,NA,NA,NA,NA,NA,NA,NA,NA,4.489073183398092,6.88,3.941490266247493,4.5,3.045749474470283,7.14,4.341462915313464,2.87,NA,NA,NA,NA,NA,NA,NA,NA,NA,NA
R655806,completed,hmp_active,35,Woman,White,Yes,no,below_median,not_college_graduate,NA,18,1,1,1,1,1,1,0,0,0,0,0,0,0,0,0,no,0,0,0,0,0,0,0,0,1,0,0,0,0,0,0,0,17,17,63.4,5.1,6,6,55.8,6.2,7,6,61.2,7.2,9,3,60.2,6.9,10,5,65.9,6.7,9,5,50.2,5.7,4.26,0.5,21.299999999999997,0.52,NA,NA,NA,NA,NA,NA,NA,NA,NA,NA,5.131671713213819,11.93,2.3337130915421103,10.69,2.368699743535456,3.33,5.97758271588562,6.9,4.246901347042602,4.55,NA,NA,23,0,0,10,0,0
R895393,completed,hmp_active,55,Woman,White,Yes,no,above_median,college_graduate,NA,14,1,0,1,0,1,1,1,1,1,0,1,1,0,1,1,no,0,0,0,0,0,0,0,0,0,0,0,0,0,0,0,0,13,14,66.7,4.5,9,7,59.4,5.1,7,5,65.3,6.3,6,3,59.4,7,5,3,54.3,7.6,5,5,54.3,7.1,0.9158999999999999,0.58,3.63165,0.8,NA,NA,NA,NA,NA,NA,NA,NA,NA,NA,2.0858090713602664,9.15,1.893624838870843,7.01,2.900596803119215,11.54,1.5096838910584098,8.09,2.0481553089749265,5.76,4.200098803371312,13.9,10,0,0,0,0,0
R846787,completed,hmp_full,42,Woman,Black,No,no,below_median,not_college_graduate,NA,9,1,0,1,1,1,1,0,0,0,0,0,0,0,0,0,no,0,0,0,0,0,0,0,0,0,0,0,0,0,0,0,0,7,6,55.8,7.2,11,10,52,7.2,6,11,44.2,7.4,10,12,54.3,7.4,7,4,53.5,6.4,4,3,59.4,8.9,18.403200000000002,1.49,21.299999999999997,2.18,NA,NA,NA,NA,NA,NA,NA,NA,NA,NA,0.2348747010480255,8.51,1.8975148966009303,10.61,2.965927159080316,10.14,0.4847810304221354,11.51,2.616761775859009,6.3,0.2264527543740891,12.41,16,5,20,1,0,0
R988684,completed,hmp_full,22,Man,NA,NA,no,below_median,not_college_graduate,NA,20,1,1,1,1,1,1,NA,NA,NA,0,0,0,0,0,0,no,0,0,0,0,0,0,0,0,NA,NA,NA,NA,NA,NA,NA,NA,20,11,68.3,5.3,19,11,69.2,4.2,18,7,68.6,4.5,19,7,69.2,6.3,22,12,68.1,2.4,NA,NA,NA,NA,NA,NA,NA,NA,NA,NA,NA,NA,NA,NA,NA,NA,NA,NA,1.4166029481409308,9.32,3.073460500132616,6.92,1.6467652278614864,7.2,4.209847650537504,13.45,1.817031058972697,9.86,NA,NA,12,5,23,8,10,70
R615484,completed,hmp_full,24,Woman,White,Yes,no,below_median,not_college_graduate,NA,15,1,0,1,1,1,1,0,0,0,0,0,0,0,0,0,no,0,0,0,1,0,0,0,0,1,0,0,0,0,0,0,0,14,13,55.8,6.3,10,10,57.9,6.1,9,6,59.4,5.9,6,6,55.8,7.3,5,4,48.9,7.5,7,7,54.3,6.7,0.1278,0.12,0.0852,0.3,NA,NA,NA,NA,NA,NA,NA,NA,NA,NA,4.32179571084402,11,0.6154840084491192,5.39,2.5164610696862355,3.41,1.6579086628828863,8.38,0.2479626053962944,1.55,3.2778782478117314,5.17,9,12,38,0,0,0
R982721,completed,hmp_full,56,Man,Native,No,yes,above_median,college_graduate,NA,11,1,1,1,1,1,1,0,0,0,0,0,0,0,0,0,no,0,0,1,1,0,0,0,1,0,0,0,0,0,0,0,0,11,8,83.8,4.7,11,13,68.1,4.3,10,8,74.6,5.4,10,4,73.2,6.5,4,1,78.1,7.9,0,0,35.9,9.4,0.31949999999999995,NA,0.7454999999999999,0.75,NA,NA,NA,NA,NA,NA,NA,NA,NA,NA,1.8560989107084,5.97,3.660689043742897,3.74,0.8169087415492673,8.63,2.861065961663941,11.16,1.4499454780227663,12.05,0.2093358979839036,3.96,16,45,0,75,940,20
R341367,completed,uc,25,Man,White,Yes,no,below_median,college_graduate,NA,8,1,0,1,0,1,1,1,0,1,0,0,0,0,0,0,no,0,0,0,0,0,0,0,0,0,0,0,0,0,0,0,0,6,6,48.9,5.1,1,3,51.9,6.5,NA,NA,NA,NA,NA,NA,NA,NA,3,3,48.9,7.2,6,6,53.2,5.6,0.64965,NA,0.09584999999999999,0.1,NA,NA,NA,NA,NA,NA,NA,NA,NA,NA,0.824705686090711,10.49,5.345504412601676,7.77,NA,NA,NA,NA,0.7008243136064009,8.05,NA,NA,NA,NA,NA,NA,NA,NA
R319081,completed,hmp_active,33,Man,White,Yes,no,below_median,college_graduate,NA,14,1,1,1,1,1,1,0,0,0,0,0,0,0,0,0,no,0,0,0,0,0,0,0,0,0,0,0,0,0,0,0,0,13,16,54.3,4.9,12,12,54.3,5.7,10,13,54.3,5.9,11,12,63,4.3,11,18,63,5.6,9,12,54.3,6.1,0.58575,0.57,0.8732999999999999,0.675,NA,NA,NA,NA,NA,NA,NA,NA,NA,NA,3.399365110142908,8.52,1.4164958666118357,6.72,0.6947112321773683,10.04,5.73744930754235,13.02,0.2374987229510736,10.11,2.845757217136826,8.3,20,0,0,17,0,0
R386992,completed,hmp_active,34,Woman,White,Yes,no,below_median,college_graduate,NA,21,1,1,1,1,1,1,0,1,0,0,1,0,0,1,0,yes,0,0,0,0,0,0,0,0,1,0,0,0,0,0,0,0,17,19,63,5.2,19,21,62,5.4,18,21,62,4.7,17,21,62,5,15,18,62,4.8,23,21,59.4,4.5,1.6401,0.33,2.9393999999999996,0.59,2.4373962803097755,1.3418103778735015,-1.9954720980425944,6.86771924264826,6.591060571452257,2.930795294555959,0.0972388405040685,-2.5730845304205987,5.761387024180345,3.5775182380256805,5.31383905441598,3.68,3.274885238600033,6.72,5.288958053649606,11.92,6.024108799981389,10.18,4.083908385552474,11.68,3.223557488976927,6.41,12,0,0,4,0,0
R946340,completed,hmp_active,27,Man,White,Yes,no,below_median,college_graduate,NA,12,1,0,1,1,1,1,0,1,0,0,1,0,0,1,0,no,0,0,0,0,0,0,0,0,0,0,0,0,0,0,0,0,12,7,44.2,6.4,11,4,47.9,6.9,7,3,46.3,8.3,4,3,44.2,8.4,3,1,41.1,9,1,0,43.2,9.1,0.31949999999999995,0.2,0.6709499999999999,0.24,NA,NA,NA,NA,NA,NA,NA,NA,NA,NA,1.1623394132915128,10.49,0.3138263754007627,6.76,1.2542075391491685,10.27,0.3867511950731109,8.88,0.98592723418634,8.25,0.9562435783829384,4.76,20,0,0,4,0,0
R408152,completed,uc,25,Man,White,Yes,no,above_median,college_graduate,NA,16,0,0,0,0,0,0,0,0,0,0,0,0,0,0,0,no,0,0,0,0,0,0,0,0,0,0,0,0,0,0,0,0,9,6,62.6,8.5,7,8,61.9,7.8,4,0,59.6,8.1,9,5,56.4,8.3,7,5,58,7.5,6,4,60.3,8.1,0.45794999999999997,NA,2.2684499999999996,0.1,NA,NA,NA,NA,NA,NA,NA,NA,NA,NA,2.1195838769860678,12,2.838409020775784,5.43,0.9342103536318817,11.69,3.269791064799796,11.03,2.4145154292277846,8.48,NA,NA,NA,NA,NA,NA,NA,NA
R867049,completed,hmp_active,40,Man,White,NA,NA,below_median,college_graduate,NA,7,0,0,0,0,0,0,0,1,1,0,1,0,1,1,1,no,0,0,0,0,0,0,0,0,0,0,0,NA,0,0,0,0,3,3,46.3,3.2,5,3,46.3,3.8,5,3,46.3,4,4,3,46.3,3.9,6,2,55.8,3.9,2,2.33,52,4.9,2.4069,0.31,1.69335,0.84,NA,NA,NA,NA,NA,NA,NA,NA,NA,NA,3.418504688386079,4.56,0.6178199895767746,3.5,NA,NA,NA,NA,NA,NA,2.6466265851187742,8.87,25,0,0,49,0,0
R561180,completed,hmp_active,36,Man,White,Yes,no,below_median,college_graduate,NA,14,1,1,1,1,1,1,0,1,0,0,1,1,0,1,1,no,0,0,0,0,0,0,0,0,0,0,0,0,0,0,0,0,9,3,60.5,6.1,12,2,64.1,6,6,2,57.1,6,8,3,64.6,5.9,7,1,65.7,6.3,9,0,48.9,4.9,3.0245999999999995,NA,11.23575,1.18,NA,NA,NA,NA,NA,NA,NA,NA,NA,NA,4.070441739224704,10.22,5.450339415171115,10.07,2.641111789985594,7.02,4.370771284183392,9.47,1.210935105623449,4.17,2.467371599352606,6.52,8,0,0,9,0,0
R964242,completed,hmp_full,42,Man,White,Yes,no,above_median,not_college_graduate,NA,6,1,0,1,0,1,1,0,0,0,0,0,0,0,0,0,yes,0,0,0,0,0,0,0,0,0,0,0,0,0,0,0,0,6,5,41.1,6.2,3,6,41.1,6,6,5,41.1,6.9,3,4,41.1,7.2,4,5,47.4,7.2,4,5,48.8,7.4,0.38339999999999996,5.37,0.41535,3.715,NA,NA,NA,NA,NA,NA,NA,NA,NA,NA,NA,NA,1.3790825043572974,10.28,4.185346878467958,10.36,NA,NA,3.741248751240706,9.09,2.094661603835191,5.5,15,5,30,51,5,195
R687952,completed,uc,28,Woman,White,Yes,no,below_median,college_graduate,NA,10,1,0,1,1,1,1,0,0,0,0,0,0,0,0,0,no,0,0,0,0,0,0,0,0,0,0,0,0,0,0,0,0,12,6,52.7,5.1,15,6,67.7,5.1,16,6,70.6,5,12,4,63,4.7,12,3,63,5.7,12,3,59.4,6,1.2779999999999998,0.43,0.6070499999999999,0.44,NA,NA,NA,NA,NA,NA,NA,NA,NA,NA,0.6668885448148426,3.32,NA,NA,NA,NA,NA,NA,NA,NA,NA,NA,NA,NA,NA,NA,NA,NA
R315304,completed,hmp_full,45,Woman,White,Yes,no,above_median,college_graduate,NA,7,1,0,1,1,1,1,0,1,0,0,1,0,0,1,0,no,0,0,0,0,0,0,0,0,1,1,0,0,0,0,0,1,7,5,47.4,7.4,5,2,52.7,8.5,0,0,32.3,9.1,0,0,26.3,8.8,0,0,26.3,9.1,0,0,35.7,9.1,0.2769,0.23,0.84135,1.07,NA,NA,NA,NA,NA,NA,NA,NA,NA,NA,NA,NA,2.313695353178904,8.78,3.5923457737226188,8.57,1.3830720866694228,7.26,6.026151733754145,5.39,2.9471131245561706,9.09,19,7,165,1,5,0
R382719,completed,hmp_full,40,Woman,White,Yes,no,below_median,college_graduate,NA,5,1,0,1,0,1,1,1,0,1,0,0,1,0,0,1,no,1,0,0,0,1,1,0,0,NA,NA,NA,NA,NA,NA,NA,NA,3,1,60.6,6.78,8,4,62.6,7.2,6,7,65.9,6.89,5,9,63,7.9,4,4,61.2,7.2,5,3,58,6.7,NA,NA,NA,NA,NA,NA,NA,NA,NA,NA,NA,NA,NA,NA,4.801349242198176,4.64,5.348392883593482,11.11,6.817928890814065,8.04,2.0991971691621973,6.86,0.797406891430622,4,4.302967767315824,8.02,11,27,8,6,30,0
R414497,completed,hmp_full,45,Woman,White,Yes,no,below_median,college_graduate,NA,6,1,1,1,1,1,1,0,0,0,0,0,0,0,0,0,no,0,0,0,0,0,0,0,0,0,0,1,0,0,0,0,0,12,7,65.3,5.2,12,6,63,5.2,10,3,64.6,5.6,10,3,63,5.4,5,2,64.9,6.8,4,4,57.9,7.5,0.33015,0.11,0.35145,0.1,NA,NA,NA,NA,NA,NA,NA,NA,NA,NA,10.697639322395172,9.09,4.219013539179936,6.52,3.413915875849346,6.02,0.8453887974941199,19.05,0.2097775466443763,7.32,NA,NA,18,160,8,45,900,0
R838256,completed,hmp_full,64,Woman,White,Yes,no,above_median,college_graduate,NA,5,1,0,1,0,1,1,NA,NA,NA,0,0,0,NA,NA,NA,yes,0,0,0,0,0,0,0,0,NA,NA,NA,NA,NA,NA,NA,NA,5,1,54.3,5.8,NA,NA,NA,NA,NA,NA,NA,NA,NA,NA,NA,NA,NA,NA,NA,NA,NA,NA,NA,NA,NA,NA,NA,NA,NA,NA,NA,NA,NA,NA,NA,NA,NA,NA,NA,NA,NA,NA,NA,NA,NA,NA,NA,NA,NA,NA,4,37,0,0,0,0
R901734,completed,hmp_active,33,Woman,NA,NA,no,above_median,college_graduate,NA,7,1,0,1,1,1,1,0,0,0,0,0,0,0,0,0,yes,0,0,0,0,0,1,0,0,0,0,0,0,0,1,0,0,5,16,46.4,5.9,5,11,41.1,7.2,5,16,44.4,7.5,4,5,42.7,7.1,4,6,41.1,8.2,3,3,48.8,8.4,1.26735,0.18,0.426,0.245,NA,NA,NA,NA,NA,NA,NA,NA,NA,NA,5.8450772231762125,8.45,2.0341522533933287,7.55,5.166654719681836,10.79,2.845189164412845,5.11,NA,NA,NA,NA,20,0,0,0,0,0
R238126,completed,hmp_full,41,Woman,White,No,yes,below_median,not_college_graduate,NA,22,1,0,1,1,1,1,1,1,1,1,1,1,1,1,1,no,0,0,0,0,0,0,0,1,0,0,0,0,0,1,1,1,15,13,54.3,5.7,20,14,57.1,4.9,16,10,55.6,5.7,16,11,55.8,5.5,12,12,55.6,6.7,22,17,62,3.8,0.37274999999999997,0.09,0.5538,0.36,NA,NA,NA,NA,NA,NA,NA,NA,NA,NA,2.4229640992747163,8.07,3.3484109265158186,13.37,4.897734417554356,2.84,6.596993824297724,9.47,3.1987663748344954,7.29,3.077518730027466,12.41,14,12,25,4,0,10
R580356,completed,hmp_active,35,Woman,White,Yes,no,above_median,college_graduate,NA,7,0,0,0,0,0,0,0,1,0,1,1,1,0,1,1,yes,0,0,1,0,0,0,0,0,1,0,1,0,0,1,0,1,3,8,53.5,7.3,8,13,63,6.6,9,10,61.2,7.3,6,8,57.2,5.9,8,9,59.4,6.9,5,9,55.8,7.7,17.689649999999997,0.82,21.299999999999997,0.86,NA,NA,NA,NA,NA,NA,NA,NA,NA,NA,5.636675332436528,3.33,4.693199739488059,4.65,0.66337133195536,4.84,5.566356076980638,8.82,1.428203026715873,5.88,2.3851419458250347,7.46,7,0,0,1,0,0
R615114,completed,uc,44,Woman,White,Yes,no,above_median,not_college_graduate,NA,10,1,0,1,0,1,1,0,1,0,0,1,1,0,1,1,no,0,0,0,0,0,0,0,0,0,0,0,0,0,0,0,0,8,17,64.1,6.8,5,14,62.7,7.6,8,14,62.5,8.4,7,16,59.1,8,8,17,60.6,8.3,6,16,56.5,8.3,0.6070499999999999,0.03,2.35365,0.43,NA,NA,NA,NA,NA,NA,NA,NA,NA,NA,NA,NA,4.235462580471858,6.33,2.851192236421125,2.78,1.7353108172470308,11.11,1.1350231119925347,14.71,0.61250381949328,10.71,NA,NA,NA,NA,NA,NA
R100773,completed,hmp_active,46,Man,White,Yes,no,above_median,college_graduate,NA,7,0,0,0,1,0,1,1,1,0,1,1,0,1,1,0,no,0,0,0,0,0,NA,0,0,0,0,0,0,0,0,0,0,8,3,41.1,4.33,9,6,46.3,4.2,7,5,46.3,4.2,4,4,41.1,4.56,6,3,46.3,5.1,6,2,35.5,5.3,0.82005,0.13,1.0224,0.32,NA,NA,NA,NA,NA,NA,NA,NA,NA,NA,1.10781663986837,9.73,1.5035146863242006,12.73,1.8085360995492552,16.25,1.048632184932948,11.65,2.135647335301398,9.16,3.454232101714948,12.34,5,0,0,1,0,0
R730848,completed,hmp_full,44,Woman,White,Yes,no,above_median,college_graduate,NA,5,0,0,0,0,0,0,0,0,0,0,0,0,0,0,0,no,1,1,1,0,0,0,0,0,0,0,0,0,0,0,0,0,5,10,54.3,7.8,5,8,57.9,7.6,2,3,46.3,7.4,3,5,46.3,7.4,1,5,46.3,7.6,0,0,41.1,8.1,0.9371999999999999,0.19,3.7381499999999996,0.1,NA,NA,NA,NA,NA,NA,NA,NA,NA,NA,0.3853687499940763,8.18,2.563665520717737,6.96,0.25178787197518,2.11,1.7704482768298482,7.11,0.2271476191129781,7.02,1.6037323798677272,3.13,16,57,13,45,525,0
R752793,completed,hmp_full,26,Man,White,Yes,no,below_median,college_graduate,NA,7,1,0,1,0,1,1,1,0,0,1,0,0,1,0,0,yes,0,0,1,1,0,0,0,0,0,0,0,0,0,0,0,0,9,11,68.9,5.7,16,17,67.7,5.2,16,13,65.3,4.5,11,12,67.7,4.9,10,14,60.7,5.2,7,10,57.9,5.2,3.2163,0.09,2.5134,0.32,NA,NA,NA,NA,NA,NA,NA,NA,NA,NA,NA,NA,0.18998237516482,7,1.6648066080101154,7.29,3.589278093072186,8.2,5.493508684219583,8.57,4.346137553180919,11.76,17,5,20,46,75,85
R700449,completed,hmp_full,50,Woman,NA,NA,info_not_provided,below_median,college_graduate,NA,14,1,1,1,1,1,1,0,1,1,1,1,1,0,1,0,dont_know,1,0,0,1,0,0,0,1,0,0,0,0,0,0,NA,0,17,14,65.3,6.5,NA,NA,NA,NA,22,19,76.3,4.1,NA,NA,NA,NA,18,14,69.3,4.5,11,8,66.8,6.1,1.065,0.09,0.92655,0.11,2.7481380928755685,-2.7358397534605774,-1.8312374366276019,8.001666694453064,2.964553108969139,3.222684744998898,-2.985026900870566,0.9322445315200867,5.396151649006752,4.531341975563885,NA,NA,NA,NA,7.00549064892005,7.32,NA,NA,0.4213632565083373,6.38,NA,NA,10,17,18,17,30,130
R730655,completed,uc,60,Man,Black,No,no,below_median,not_college_graduate,NA,5,1,0,1,1,1,1,0,0,0,0,0,0,0,0,0,no,0,0,1,0,0,1,0,0,0,0,0,1,0,0,0,0,7,5,47,5.7,7,4,57.1,5.1,9,5,52,6.7,7,5,37.3,6,9,5,40.3,5.5,9,8,46.3,4,9.3294,0.76,8.95665,1.89,NA,NA,NA,NA,NA,NA,NA,NA,NA,NA,1.127011894152579,9.76,2.924348653786256,11.68,3.3325653163112867,12.5,0.3910055300586754,7.24,0.39883197096059,6.5,NA,NA,NA,NA,NA,NA,NA,NA
R383331,completed,hmp_active,35,Woman,White,Yes,no,above_median,college_graduate,NA,5,1,0,1,0,1,1,NA,NA,NA,0,0,0,0,0,0,yes,1,0,0,1,0,0,0,0,NA,NA,NA,NA,NA,NA,NA,NA,4,6,59.4,6.4,2,10,58.7,7,2,7,59.5,7.8,2,7,55.8,6.9,4,8,57.9,7.9,NA,NA,NA,NA,NA,NA,NA,NA,NA,NA,NA,NA,NA,NA,NA,NA,NA,NA,NA,NA,7.2709644298425395,3.82,3.8891223314831977,7,4.700641608397193,7.65,1.0463370640288463,5.59,NA,NA,21,0,0,2,0,0
R245442,completed,hmp_active,63,Woman,White,Yes,no,below_median,college_graduate,NA,7,0,0,0,0,0,0,0,0,0,0,0,0,0,0,0,dont_know,0,0,0,0,0,0,0,1,0,0,0,0,0,0,0,0,10,13,60.7,5,3,4,54.3,5.5,3,5,54.3,5.6,2,1,54.3,6.4,2,3,54.3,6.8,1,1,50.4,6.9,3.3441,0.87,0.4473,0.44,NA,NA,NA,NA,NA,NA,NA,NA,NA,NA,0.7928202744854592,10.73,2.7153120939064146,5.92,0.3658699230568663,9.09,1.233684912664048,5.59,2.033259275145868,9.27,NA,NA,25,0,0,55,0,0
R244933,completed,hmp_active,49,Man,more_than_one,No,no,below_median,not_college_graduate,NA,19,1,1,1,1,1,1,0,0,0,0,0,0,0,0,0,no,0,0,0,0,0,0,0,0,NA,NA,NA,NA,NA,NA,NA,NA,17,16,59.4,3.1,17,13,59.6,3.6,15,12,62,3.3,NA,NA,NA,NA,12,12,57.9,3.8,13,11,57.9,4.5,1.03305,0.24,1.41645,0.41,NA,NA,NA,NA,NA,NA,NA,NA,NA,NA,NA,NA,NA,NA,NA,NA,NA,NA,NA,NA,NA,NA,10,0,0,8,0,0
R723847,withdrawn,hmp_full,21,Woman,White,Yes,no,below_median,not_college_graduate,NA,11,0,0,0,1,1,1,NA,NA,NA,0,0,0,NA,NA,NA,no,0,0,0,0,0,0,0,0,NA,NA,NA,NA,NA,NA,NA,NA,5,3,43,8.5,NA,NA,NA,NA,NA,NA,NA,NA,NA,NA,NA,NA,NA,NA,NA,NA,NA,NA,NA,NA,NA,NA,NA,NA,NA,NA,NA,NA,NA,NA,NA,NA,NA,NA,NA,NA,NA,NA,NA,NA,NA,NA,NA,NA,NA,NA,1,7,0,0,0,0
R451795,completed,hmp_active,30,Woman,more_than_one,No,no,below_median,college_graduate,NA,8,1,0,1,0,1,1,0,1,1,1,0,1,0,1,1,yes,0,0,0,0,0,0,0,0,0,0,0,1,0,0,0,0,7,6,56.5,6.7,10,13,61.3,6.1,8,7,55.8,6.3,11,14,72.7,6.9,8,7,55.8,6.5,7,6,59.4,7.1,0.13845,0.17,NA,NA,NA,NA,NA,NA,NA,NA,NA,NA,NA,NA,4.076564270530281,11.32,1.856454408660676,14.66,6.075406218499686,5.88,3.781858354293124,5,6.088832778371966,5.56,3.7091390203728687,4.78,14,0,0,3,0,0
R775740,completed,hmp_active,24,Woman,White,Yes,no,below_median,college_graduate,NA,10,1,1,1,1,1,1,0,1,0,0,0,0,0,1,1,yes,0,0,0,0,0,0,0,0,1,0,0,1,0,0,0,0,9,8,54.3,5.8,12,16,57.9,5.5,8,14,55.8,5.3,14,14,44.2,6,7,7,44.2,6.1,4,7,41.1,7,0.47925,0.67,0.4047,0.69,NA,NA,NA,NA,NA,NA,NA,NA,NA,NA,0.2454828605352045,4.7,4.0427960961736,8.25,1.618884712297576,8.72,1.9485257937181224,7.05,2.2829921293371283,9.22,1.270672987536236,2.42,22,0,0,1,0,0
R263825,completed,hmp_full,28,Woman,Black,No,yes,below_median,not_college_graduate,NA,8,1,0,1,0,1,1,0,0,0,0,0,0,0,0,0,yes,0,0,0,0,0,0,0,0,0,0,0,0,0,0,0,0,10,6,55.8,7.7,1,0,44.2,9.3,0,0,29,8.56,1,0,40.3,9.4,3,0,43.2,9.6,2,0,31.2,8.3,0.0426,0.29,0.03195,0.33,NA,NA,NA,NA,NA,NA,NA,NA,NA,NA,2.501605116412967,7.95,1.3936842492760315,12.9,6.408800626681603,8.58,1.832415260663744,10.19,2.2409702198973838,5.26,0.4189165252367091,10.38,11,22,18,52,345,90
R354654,completed,hmp_active,48,Woman,White,Yes,no,below_median,college_graduate,NA,21,1,1,1,1,1,1,0,0,0,0,0,0,1,0,0,no,0,0,0,0,0,0,0,0,0,0,0,0,0,0,0,0,17,21,65.6,4.1,15,20,64.6,4.2,14,18,64.6,6.6,9,18,62.6,6.5,10,19,66.6,6.5,14,18,66.7,4.9,1.35255,0.12,0.1491,0.32,2.8580771309691064,-3.0063653260413945,-2.1112823885323313,7.224897368282998,4.376401629952279,3.23055835526086,2.4574457527634137,-2.3642605572926985,6.529312161336607,4.089364441599994,NA,NA,5.2128961995173695,8.7,NA,NA,NA,NA,NA,NA,1.8531626348974368,11.84,13,0,0,38,0,0
R878567,completed,hmp_active,41,Man,White,Yes,no,above_median,college_graduate,NA,5,1,0,1,1,1,1,0,0,0,0,0,0,0,0,0,yes,0,0,1,0,0,0,0,1,0,0,0,1,0,0,0,0,6,14,55.8,5.9,4,14,52.7,4.6,7,7,57.9,5.1,7,8,54.3,5.9,6,7,54.3,5.9,4,14,56.5,6.1,0.18105000000000002,0.185,1.16085,0.36,NA,NA,NA,NA,NA,NA,NA,NA,NA,NA,0.549144532686271,6.67,NA,NA,2.23375035844086,0.95,0.3402703170768064,4.78,1.3409788257294164,2.55,1.6912902660025173,4.33,15,0,0,7,0,0
R390580,completed,hmp_full,38,Woman,White,Yes,no,below_median,college_graduate,NA,21,1,1,1,1,1,1,0,0,0,0,0,0,0,0,0,no,0,0,0,0,0,0,0,1,0,0,0,0,0,0,0,0,17,8,50.4,1.7,15,9,54.3,1.3,14,9,52.7,1.4,15,11,52.7,1.6,16,10,52.7,1.2,17,17,57.9,1.3,0.77745,0.22,0.5325,0.4,NA,NA,NA,NA,NA,NA,NA,NA,NA,NA,6.471877082654048,14.37,4.360104855299102,7.8,3.0633035517765603,9.21,4.768382290734213,12.29,3.19617376876344,8.02,NA,NA,15,22,10,4,5,5
R973338,completed,uc,27,Woman,White,Yes,no,above_median,college_graduate,NA,13,1,1,1,1,1,1,1,1,1,0,0,1,1,1,1,yes,0,0,0,0,0,0,0,0,1,0,0,0,0,0,0,0,12,8,54.3,5.6,11,15,59.4,4.7,14,15,59.4,4.4,14,14,62,4.5,13,13,54.3,5.3,4,3,47.9,7.2,0.5218499999999999,NA,0.6070499999999999,1.02,NA,NA,NA,NA,NA,NA,NA,NA,NA,NA,5.253608014655491,8.29,0.4052238049883754,10.94,4.08509774177659,8.96,0.3452909412964836,5.49,3.5639528075857423,9.59,NA,NA,NA,NA,NA,NA,NA,NA
R697771,completed,uc,49,Woman,NA,NA,no,above_median,college_graduate,NA,6,1,1,1,1,1,1,0,0,0,0,0,0,0,0,0,no,0,0,0,0,0,0,0,0,0,0,0,0,0,0,0,0,7,6,54.3,5.5,6,3,58,6.8,6,3,57.8,6.4,6,2,60.6,6.5,6,2,56,6.1,6,4,59.4,5.5,0.26625,0.21,0.58575,0.15,NA,NA,NA,NA,NA,NA,NA,NA,NA,NA,3.0339190072151028,9.52,2.547806761755884,9.22,5.404199329817164,11.05,0.3284394834795245,7.93,2.009448432870671,4.84,2.9146052084809417,9.68,NA,NA,NA,NA,NA,NA
R474474,completed,hmp_full,29,Woman,White,Yes,no,below_median,college_graduate,NA,7,1,1,1,1,1,1,NA,NA,NA,1,1,0,1,1,0,dont_know,0,0,0,0,0,0,0,0,NA,NA,NA,NA,NA,NA,NA,NA,8,5,55.8,4.3,6,5,59.4,5.2,4,2,51.9,6.2,2,2,55.8,6.6,3,2,54.3,7.7,NA,NA,NA,NA,NA,NA,NA,NA,NA,NA,NA,NA,NA,NA,NA,NA,NA,NA,5.088288367044166,7.21,4.637821584544842,11.39,1.164320463128682,9.93,2.3078005795586947,10.11,3.477791252953457,13.92,NA,NA,17,0,108,4,0,0
R593225,completed,hmp_active,41,Woman,White,Yes,no,above_median,college_graduate,NA,15,1,1,1,1,1,1,0,1,0,0,1,0,0,1,0,no,0,0,0,1,0,0,0,0,0,0,0,1,0,0,0,0,13,10,70,7.3,7,6,59.5,6.9,11,8,64.7,7.1,10,6,59.4,7.4,11,6,65.4,7.8,13,11,66.8,7.5,13.74915,0.38,8.317649999999999,0.8,1.9789471610674738,4.378594839071014,-1.7833369633339058,6.353181288781386,2.534151150202405,2.2706817480216195,4.886190183108438,-1.583757318135501,1.6351185067327,1.1242928829667092,0.1578377139759781,3.52,1.9104800207556183,10.49,NA,NA,NA,NA,2.341347398249993,3.69,NA,NA,13,0,0,1,0,0
R253267,completed,hmp_full,32,Man,White,Yes,no,above_median,college_graduate,NA,6,0,0,0,1,1,1,1,0,0,0,0,0,0,0,0,no,0,0,0,0,0,NA,0,0,0,0,0,0,0,0,0,0,7,4,58,7.6,5,5,53.2,7.6,2,3,49.5,7.9,3,1,46.3,8.2,4,4,50.4,8.1,3,2,63,7.8,0.41535,0.33499999999999996,0.7348499999999999,0.48,NA,NA,NA,NA,NA,NA,NA,NA,NA,NA,NA,NA,1.176284354099959,4.71,1.9426460314372629,6.91,2.120756321793031,6.93,NA,NA,NA,NA,14,7,30,0,0,0
R166916,completed,hmp_active,49,Woman,White,Yes,no,above_median,college_graduate,NA,11,1,0,1,1,1,1,0,0,0,0,0,0,0,0,0,no,0,0,0,0,0,0,0,0,0,0,0,0,0,0,0,0,10,6,51.8,6,9,5,53.5,6.22,9,6,55.8,7.2,9,8,62,6.6,5,2,54.3,7.12,3,3,50.2,7.3,2.2365,0.43,6.123749999999999,0.49,NA,NA,NA,NA,NA,NA,NA,NA,NA,NA,0.9434406247623108,4.84,2.9310150443052296,2.38,4.010929890580212,13.83,5.25673837617928,3.29,1.1290643672720944,9.15,1.1225259825504872,10.46,23,0,0,23,0,0
R221747,completed,hmp_active,41,Man,White,Yes,no,above_median,college_graduate,NA,9,1,1,1,1,1,1,NA,NA,NA,0,0,0,0,0,0,no,0,0,0,0,0,0,0,0,NA,NA,NA,NA,NA,NA,NA,NA,6,3,42.7,5.6,9,4,48.8,4.8,NA,NA,NA,NA,NA,NA,NA,NA,9,8,48.9,5.4,NA,NA,NA,NA,NA,NA,NA,NA,NA,NA,NA,NA,NA,NA,NA,NA,NA,NA,0.3526817700052972,5.08,NA,NA,NA,NA,NA,NA,NA,NA,NA,NA,7,0,0,0,0,0
R264070,completed,hmp_full,58,Woman,NA,NA,no,below_median,college_graduate,NA,5,0,0,0,0,0,0,0,0,0,0,0,0,0,0,0,no,0,0,0,0,0,0,0,0,0,0,0,0,0,0,0,0,2,7,59.4,7.5,1,2,54.3,7.4,2,2,47.4,7.3,2,3,47.4,7.8,1,1,43.2,8.3,1,1,43.2,8.6,0.46859999999999996,0.14,0.7348499999999999,NA,NA,NA,NA,NA,NA,NA,NA,NA,NA,NA,2.603405102060845,8.52,1.0152516847922373,8.05,3.169373875557945,5.26,1.685506048164678,7.84,1.3450836311832093,9.71,2.111290588028626,6.13,29,125,93,39,0,135
R762459,completed,hmp_active,52,Woman,White,Yes,no,above_median,not_college_graduate,NA,15,1,0,1,0,1,1,0,0,0,0,0,0,0,0,0,no,0,0,0,0,0,0,0,0,NA,NA,NA,NA,NA,NA,NA,NA,15,7,61.3,3,15,11,61.2,2.7,12,10,61.2,3,10,7,61.2,2.8,12,7,63,3.4,17,14,70.3,2.7,NA,NA,NA,NA,NA,NA,NA,NA,NA,NA,NA,NA,NA,NA,0.9149575129465416,12.43,2.3764023968810246,9.33,1.9997445909038851,9.64,3.5160690842233286,12.2,NA,NA,2.520731538978981,5.92,9,0,0,1,0,0
R869895,completed,hmp_full,43,Woman,White,Yes,no,below_median,college_graduate,NA,14,1,1,1,1,1,1,0,0,1,0,0,1,0,0,1,no,NA,0,0,1,0,0,0,0,0,0,0,0,0,0,0,0,12,15,64.1,7.9,8,6,69.3,7.4,11,13,70.9,7.7,6,5,65.3,7.8,9,5,70.2,8.4,2,6,59.5,8,0.56445,0.22500000000000003,0.62835,0.2,2.9345919535120366,2.8545721565208133,-1.712174175480468,3.34407162986784,3.0152136432318724,2.9851490465040658,1.9964287322368426,-2.0010257605313195,6.171138691580584,5.850246236578564,2.6916754199632784,5.98,1.9672509581362043,5.6,3.004082200442833,9.55,2.361049814763553,7.1,0.1984703872994463,2.29,0.785035987374839,7.14,18,54,40,0,0,0
R745087,completed,hmp_full,55,Woman,White,Yes,no,above_median,college_graduate,NA,6,1,1,1,1,1,1,NA,NA,NA,0,0,1,0,0,1,no,0,0,0,0,0,0,0,0,NA,NA,NA,NA,NA,NA,NA,NA,6,9,55.8,5.3,5,12,51.9,5.8,9,10,54.3,4.9,9,10,59.4,5.7,5,8,48.9,7.2,NA,NA,NA,NA,NA,NA,NA,NA,NA,NA,NA,NA,NA,NA,NA,NA,NA,NA,4.178416675032077,10.45,4.132101057039099,8.7,2.523267851437904,18.52,NA,NA,NA,NA,NA,NA,14,15,10,32,115,15
R817920,completed,hmp_full,47,Woman,Asian,No,no,below_median,college_graduate,NA,16,1,1,1,1,1,1,0,0,0,0,0,0,0,0,0,no,0,0,0,0,0,0,0,0,0,0,0,0,0,0,0,0,15,6,56.5,5,12,13,56.5,2.1,21,12,60.2,2.3,18,11,58,3.1,12,13,58,2.67,13,10,54.3,2.8,1.35255,0.43,1.704,0.55,2.924693352100097,-3.2444085276166446,-2.095196421374652,5.726847586810967,4.534166832062796,3.3358807659620906,-3.6977980108015913,-2.4037242905245595,4.874904651796123,5.236879535869075,3.7204319479783448,16.38,5.492165902411772,15.66,2.2064138775352675,15.08,6.035181790569113,10.36,NA,NA,4.687711952128932,9.14,17,0,78,2,0,5
R741056,completed,hmp_active,56,Woman,White,Yes,no,above_median,college_graduate,NA,27,1,1,1,1,1,1,1,0,1,1,0,1,0,0,0,no,0,0,1,0,0,0,0,0,1,0,1,0,0,0,0,0,12,5,76.8,3,18,14,81.5,2.2,NA,NA,NA,NA,17,11,76.6,2.4,18,16,75.2,2.9,7,2,58,7.4,0.8839499999999999,0.31,0.8094,0.55,2.9296107105575384,1.3518762874442032,-2.033233601645288,-2.033233601645288,4.3383782455865685,2.935365230277961,-2.869770606679705,-2.105966760417278,-2.105966760417278,2.566862074044628,0.236782535943309,10.29,1.3656567367169363,6.67,NA,NA,2.5380964423013763,10.26,NA,NA,0.2828886897557063,8.7,10,0,0,14,0,0
R827628,completed,hmp_full,26,Woman,White,Yes,no,above_median,college_graduate,NA,18,1,0,1,1,1,1,NA,NA,NA,0,0,0,NA,NA,NA,no,0,0,0,0,0,0,0,0,NA,NA,NA,NA,NA,NA,NA,NA,12,13,50.2,5,NA,NA,NA,NA,4,8,48.8,7.2,NA,NA,NA,NA,NA,NA,NA,NA,NA,NA,NA,NA,NA,NA,NA,NA,NA,NA,NA,NA,NA,NA,NA,NA,NA,NA,2.591382012310937,5.26,NA,NA,NA,NA,NA,NA,NA,NA,NA,NA,4,19,5,0,0,0
R677703,completed,uc,26,Woman,White,No,yes,above_median,not_college_graduate,NA,13,1,1,1,1,1,1,0,0,0,0,0,0,0,0,0,no,0,0,0,0,0,0,0,0,0,0,0,1,0,0,0,0,14,10,49.5,7,13,10,59.1,6.7,14,17,65.3,7.4,17,12,56.1,5.4,12,12,56.5,4.9,13,17,55.8,6.1,0.11714999999999999,0.835,0.1065,1.42,NA,NA,NA,NA,NA,NA,NA,NA,NA,NA,1.7667264285674555,8.91,2.550457528464989,10.34,0.1950000717773518,9.52,0.3274832137817935,4.65,0.3906090796661209,3.94,3.0398749076994065,5.74,NA,NA,NA,NA,NA,NA
R191143,completed,hmp_active,38,Woman,White,Yes,no,above_median,college_graduate,NA,18,0,0,0,1,0,1,1,1,1,1,1,1,1,1,1,no,0,0,0,1,0,1,0,1,0,0,0,0,0,0,0,0,11,6,56.5,6.2,9,6,44.2,5.5,9,5,46.3,6,6,5,41.1,7.2,8,5,56.5,7.4,7,6,56.5,6.8,7.497599999999999,0.77,1.7785499999999999,0.415,2.841602763479366,-2.3799447105861713,-2.067840194051078,4.661983876438397,6.437887519255881,3.0300810229153057,-2.697239795793069,5.365560925013973,6.517241691907895,6.124819130685982,6.964605834395051,9.68,NA,NA,2.595059816988612,11.93,NA,NA,NA,NA,5.1356874173507006,7.11,0,0,0,0,0,0
R150573,completed,hmp_full,30,Woman,White,Yes,no,above_median,college_graduate,NA,9,1,1,1,1,1,1,0,0,0,0,0,0,0,0,0,no,0,0,0,1,0,0,0,0,0,0,0,0,0,0,0,0,9,11,54.3,4.6,7,11,41.1,4.8,3,6,42.7,5.6,2,2,44.7,6.5,2,3,48.8,7.4,0,1,41.1,8,0.64965,0.22499999999999998,0.45794999999999997,0.4,NA,NA,NA,NA,NA,NA,NA,NA,NA,NA,0.1930036302920418,1.46,6.283052141114948,11.64,2.566943344638927,9.13,1.6308858730351543,7.56,1.4366519280222412,9.05,4.246002240688529,3.63,16,30,5,25,120,5
R920711,completed,hmp_active,22,Woman,White,Yes,no,below_median,college_graduate,NA,9,1,0,1,0,1,1,0,1,1,0,1,1,0,1,1,yes,0,0,0,0,0,0,0,0,NA,NA,NA,NA,NA,NA,NA,NA,3,5,62,5.4,4,7,62,3.4,15,13,68.7,3.3,11,16,71.7,3.2,12,8,66.7,3,6,8,67.7,4,NA,NA,NA,NA,NA,NA,NA,NA,NA,NA,NA,NA,NA,NA,0.1707215588601491,10.77,1.1385124916053428,8.4,5.702666411407971,11.18,5.962112283133045,9,4.455777598691791,7.73,6.044666583748584,10.74,15,0,0,0,0,0
R317454,completed,uc,48,Woman,White,Yes,no,below_median,college_graduate,NA,7,1,1,1,1,1,1,1,0,0,1,0,0,1,0,0,yes,0,0,1,0,0,0,0,0,0,0,1,0,0,0,0,0,11,8,55.8,5.5,8,8,52.7,5.8,9,8,52.7,5.4,9,7,54.3,5.6,9,8,59.4,4.2,7,2,48.8,6.3,1.1076,0.16,0.41535,0.41500000000000004,NA,NA,NA,NA,NA,2.8884948178604106,0.5914763747199223,-2.1966823927443295,3.970834098144012,3.3601456689552087,3.516675895624241,12.22,0.4229278540746636,9.76,2.6879800730966874,6.62,0.3481340810222564,3.74,6.707336084924235,14.12,0.2456108195308917,5.36,NA,NA,NA,NA,NA,NA
R188393,completed,uc,47,Woman,White,Yes,no,below_median,college_graduate,NA,11,0,1,1,1,0,1,1,1,0,1,1,0,1,1,0,no,0,0,0,0,0,0,0,0,0,0,1,0,0,0,0,0,9,8,54.3,6.5,12,1,67.4,3.9,11,5,45.2,5.3,9,6,59.4,5.4,14,12,59.4,5.5,14,6,64.1,5.9,0.30884999999999996,0.33,0.28755000000000003,0.61,NA,NA,NA,NA,NA,NA,NA,NA,NA,NA,5.775758262395595,9.48,3.6556248690780655,12.56,1.0411513167403363,9.94,0.3500501515344454,6.59,6.778388182195178,4.48,4.676808359297196,7.95,NA,NA,NA,NA,NA,NA
R450197,completed,hmp_active,53,Woman,White,Yes,no,below_median,college_graduate,NA,5,1,0,1,0,1,1,0,0,0,0,0,0,0,0,0,no,0,0,0,0,0,1,0,1,0,0,1,0,0,0,0,0,3,2,57.9,8.5,2,4,54.3,8.7,2,1,46.3,8.9,0,1,32.2,9.1,0,0,38.8,9.5,0,1,39.5,9.4,0.3408,0.23,0.6070499999999999,0.21000000000000002,3.154794529393855,-2.4088139989146993,-1.7535278822772153,2.8812011059524205,4.572621590877883,3.011091813649395,-2.2164014355557535,-1.6985698541110916,6.7965822064282655,4.489694268971498,NA,NA,5.34012340365072,7.95,0.1930708411935091,4.31,1.8311392672220517,10.97,NA,NA,2.369586091442729,4.24,0,0,0,0,0,0
R174571,completed,hmp_active,27,Woman,White,Yes,no,above_median,college_graduate,NA,10,1,0,1,0,1,1,1,0,0,1,0,0,1,0,0,no,0,0,0,1,0,0,0,1,0,0,0,0,0,0,0,0,4,7,55.6,7.1,3,6,55.8,6.9,4,6,54.3,7.4,4,5,54.3,7.3,4,7,54.3,7.2,5,5,57,8.2,3.7381499999999996,0.51,3.5144999999999995,0.56,NA,NA,NA,NA,NA,NA,NA,NA,NA,NA,5.066146439419357,5.16,3.2640448939425526,8.18,4.029766959171277,12.02,6.257823273931111,8.66,0.2013484655154399,6.63,1.2952107305961655,5.31,21,0,0,0,0,0
R448162,completed,hmp_full,24,NA,NA,NA,info_not_provided,below_median,NA,NA,11,1,0,1,0,1,1,0,0,0,0,0,0,0,0,0,no,0,0,0,0,0,0,0,0,0,0,0,0,0,0,0,0,8,9,62.5,8.7,5,2,60.6,7.9,9,6,56.3,7.5,10,3,65.7,8.4,11,1,55.8,7.1,9,6,61.3,4.8,0.35145,0.21,0.24495,1.3,NA,NA,NA,NA,NA,NA,NA,NA,NA,NA,3.462937806246116,6.54,0.4084628589969773,11.26,2.140896024105702,4.79,0.7674329915475426,3.23,2.9733476450881384,7.96,5.223227336272505,12.7,9,50,0,0,0,0
R563457,completed,hmp_full,60,Man,White,Yes,no,above_median,college_graduate,NA,8,1,0,1,1,1,1,1,0,0,1,0,0,1,0,0,yes,1,0,0,1,0,1,0,0,1,0,1,1,0,0,0,0,7,4,54.3,5.6,7,4,52,5.5,NA,NA,NA,NA,7,4,52,5.3,7,5,55.8,5.8,8,4,54.3,5.2,0.5964,0.56,0.69225,0.865,2.707180304530726,6.834817105772343,-1.5294637334111898,7.276361079492417,-1.5294637334111898,3.1191640695763327,4.9406514015474166,-1.6643742981640455,6.163265248202377,-1.6643742981640455,0.2077955358783318,3.75,5.432878413712103,9.35,NA,NA,0.3728811870104954,6.85,0.1925394349117572,4.14,0.289631705428199,8.51,12,30,23,3,0,10
R467114,completed,hmp_active,62,Woman,White,Yes,no,below_median,college_graduate,NA,6,1,0,1,0,1,1,NA,NA,NA,0,1,0,NA,NA,NA,no,0,0,0,0,0,0,0,0,NA,NA,NA,NA,NA,NA,NA,NA,7,2,47.4,8.12,NA,NA,NA,NA,NA,NA,NA,NA,NA,NA,NA,NA,NA,NA,NA,NA,NA,NA,NA,NA,NA,NA,NA,NA,NA,NA,NA,NA,NA,NA,NA,NA,NA,NA,2.9258130463792598,8.41,NA,NA,NA,NA,NA,NA,NA,NA,NA,NA,5,0,0,4,0,0
R118045,completed,hmp_active,22,Woman,White,Yes,no,below_median,college_graduate,NA,14,0,0,0,1,1,1,NA,NA,NA,0,0,0,NA,NA,NA,yes,0,0,0,0,0,0,0,0,NA,NA,NA,NA,NA,NA,NA,NA,15,14,54.3,5.4,14,13,64.7,4.9,16,15,57.9,3.9,NA,NA,NA,NA,NA,NA,NA,NA,NA,NA,NA,NA,NA,NA,NA,NA,NA,NA,NA,NA,NA,NA,NA,NA,NA,NA,3.300660940515096,5.8,5.234593602045517,9.35,6.4795953216327415,1.88,NA,NA,NA,NA,NA,NA,14,0,0,0,0,0
R288650,completed,uc,20,Woman,White,No,yes,above_median,not_college_graduate,NA,5,1,0,1,1,1,1,1,1,0,1,1,0,1,1,0,no,0,0,0,0,0,1,0,0,0,0,0,0,0,0,0,0,3,18,38.8,7.2,4,19,44.2,7.7,5,16,37.6,6.7,NA,NA,NA,NA,3,18,28.5,7.6,5,12,38,5.8,0.56445,0.29,0.6816,0.31,2.8233139332445547,-3.203206287100695,-2.2668967439385956,7.896683263689944,3.5881751782638314,2.396891050722813,-2.4339014104721035,-1.6449787491799155,8.559316852026898,1.5738970756882853,2.625072013534276,17.25,2.461252789929281,10.26,3.729339352470221,6.83,NA,NA,0.1845431370328963,8.75,3.075819262118198,9.77,NA,NA,NA,NA,NA,NA
R834723,completed,hmp_full,36,Man,more_than_one,No,no,below_median,not_college_graduate,NA,11,1,0,1,1,1,1,0,0,0,0,0,0,0,0,0,no,0,0,0,0,0,0,0,0,0,0,0,0,0,0,1,0,10,5,54.3,6.9,7,5,52.7,6.9,7,6,52.7,7.2,5,6,56.5,7.6,6,5,57.9,7.8,4,6,46.3,7.3,0.2982,0.15,0.62835,0.73,3.296117811383951,-0.9265429563576193,-3.2501627852251476,6.910019142136272,3.400116263362275,3.3080798761672874,-4.5217765299100865,-3.2819184182112022,7.519471837885803,2.793427612877482,1.723259896201588,6.58,0.9676490581137728,5.88,3.032545565248066,7.04,1.6974583340131335,2.99,3.72890694868319,7.5,3.456046011230094,12.12,12,40,5,0,0,0
R281278,completed,uc,55,Woman,White,Yes,no,above_median,college_graduate,NA,9,1,0,1,0,1,1,0,0,0,0,0,0,0,0,0,yes,0,0,0,0,0,0,0,0,0,0,0,1,0,0,0,0,7,7,59.4,5,9,8,61.2,5.9,6,9,65.9,5.6,5,7,63,5.5,6,7,63,6.3,8,7,64.1,4.1,3.8552999999999997,1,2.4920999999999998,0.78,3.0724392754991015,2.5523495644688445,-1.8450025204268274,4.663766616544854,3.807486659841823,2.9671484808304958,2.2452533729798807,-1.5382396275190908,4.876857331652505,-1.5382396275190908,3.547700114884507,7.38,2.0211661313872,8.77,2.310334477000687,2.76,0.4800022987183082,4,2.7113043645164545,6.52,2.8892871137185216,7.78,NA,NA,NA,NA,NA,NA
R783336,completed,hmp_active,39,Man,White,Yes,no,above_median,college_graduate,NA,6,1,0,1,0,1,1,1,0,0,0,0,0,0,0,0,no,0,0,0,0,0,0,0,0,0,0,0,NA,0,0,0,0,7,6,55.8,6.1,5,6,48.8,7.7,0,1,44.2,8.3,2,5,46.3,7.5,1,4,43.2,7.4,3,2,47.9,8.7,0.33015,0.33,0.71355,0.51,3.351714498264021,1.2581492305549884,1.462653671092336,7.599704632381131,3.2532787102497798,3.2066489562785785,-4.474055087737582,-3.3173442685933603,7.183357590864818,3.897160145557783,NA,NA,0.9753960215326574,5.43,0.1685406857392318,2.65,1.680477831571181,2.78,0.2144800758122136,0.84,NA,NA,7,0,0,0,0,0
R530488,completed,hmp_active,33,Woman,White,Yes,no,below_median,college_graduate,NA,6,1,1,1,0,1,1,1,0,0,1,0,0,1,0,0,yes,0,0,0,0,0,0,0,0,0,0,0,0,0,0,0,0,6,5,50.4,5.9,18,11,57.9,5.5,7,4,59.5,6.9,6,4,55.8,6.7,8,4,49.5,7.1,3,2,43.2,6.7,1.0436999999999999,0.535,0.213,0.52,3.0713431437820726,-2.474612747404113,-1.96621149099522,6.149010481567109,1.0783109467282028,2.2004837247565883,5.105673242244915,-1.0775692682899822,-1.0775692682899822,-1.0775692682899822,0.9778907482872036,3.03,3.699413120295857,10.65,1.557189551956309,10.71,2.602601949807381,13.92,5.18698965953104,11.33,2.241444864326191,4.49,18,0,0,37,0,0
R284544,completed,hmp_active,35,Woman,White,Yes,no,above_median,college_graduate,NA,10,1,0,1,1,1,1,0,0,1,0,0,1,0,1,0,no,1,0,0,0,0,1,0,1,0,0,0,0,0,0,1,0,14,7,62,6,10,7,66.7,6.6,11,8,63.7,6.6,11,9,64.1,5.1,11,7,62.3,6.2,5,5,54.3,7.1,16.56075,1.24,19.020899999999997,2.31,2.773232672863583,2.5907210743236027,-1.6212786140457425,6.701601407724162,3.520384942456918,2.7441193339599947,-2.3875853963450067,-1.7281220207270112,5.779019059000597,5.309783942720171,0.2552723853361972,6.67,0.2106384887486936,0.99,0.2467728495089782,5.23,8.671362646573188,3.3,0.1773926912750399,8.2,8.361838004467154,1.1,25,0,0,0,0,0
R828066,completed,hmp_active,46,Woman,more_than_one,No,no,below_median,college_graduate,NA,6,1,0,1,0,1,1,0,0,0,0,0,0,0,0,0,yes,0,0,1,0,0,0,0,0,0,0,0,0,0,0,0,0,10,5,57.9,4.2,NA,NA,NA,NA,6,7,55.6,5.3,8,7,53.5,4.5,5,4,52.7,3.8,3,4,63,5.7,12.0132,1.2,17.22105,1.11,2.5388254791270306,-1.808831431117706,-1.3350942930135647,4.94342713115228,-1.3350942930135647,2.689201321326029,1.362148798904016,-1.4672830168798872,3.894009148829538,0.9306122559184834,1.9414000286611248,7.53,NA,NA,3.413578455096496,5.2,2.8310426981917747,9.58,1.8600178262700269,7.77,3.854087046453381,8.3,17,0,0,3,0,0
R451314,completed,hmp_active,23,Woman,White,Yes,no,below_median,college_graduate,NA,7,1,0,1,1,1,1,1,0,0,1,0,0,1,0,0,no,0,0,0,0,0,0,0,0,1,0,0,0,0,0,0,0,11,15,41.1,8.2,4,10,41.1,6.9,4,3,41.1,7.7,5,6,44.2,7.8,2,6,42.7,8.4,9,7,41.1,7.3,4.03635,0.42,8.18985,0.67,2.6895944502456492,0.9953206361083404,-1.7285132008173418,7.446717994045273,-1.7285132008173418,2.6023723158280014,0.5720728988553181,-1.6023377059806592,7.977564219757333,-1.6023377059806592,5.776194904234657,7.6,1.094095199616928,15.79,NA,NA,NA,NA,NA,NA,2.719556670745539,14.63,8,0,0,0,0,0
R631960,completed,uc,39,Man,White,Yes,no,above_median,college_graduate,NA,6,0,0,0,0,0,0,NA,NA,NA,1,0,1,1,1,0,no,0,0,0,0,0,0,1,0,NA,NA,NA,NA,NA,NA,NA,NA,6,7,50.4,8.2,7,5,46.3,7.5,NA,NA,NA,NA,NA,NA,NA,NA,9,5,54.3,7.2,NA,NA,NA,NA,NA,NA,NA,NA,NA,NA,NA,NA,NA,NA,NA,NA,NA,NA,3.2228228969163077,4.9,NA,NA,NA,NA,NA,NA,6.061114913918013,2.65,NA,NA,NA,NA,NA,NA,NA,NA
R101443,completed,hmp_full,32,Woman,Black,No,no,below_median,college_graduate,NA,12,1,0,1,0,1,1,0,1,0,1,1,0,NA,NA,NA,yes,0,0,0,1,0,0,0,0,0,0,0,1,0,0,0,0,9,7,52.7,7.5,11,10,49.5,5.2,NA,NA,NA,NA,6,9,53.2,7.2,NA,NA,NA,NA,7,12,52,7.5,0.92655,0.38,2.13,0.68,2.9723710298977193,-2.3282894415979483,-1.6964650226260631,6.819327187874546,4.322128191870172,2.8064783739964363,-2.447284851310728,-1.9088753867837291,6.903223722173609,3.7436137934849216,0.2486452846576118,7.07,1.089794378854351,4.79,NA,NA,4.304640423310258,11.31,NA,NA,0.2274623847603018,2.94,7,32,0,0,0,0
R349973,completed,uc,58,Man,White,Yes,no,above_median,college_graduate,NA,11,1,0,1,1,1,1,0,0,0,0,0,0,0,1,0,no,0,0,0,0,0,0,0,0,0,0,0,0,0,0,0,0,10,10,54.3,6.1,7,6,61.2,5.8,6,5,65.3,5.5,5,6,61.2,4.78,8,7,62,4.5,6,4,59.1,6.5,NA,NA,NA,NA,NA,NA,NA,NA,NA,NA,NA,NA,NA,NA,0.6289710847791654,5.17,0.6810218863150309,11.17,2.822658212574992,1.61,NA,NA,NA,NA,0.7425928100028609,8.5,NA,NA,NA,NA,NA,NA
R714922,completed,hmp_active,33,Woman,White,No,yes,above_median,college_graduate,NA,10,0,0,0,0,0,0,0,0,0,0,0,0,0,0,0,no,1,1,0,0,0,0,1,0,0,0,0,1,0,0,1,1,9,15,63,6.4,12,20,62,6.6,11,19,62,6.5,11,18,63,6.8,17,17,62,3.9,19,17,64.1,4.4,0.11714999999999999,1.12,0.4366499999999999,1.17,NA,NA,NA,NA,NA,NA,NA,NA,NA,NA,1.839768076101062,5.31,3.217958033154584,7.65,4.648169412188648,11.46,2.9635315568788525,7.49,2.865454730891096,6.37,3.82772299241931,9.49,15,0,0,1,0,0
R207713,completed,hmp_full,53,Man,White,Yes,no,below_median,not_college_graduate,NA,5,0,0,0,0,0,0,0,0,0,0,0,0,0,0,0,no,0,0,0,0,0,0,0,0,0,0,0,0,0,1,0,0,5,4,54.3,6.9,5,5,58,6.3,4,6,57.9,6.4,6,5,57.9,6.6,4,4,61.9,6.1,5,4,57.1,6.1,0.18105000000000002,0.2,0.35145,0.58,2.9351374441636735,-3.172798775192509,-2.218322905493793,6.34173818614962,2.314276587659463,3.0751612759992364,0.8980075576167397,-2.3650044923155757,5.832809539905626,1.7458693718577356,3.91077093622835,8.16,2.3990627092699026,9.15,1.4559861102013592,16.13,NA,NA,2.8594110490762383,9.57,4.171209962673436,8.39,22,45,24,87,270,0
R511277,completed,uc,60,Woman,White,Yes,no,below_median,college_graduate,NA,7,1,1,1,1,1,1,0,1,0,0,1,0,0,1,0,no,0,0,0,0,0,0,0,0,0,0,1,0,0,0,0,0,7,3,60.5,4.4,9,3,68.1,5.2,9,3,63,5.6,3,2,59.4,6.2,6,0,64.5,6.5,8,6,68.9,5.1,1.97025,0.575,1.54425,1.33,2.2650256764036283,-1.9621448774934285,-1.3028160882932842,7.587456751086962,1.8326781276358655,3.109448338372325,-2.802569238957839,-2.0633332273100917,5.8358202560330055,2.628014654919052,4.199647631508971,12.94,3.8603862340096287,9.09,3.3124866675535403,5.62,NA,NA,2.208546683988335,7.07,2.103741241360172,9.73,NA,NA,NA,NA,NA,NA
R530513,completed,hmp_active,33,Woman,White,Yes,no,below_median,college_graduate,NA,15,1,1,1,1,1,1,0,0,0,0,0,0,0,0,0,no,0,0,0,0,0,0,0,0,1,0,1,0,0,0,0,0,8,5,52.7,4.4,9,4,61.3,6.3,5,4,46.3,6.8,6,6,60.2,6.4,9,4,64.1,7.1,6,4,50.2,6.9,0.0639,1.33,0.20235,5.8149999999999995,3.213937936443888,-2.3952806734617655,-1.8687217279840764,5.1691842354631055,3.272941828518584,2.9252875092544453,5.235288138542073,-1.7875104182955854,7.5977072035853155,-1.7875104182955854,NA,NA,5.592501957329321,2.83,0.1955749262343418,1.89,2.414444081792176,8.28,3.650024821688333,2.91,0.3907683732138063,7.96,22,0,0,0,0,0
R860473,completed,hmp_full,62,Woman,White,Yes,no,above_median,college_graduate,NA,14,1,0,1,1,1,1,0,1,1,0,1,0,0,1,1,yes,0,0,0,0,0,0,0,0,0,0,1,0,0,0,0,0,11,3,65.6,6,NA,NA,NA,NA,NA,NA,NA,NA,8,3,55.6,7.1,13,8,54.3,6.5,21,19,63,2.6,0.4047,3.46,1.26735,3.97,2.885647796709253,-2.124125871593912,-1.9005537642642971,7.526751107949379,3.1298841571281377,2.7382532959971613,4.064295693170539,-1.5561381757065051,2.451195009525966,2.4141537378456164,3.3336742500850995,7.18,NA,NA,NA,NA,2.9626372878159177,9.47,NA,NA,NA,NA,7,7,25,26,5,345
R963476,completed,hmp_full,58,Woman,White,Yes,no,above_median,college_graduate,NA,5,1,0,1,1,1,1,1,0,1,1,0,1,1,0,1,no,0,0,0,0,0,0,0,0,0,0,0,0,0,0,1,0,5,4,50.3,5.9,6,3,47.9,6.3,8,4,57.8,5.6,5,4,48.3,7.7,3,3,50.6,8.3,1,3,47.9,8.3,2.343,0.22,3.0033,0.525,3.097152423592555,1.0229590557529038,-1.924448157866295,7.002865953194301,4.331301883887072,3.1203550009125216,-2.6395772795627437,-1.8771028990333614,6.749303377356193,5.349106111067311,1.5791220064839309,11.32,0.2127339194967863,13.89,2.75917223366672,12.87,0.1881834724565154,7.81,5.650769627677749,13.83,3.266339171953737,10.56,13,0,55,11,0,125
R357879,completed,hmp_full,41,Woman,White,Yes,no,above_median,college_graduate,NA,7,0,0,0,0,0,0,NA,NA,NA,0,0,1,NA,NA,NA,no,0,0,0,0,0,0,0,0,NA,NA,NA,NA,NA,NA,NA,NA,3,6,67.7,7.4,NA,NA,NA,NA,NA,NA,NA,NA,NA,NA,NA,NA,NA,NA,NA,NA,NA,NA,NA,NA,NA,NA,NA,NA,NA,NA,NA,NA,NA,NA,NA,NA,NA,NA,0.45262175431829,4.39,NA,NA,NA,NA,NA,NA,NA,NA,NA,NA,1,0,0,0,0,0
R348260,completed,hmp_full,62,Woman,White,Yes,no,above_median,college_graduate,NA,7,1,1,1,1,1,1,1,1,0,0,1,0,0,1,0,no,0,0,0,0,0,1,0,0,0,0,0,0,0,1,0,0,4,3,51.8,6.7,15,9,65.5,2.4,14,12,58.7,3.5,16,10,55.6,2.3,13,8,55.8,2.3,21,9,61.3,1.9,0.4047,0.165,1.43775,0.32,2.7727945117031427,-2.088548330368207,-1.7887992119721834,1.7077083494942968,0.6090960608261873,2.677659508362823,1.2105536889670543,-1.552275841224564,6.8985638496416515,3.541474359582198,5.272029426015235,12.02,4.367100427142831,6.67,3.4188435113820583,12.05,3.6406646121053328,10.33,4.493273375042266,10.07,NA,NA,2,15,8,0,0,0
R782954,completed,hmp_active,23,Woman,Asian,No,no,above_median,college_graduate,NA,11,0,1,1,0,0,0,0,0,0,1,0,0,1,0,0,no,0,0,0,0,0,0,0,0,0,0,0,0,0,0,0,0,8,2,56.5,8.6,5,0,46.3,8,4,2,46.3,7.8,5,0,38.9,8.5,2,2,42.7,8.8,3,1,52.7,8.6,3.48255,0.29,2.82225,1.09,2.6977462908175465,4.499027231238863,-1.713829877049974,7.343009603940446,-1.713829877049974,2.4599215550583815,0.2904730388415999,-1.3627084897542452,7.909573283762121,-1.3627084897542452,0.9641721550516472,7.8,2.891828894783908,10.45,0.8327778409313126,8.82,2.5571040424520843,10.19,1.5464107437020818,8.14,3.5921522350029247,12.08,16,0,0,1,0,0
R423662,completed,hmp_full,58,Woman,White,Yes,no,above_median,college_graduate,NA,6,0,0,0,0,0,0,0,0,0,0,0,0,0,0,0,no,0,0,0,0,0,0,0,0,0,0,0,0,0,0,0,0,8,8,64.1,6.33,5,6,61.2,7.2,5,8,63,7.3,7,8,63,7.5,7,9,63,6.9,3,4,57.1,8,1.6401,0.36,0.69225,0.09,2.9386056199406925,1.0444797306285085,4.2842845501881275,5.132087971759001,2.436095188773826,2.760491550859781,-2.490343576846473,-1.7478996140733223,5.986221689254982,4.549209705860613,8.61902627855835,5.23,2.00700781477445,7.44,3.646535101762293,4.51,1.7293140863793257,5.03,4.706683017820653,3.23,0.5821959733737645,2.76,11,27,13,25,375,0
R478075,completed,hmp_active,30,Woman,White,Yes,no,below_median,college_graduate,NA,12,1,1,1,1,1,1,NA,NA,NA,0,1,0,NA,NA,NA,no,0,0,0,0,0,0,0,0,NA,NA,NA,NA,NA,NA,NA,NA,14,8,64.1,2.9,14,14,72.4,3.7,NA,NA,NA,NA,NA,NA,NA,NA,NA,NA,NA,NA,NA,NA,NA,NA,NA,NA,NA,NA,NA,NA,NA,NA,NA,NA,NA,NA,NA,NA,NA,NA,NA,NA,NA,NA,NA,NA,NA,NA,NA,NA,3,0,0,0,0,0
R497120,completed,hmp_full,42,Woman,White,NA,NA,above_median,college_graduate,NA,8,1,0,1,0,1,1,0,0,0,0,0,0,NA,NA,NA,no,0,0,0,0,0,0,0,0,0,0,0,0,0,0,0,0,15,11,59.4,4,NA,NA,NA,NA,8,9,55.8,5.4,7,21,57.9,4.5,NA,NA,NA,NA,7,6,63,7.2,0.64965,0.235,0.3408,1.605,3.129654427375901,-2.5674771457171586,2.5654990504497612,7.050340829238657,4.3132322709213256,3.1639611070642553,-2.2331264688559487,-1.5075474052885696,6.337477011952914,5.222276665200906,2.042643263005372,10.27,NA,NA,4.38762323659958,3.52,0.3622246618562455,7.92,NA,NA,NA,NA,8,7,33,1,0,0
R350165,completed,hmp_full,34,Woman,White,Yes,no,above_median,college_graduate,NA,5,0,1,1,1,0,1,0,0,0,0,0,0,0,0,0,yes,1,0,0,0,0,0,0,0,1,0,0,0,0,0,0,0,5,6,56.5,6.2,3,7,57.9,4.8,3,5,57.9,5.2,6,5,55.8,4.8,2,2,54.3,5.1,2,2,44.2,5.7,1.35255,0.33,4.05765,0.41,2.691073969162297,-3.6712079123913384,-2.4035385750859786,7.631897868579432,0.16141078237555795,2.4524126445887524,-2.8552188634611677,-2.3617160570173596,9.21546976540651,0.8571597678508414,0.1966571576882654,4.35,2.4045069228972147,5.21,0.5106511601215045,7.77,0.5851313560428428,3.33,4.060073172017416,6.15,6.474817604772956,5.53,5,27,8,1,0,0
R645098,completed,hmp_full,58,Woman,White,Yes,no,below_median,college_graduate,NA,8,1,0,1,0,1,1,0,1,0,1,1,0,0,1,0,yes,0,0,0,0,0,0,0,0,1,0,0,1,0,0,0,1,8,6,47.9,3.9,2,5,46.3,5.1,1,2,41.1,5.6,2,2,41.1,5.89,2,5,41.1,5.56,4,3,42.7,5,3.05655,0.3,3.8659499999999998,0.53,2.459182412752645,5.597923745054864,-1.33465448882961,-1.33465448882961,-1.33465448882961,2.2873487850915892,3.67935672174742,-1.2780668034215859,6.380632754846713,-1.2780668034215859,3.505061325841136,6.17,1.810554125481612,13.48,2.7312231039765864,6.3,3.878488731755738,12.65,3.622846829886022,8.59,3.555823259024132,6.67,9,47,24,0,0,0
R301990,completed,hmp_full,25,Woman,White,Yes,no,below_median,college_graduate,NA,24,1,1,1,1,1,1,NA,NA,NA,1,1,0,NA,NA,NA,no,0,0,0,0,0,0,0,0,NA,NA,NA,NA,NA,NA,NA,NA,24,18,60.2,4.1,16,13,54.9,4.2,12,15,50.2,6.33,NA,NA,NA,NA,NA,NA,NA,NA,NA,NA,NA,NA,NA,NA,NA,NA,NA,NA,NA,NA,NA,NA,NA,NA,NA,NA,0.6223422235853163,10.73,3.623766096213568,10.55,1.7366780909717463,8.07,NA,NA,NA,NA,NA,NA,6,7,5,0,0,0
R886187,completed,hmp_active,37,Woman,White,Yes,no,below_median,not_college_graduate,NA,22,1,1,1,1,1,1,0,1,1,0,1,0,0,1,0,no,0,0,1,1,0,0,0,0,0,0,0,0,0,0,0,0,14,12,74.1,5.2,21,20,78,3,16,19,80.5,3.5,15,16,69.3,3.1,17,15,71.9,4.2,16,17,72.8,3.4,0.7561499999999999,0.52,0.8839499999999999,0.88,3.1198517285525647,-2.410464074949551,4.730266071391094,4.305862562761452,5.484325712579728,2.644204122029056,-3.412160725238074,5.189259282742258,7.922660284685807,6.8284831106639485,4.305442900129649,11.31,3.867223340767081,10.14,6.111071608879735,7.59,3.7246205268026777,8.82,4.799082107687844,9.8,5.662178253120558,11.24,14,0,0,1,0,0
R117472,completed,hmp_active,35,Woman,Asian,No,no,above_median,college_graduate,NA,22,1,1,1,1,1,1,1,1,1,1,1,1,1,1,1,yes,0,0,0,0,0,0,0,0,1,0,0,0,0,0,0,1,23,21,71.8,1,15,21,61.3,2.4,20,19,75.6,2,17,18,73.2,2.9,15,19,81.3,2.6,13,7,53.5,2.3,0.58575,0.05,0.852,0.11,2.0908261760879383,3.270521148939025,-1.4750746007861497,-1.4750746007861497,-1.4750746007861497,2.105009198668023,-2.101432895190989,-1.3071738171811222,6.105590200245441,-1.3071738171811222,NA,NA,NA,NA,NA,NA,NA,NA,NA,NA,NA,NA,13,0,0,1,0,0
R888049,completed,hmp_full,36,Woman,White,Yes,no,below_median,college_graduate,NA,6,0,0,0,0,0,0,0,0,0,0,0,0,0,0,0,no,0,0,0,0,0,0,0,0,0,0,0,0,0,0,0,0,6,2,55.8,7.6,0,0,41.1,8.9,1,0,41.1,8.8,0,0,44.2,8.8,1,1,55.8,9.1,0,0,41.1,8.8,0.8839499999999999,0.25,3.29085,0.57,2.9959978107501937,3.9824557136127443,3.212526216544928,7.151587770855431,5.965173412953686,3.1181797841053154,3.768806616856309,3.5978621646366835,5.578006675651013,4.9369898264169,1.428824973275111,7.69,0.9707691124607238,11.3,0.1902249522324527,2.96,5.398161744828521,3.75,3.3452360398686314,1.85,NA,NA,9,77,0,25,745,0
R243790,completed,hmp_active,36,Man,White,Yes,no,below_median,college_graduate,NA,9,1,0,1,0,1,1,0,0,0,0,0,0,0,0,0,no,0,0,0,0,0,0,0,1,0,0,0,0,0,0,0,0,12,9,59.4,5.4,7,8,59.4,5.7,7,7,54.3,6.1,5,4,54.3,6,4,6,46.3,5.7,6,5,55.8,6.7,3.48255,NA,1.5549,7.455,2.781184178033727,4.797073539350977,-2.0836285656512064,-2.0836285656512064,6.88017167720437,2.546536885777226,5.028879157040237,-2.0639224708753545,3.581524426767883,7.760143014683283,0.7052048610433564,6.18,2.1250128435426405,8.78,1.674691853295729,11.35,1.8521263246260369,8.94,1.1024933046948082,5.81,2.111240277345949,5.13,23,0,0,17,0,0
R958719,completed,hmp_full,52,Woman,White,Yes,no,below_median,not_college_graduate,NA,10,1,0,1,1,1,1,0,0,0,0,0,0,0,0,0,no,0,0,1,0,0,0,0,0,1,0,0,1,0,0,0,0,13,17,61.9,3.8,16,12,62,4.5,10,11,59.9,4,10,10,65.3,4.6,10,8,65.3,4,19,13,69.9,2.8,0.213,NA,0.45794999999999997,0.33,2.518299428080797,4.926384449165349,-1.1875832247011124,-1.1875832247011124,4.407128154900726,3.190101801392529,-2.7803273358300986,-1.837856550885164,6.076761158155515,4.731624869529131,2.669379187045061,6.77,2.825193634757175,3.88,1.4073597805404827,4.55,2.322248087224338,9.13,3.921647365527951,9.21,3.235014850167887,8.82,10,27,0,0,0,0
R737695,completed,uc,32,NA,White,Yes,no,above_median,not_college_graduate,NA,14,0,0,0,1,1,1,0,1,1,0,1,1,0,1,1,dont_know,0,0,0,1,0,0,0,0,1,0,0,1,0,1,0,0,12,9.33,43.3,3.6,10,8,46.8,3.4,9,8,44.4,4.1,7,7,50,3.7,0,1,32.3,5.8,10,8,46.3,4,3.6209999999999996,0.96,9.80865,1.0350000000000001,2.639390809919639,0.3880489827095923,-1.6663242577706452,3.25365666805748,1.8890238037187688,2.792966287300539,-2.5267082215921985,-1.9178880254716417,6.918631243730838,0.4800072473267287,0.6446459003518664,4.98,2.1574483359599337,5.06,0.22386561933671,6.95,2.257695296256388,5.26,0.2051572406674981,8.24,1.3198873693798925,6.11,NA,NA,NA,NA,NA,NA
R860335,completed,hmp_active,36,Woman,White,Yes,no,below_median,not_college_graduate,NA,8,1,0,1,1,1,1,0,1,1,0,1,1,0,1,1,no,0,0,0,1,0,1,0,0,0,0,0,1,0,1,0,0,7,11,61.2,5.3,8,8,55.8,4.9,10,10,65.5,5.7,10,10,62,5.7,8,15,62,6.44,9,16,67,5.4,11.36355,1.31,14.3562,14.745,2.536760433817033,0.3066063229561984,-1.6422767734086936,6.952432860435373,2.890322719744562,2.5149968004466827,-1.91027317003867,-1.4303591509261577,5.955491927199051,5.564490834906913,6.579559789051093,10.07,4.942924235243229,7.5,4.606744902407078,11.8,4.786748612344239,7.41,3.7115544461729737,7.41,2.4461277015204743,4.17,18,0,0,38,0,0
R916599,completed,uc,42,Woman,White,Yes,no,above_median,college_graduate,NA,6,1,1,1,1,1,1,0,0,0,0,0,0,0,0,0,no,0,0,0,0,0,0,0,0,0,NA,0,0,0,0,0,0,10,6,57.9,4,2,3,52.7,6.1,3,0,50.4,6.3,0,0,42.7,7.9,3,2,52.7,6.3,1,0,47.9,7.7,1.5868499999999999,0.11000000000000001,1.3418999999999999,0.35,2.4758562971415756,2.2676929330051405,-2.1248318370180455,5.211453823003252,-2.1248318370180455,2.9502070525444313,-3.7862501593134694,-2.7757525651236854,5.329252972423561,3.331270322618569,0.1996134924278927,7.57,1.4727424376632003,3.17,5.479801627913142,11.11,0.2382901241600591,12.61,4.722618868346952,6.45,NA,NA,NA,NA,NA,NA,NA,NA
R637808,completed,hmp_active,41,Woman,White,Yes,no,below_median,college_graduate,NA,16,1,0,1,1,1,1,NA,NA,NA,1,1,1,1,1,1,yes,0,0,0,0,0,0,0,0,NA,NA,NA,NA,NA,NA,NA,NA,16,8,54,5.3,11,10,57.2,4.5,9,6,56.2,5.6,14,6,53.2,5.2,15,5,56.7,6.4,NA,NA,NA,NA,NA,NA,NA,NA,NA,NA,NA,NA,NA,NA,NA,NA,NA,NA,1.5750801688227425,10,2.4464078118469663,6.99,NA,NA,NA,NA,3.092269762630818,12.58,NA,NA,14,0,0,4,0,0
R639950,completed,hmp_full,45,Woman,White,Yes,no,above_median,college_graduate,NA,11,0,1,1,1,1,1,0,0,0,0,0,0,0,0,0,yes,0,0,0,0,0,0,0,0,0,0,0,0,0,0,0,0,8,5,45.9,7.3,12,11,59.4,6.7,10,7,57.9,6,13,8,61.2,4.5,12,7,51.9,6.3,4,5,46.3,7,1.112623392,0.16093000000000002,0.9252464399999999,0.10164000000000001,2.995040099382852,0.5374385982176921,-1.8684626049153028,5.647426480299823,-1.8684626049153028,2.1644128947669263,5.370667702510934,-1.0459293785548467,-1.0459293785548467,-1.0459293785548467,3.5746268446005973,6.67,1.4802534470359243,2.44,0.2263992503536663,6.52,4.445141163358286,2.6,3.092090070787865,12.18,1.6442622177650663,5,19,37,78,8,45,10
R537937,completed,uc,55,Woman,White,Yes,no,below_median,not_college_graduate,NA,7,1,0,1,0,1,1,0,0,0,0,0,0,0,0,0,no,0,0,0,1,0,0,1,1,0,0,0,0,0,0,1,1,9,6,46.3,7.1,3,6,44.2,5.3,NA,NA,NA,NA,11,6,46.3,4.3,9,5,40.6,4.7,6,3,63,6.11,0.6816,0.42000000000000004,1.07565,0.98,3.1854571093461943,-3.004385542322214,3.116623439173039,5.50430295910981,6.018318014899468,2.9937757802442633,-3.017620525348553,-1.8892106169449479,5.3252937972061956,5.972131178655041,2.9215773029246628,7.18,NA,NA,NA,NA,3.654171757352733,10.7,5.92218564245308,3.09,2.466194403791328,12.38,NA,NA,NA,NA,NA,NA
R147660,completed,hmp_full,30,Woman,Asian,No,no,below_median,college_graduate,NA,9,1,0,1,1,1,1,1,1,0,0,1,0,1,1,0,yes,1,0,0,0,0,0,0,0,0,0,0,0,0,0,1,0,10,17,57.1,6.2,8,8,46.8,7.1,10,9,51.8,7.9,6,10,46.5,7.6,7,6,47,7.5,5,4,50.4,7.1,0.3408,0.23,0.09584999999999999,0.2,2.422731177510567,-0.16350862786939446,-1.5758681085616288,-1.5758681085616288,-1.5758681085616288,2.200013668026541,3.6032008190123523,-1.2173216681712296,-1.2173216681712296,-1.2173216681712296,3.307149239690526,13.59,2.8133485284059336,12.65,1.87402143472519,11.52,1.4698532154267965,11.3,1.9842385665334528,10.88,3.346712801771004,11.56,14,17,98,0,0,0
R602001,completed,hmp_active,57,Woman,White,Yes,no,below_median,not_college_graduate,NA,12,1,1,1,1,1,1,0,1,0,0,1,1,0,0,0,no,0,0,1,0,0,1,0,0,1,0,1,0,0,1,0,0,17,10,70,4.2,14,9,75.1,4,13,6,76.1,3.6,12,10,74.4,3.89,10,7,74.1,5,12,8,74.2,4.8,3.3334499999999996,2.705,14.8887,0.64,2.6103989278356994,5.352138489768976,-1.2499456046957278,1.968930220172473,4.489847307483506,2.965684059879776,-2.230635052452704,-1.653704233035936,7.434129464447451,6.5924673268216285,NA,NA,3.7699890030621943,9.4,NA,NA,NA,NA,3.0748603690180847,7.1,0.1539020321621072,8.47,18,0,0,0,0,0
R922712,completed,hmp_active,43,Woman,White,Yes,no,below_median,not_college_graduate,NA,22,1,1,1,1,1,1,1,1,1,1,1,1,1,1,1,yes,0,0,0,0,0,0,0,0,0,0,0,0,0,0,0,0,20,6,44.2,0.8,21,8,45.5,3.3,19,7,46.3,2.6,22,11,45.1,1.7,16,8,59.4,2.1,22,15,59.4,1.6,6.496499999999999,0.92,20.11785,2.67,3.0041696942543172,-2.2494486784242715,-1.846187890387677,7.352990416882314,5.028010605065617,2.7223317536192257,-2.5111610043077834,-1.7845094830706163,7.012283204604046,4.633855452865595,1.2554305911180472,5.49,5.5332809742222535,6.45,NA,NA,5.287262069995065,15.26,0.2385651597499082,5.92,7.692679017570538,7.75,15,0,0,12,0,0
R153005,completed,hmp_full,33,Woman,White,Yes,no,below_median,college_graduate,NA,14,1,1,1,1,1,1,1,0,0,1,0,0,1,0,0,no,0,0,0,0,0,0,0,0,0,0,0,0,0,0,0,0,16,8,62,6.1,15,9,62,5.7,11,9,62,6.3,7,5,58,7.1,12,8,59.4,6.2,11,8,62,5.6,0.5218499999999999,0.22,1.9809,0.27,2.9302437924420306,0.47795106723766345,-2.714307084952935,7.84967531586789,1.7045335228436627,3.0155420932748007,-3.2115588844278777,-2.683094835083243,7.1095170211069485,3.0372169415241688,1.5850193364870788,8.48,1.4033744685796257,7.69,0.1989987379932727,7.07,1.0257235483908371,10.82,1.7894727548859402,6.67,6.3840662883175305,12.56,11,42,28,0,0,0
R447092,completed,uc,30,Woman,Black,No,no,below_median,not_college_graduate,NA,7,1,0,1,1,1,1,0,0,0,1,0,0,1,0,0,no,0,0,0,0,0,0,0,0,0,0,0,0,0,0,0,0,5,4,54.9,7.7,NA,NA,NA,NA,7,5,57.9,6.6,6,4.67,52.7,6.3,8,5,57.9,7.2,6,3,36.6,7.7,2.899105512,0.8312700000000001,6.142705295999999,1.30801,2.8011055487613157,1.3106643392483042,-3.0530580422053575,8.469154167156603,3.7981268852883856,2.871002298600349,-3.8343416056851694,-2.507033039629299,7.145232937457823,1.2541670760642636,2.573012326141854,9.09,NA,NA,4.2212617531391645,9.15,2.540922578439419,6.54,1.3727308035818044,12.42,3.8532327905969215,11.11,NA,NA,NA,NA,NA,NA
R574356,completed,uc,43,Woman,Asian,No,no,above_median,college_graduate,NA,17,0,1,1,1,1,1,0,0,0,0,0,0,0,0,0,no,0,0,0,0,0,0,0,0,0,0,0,0,0,0,0,0,14,6,56.5,3.8,10,5,71.1,5.7,9,9,66.4,5,16,4,67.8,4.5,16,7,66.9,3.6,5,3,57.9,5.5,0.09584999999999999,0.35,0.22365,0.485,2.877839148824562,2.6374275308358794,-3.043111644268068,7.069542231651411,3.250307634578414,3.06440839360535,1.2229523578667751,-3.390012088505486,6.628543706858316,2.9289560252409483,5.210505194628057,12.05,2.451910561535727,12.12,5.3208483804561,16,5.338233854669264,12.99,4.392546470500921,16.88,3.731520381376004,15.43,NA,NA,NA,NA,NA,NA
R579420,completed,hmp_active,29,Woman,White,Yes,no,above_median,college_graduate,NA,5,1,0,1,1,1,1,0,0,0,0,0,0,0,0,0,no,0,0,0,0,0,0,0,0,1,0,0,0,0,0,0,0,11,11,52,5.4,8,9,44.4,6,6,8,50.4,6.9,10,9,48.8,6.5,7,9,50,7,6,10,56.4,6.2,0.1065,0.14,0.41535,0.13,1.906746078701059,-1.916236401180441,-1.0895754235255952,-1.0895754235255952,1.9549470141978278,2.3934525154240154,0.13512162017998453,-1.4354099969878904,1.7000842189412593,4.4861684226559255,5.940443710565104,8.22,6.155761941336087,10.17,0.3240297504155582,6.32,5.623315324910072,7.22,1.211589309884792,9.68,4.272873566481964,8.33,8,0,0,1,0,0
R490047,completed,uc,42,Woman,White,No,yes,below_median,not_college_graduate,NA,6,1,0,1,1,1,1,0,0,0,0,0,0,0,0,0,no,0,0,0,0,0,0,0,0,0,0,0,0,0,0,0,0,3,1,57.9,7.3,17,15,61.8,6.6,12,15,60.1,8.1,15,17,60,7.9,13,19,66.1,7.3,5,5,54.3,7.3,21.299999999999997,0.94,19.56405,1.6400000000000001,2.6695051358256463,0.11435629719229068,-2.1514653886591604,-2.1514653886591604,3.0470316426066653,3.124873198554618,-3.8473664279888617,-2.593535117212475,7.670943053329987,2.5244586952042805,0.1724064600597409,5.76,5.465137143434143,11.54,3.9162444489634023,9.93,1.2679732392459564,4.21,1.5584571649510837,7.04,0.2422497106828817,5.93,NA,NA,NA,NA,NA,NA
R742797,completed,hmp_active,40,Woman,White,Yes,no,above_median,college_graduate,NA,8,1,0,1,1,1,1,0,0,0,0,0,0,0,0,0,no,0,0,0,0,0,0,0,0,0,0,0,0,0,0,0,0,10,10,63,3.9,9,8,59.4,7.8,8,8,59.4,7.1,9,9,59.4,6.8,9,6,64.1,6.9,8,9,63,6.11,15.304049999999998,0.75,2.9606999999999997,1.325,3.139746600240924,4.13963685722287,5.169748097788975,6.842050381361528,1.0970650323480546,2.7850985541606827,-2.091392873338613,-1.5056937936272639,7.4942958488334614,0.6915307837089557,6.072848765854187,2.38,2.2637553768730734,8.57,NA,NA,NA,NA,NA,NA,NA,NA,8,0,0,2,0,0
R660966,completed,hmp_full,59,Man,White,Yes,no,below_median,not_college_graduate,NA,6,1,0,1,0,1,1,0,0,0,0,0,0,0,0,0,no,0,0,0,1,0,0,0,0,1,0,0,0,0,0,0,0,3,6,55.8,7.2,3,7,55.8,7.3,3,9,60.2,7,4,11,57.9,7.78,4,7,55.8,7.7,3,5,46.3,7.5,3.5144999999999995,1.2,1.5335999999999999,0.74,1.6673172736900974,2.248473772954483,-1.1047391962101942,-1.1047391962101942,2.50617871643403,2.8412789139563417,-2.998394113864307,-1.9016568089436627,3.729554972877702,3.411549170098124,2.958758025584551,6.8,0.5099657168488317,6.25,3.8156219783417376,6.04,2.718961833941804,4.46,0.4805400141634944,2.5,2.092732028140892,4.78,14,35,8,9,25,0
R839444,completed,uc,57,Woman,White,Yes,no,below_median,not_college_graduate,NA,27,1,1,1,1,1,1,1,1,1,1,1,1,1,1,1,yes,0,1,1,0,0,0,0,0,0,0,0,0,0,0,0,0,24,19,69.3,1.4,24,21,68.4,2.2,24,17,71.6,1.4,20,21,70.6,1.3,24,20,68.4,1,20,12,72.8,3.22,0.6389999999999999,0.77,0.6176999999999999,1.395,3.258906683096796,-2.5809313938676137,-1.9042595320152755,6.472061100519546,5.30285932419248,2.3306619642205684,3.3395601932221908,-1.3947209578232753,6.242031154612504,-1.3947209578232753,4.407505130557057,0.59,NA,NA,NA,NA,2.049473213094622,12.94,0.2884623051927837,2.44,NA,NA,NA,NA,NA,NA,NA,NA
R771904,completed,hmp_full,23,Woman,White,No,yes,below_median,college_graduate,NA,12,1,0,1,1,1,1,0,1,0,0,0,0,0,0,0,no,0,0,0,0,0,0,0,0,0,0,0,0,0,0,0,0,14,6,54.3,5.8,8,7,49.5,7.2,8,6,46.3,6.9,8,6,46.3,6.8,9,5,38.9,6.9,8,6,54.3,6.2,0.33015,0.71,0.77745,0.36,2.0988994146869087,-2.043381589284585,-1.2207547051687138,8.04587147781806,-1.2207547051687138,2.4257136607385097,-2.371672529533357,-1.4721571661198172,7.676839575615313,-1.4721571661198172,4.061373389097311,6.09,0.4385231166617563,7.58,4.350532798358088,3.45,1.5616786623440544,4.96,4.267811246002859,6.71,0.1882028474336709,4.79,17,37,8,0,0,0
R979541,completed,uc,44,Woman,Black,No,yes,below_median,not_college_graduate,NA,10,0,1,1,1,0,1,0,1,0,0,0,0,0,0,0,no,0,0,0,0,0,0,0,0,0,0,0,0,0,0,0,0,14,19,51.9,6.4,9,6,48.9,6.4,4,3,56.5,7,8,9,58.2,6.5,3,5,52.7,7,0,0,54.9,5.6,0.6389999999999999,0.22,2.2152,0.88,3.394985562544895,1.1012200831351304,-3.7514970099519904,5.5160739954784646,4.20462934126151,2.975445577222523,3.346869867434388,-3.5674082164879817,2.085080963780669,5.134603411920798,1.9780316091190957,8.02,1.2933477023431128,10.23,NA,NA,1.4070084843604562,14.05,0.1873129608032764,10.33,NA,NA,NA,NA,NA,NA,NA,NA
R631912,completed,hmp_active,28,Man,Black,No,no,below_median,college_graduate,NA,14,1,1,1,1,1,1,NA,NA,NA,1,0,0,NA,NA,NA,no,0,0,0,0,0,0,0,0,NA,NA,NA,NA,NA,NA,NA,NA,12,6,71.5,3.7,NA,NA,NA,NA,NA,NA,NA,NA,NA,NA,NA,NA,NA,NA,NA,NA,NA,NA,NA,NA,NA,NA,NA,NA,NA,NA,NA,NA,NA,NA,NA,NA,NA,NA,5.287442004412164,8.16,NA,NA,NA,NA,NA,NA,NA,NA,NA,NA,1,0,0,0,0,0
R936762,completed,hmp_full,39,Woman,White,Yes,no,above_median,college_graduate,NA,9,1,1,1,1,1,1,1,0,0,0,0,0,1,0,0,no,0,0,1,0,0,0,0,0,0,0,1,0,0,0,0,0,6,8,59,6.3,12,7,62,6.6,10,6,63.7,6.1,6,14,60.7,5.7,8,13,59.4,5.9,5,4,61.2,6.8,21.299999999999997,0.39,0.8839499999999999,0.33499999999999996,2.5193808383505307,-3.866813130273878,-2.849449692809811,7.954707210697515,4.214454268662258,2.8129706651573785,-3.778510810510165,-3.0239293342250195,7.679652155782751,3.087538005277659,5.539917908489844,7.77,2.6457819135678293,10.49,2.4760359042764746,8.76,1.5971514998620218,12.18,4.114459371141318,9.09,1.9007083927686783,15.53,14,47,0,0,0,0
R209416,completed,hmp_full,23,Woman,White,Yes,no,below_median,college_graduate,NA,9,1,0,1,1,1,1,0,0,0,1,0,0,0,0,0,no,0,0,0,0,0,0,1,0,0,0,0,0,0,0,0,0,11,11,57.1,8.4,12,16,61.2,8.6,13,14,57.1,8.2,11,12,57.1,8.4,9,9,57.9,8.3,11,15,59.4,8,9.201600000000001,0.59,4.26,0.5700000000000001,2.9923722508730886,-2.7634103822827036,-2.0657718084568275,6.288667131657984,5.97564110093622,2.8368644955224633,-1.9077618258302693,-1.4649372932372322,7.578994240405045,6.769627700029903,0.2509988975692563,9.77,0.3650251085342691,9.94,1.2619487485372844,6.17,2.6501320344378207,1.08,0.45931264772808,3.85,4.439822623664265,7.46,10,10,26,1,0,0
R710726,completed,hmp_full,37,Woman,White,Yes,no,above_median,college_graduate,NA,10,0,0,0,1,1,1,NA,NA,NA,0,0,0,NA,NA,NA,yes,0,0,0,0,0,0,0,0,NA,NA,NA,NA,NA,NA,NA,NA,7,7,41.1,6.5,NA,NA,NA,NA,NA,NA,NA,NA,NA,NA,NA,NA,NA,NA,NA,NA,NA,NA,NA,NA,NA,NA,NA,NA,NA,NA,NA,NA,NA,NA,NA,NA,NA,NA,2.814487869885437,8.57,NA,NA,NA,NA,NA,NA,NA,NA,NA,NA,6,10,8,1,10,0
R796076,completed,uc,50,Woman,White,Yes,no,below_median,not_college_graduate,NA,7,1,1,1,1,1,1,0,1,1,0,1,0,0,1,1,no,0,0,0,0,0,0,0,0,0,0,0,0,0,0,0,0,4,4,46.3,6.2,9,7,55.8,4.8,9,7,54.3,4.33,9,7,54.3,4,10,7,54.3,3.7,7,0,48.9,5,14.87805,0.46,21.299999999999997,1.19,2.6802731780462357,6.852790615401338,-1.4603845956742765,7.407042842850706,-1.4603845956742765,3.158083482559023,-2.5695107482902593,-1.967200454747685,6.5217990022977705,3.1507933576690705,0.3293595684226518,9.23,0.8925247764140699,8.26,6.008131182335825,3.83,5.4113457082339655,10.96,0.2701712012526699,3.8,0.2035722677564072,9.86,NA,NA,NA,NA,NA,NA
R204732,completed,hmp_active,47,Woman,White,Yes,no,below_median,college_graduate,NA,14,1,1,1,1,1,1,1,1,1,1,1,1,1,1,0,no,0,0,0,0,0,0,0,0,0,0,0,0,0,0,0,0,13,19,65,4.11,18,16,59.6,3.9,20,15,59.6,4.3,20,15,65.4,4.9,19,16,63,4.9,19,16,64.1,4.2,0.7667999999999999,0.359502434811551,0.9798,0.935,2.8565112559909926,1.391676153619461,-2.9163521018499616,-2.9163521018499616,8.09795624468378,2.966330243695609,2.0442740586440746,-3.0144361543755567,-3.0144361543755567,4.298117343727041,6.029847122871689,11.96,5.144965183783568,15.73,3.695702384919215,10.77,3.6666604969025047,8.11,1.1938252769095343,1.37,7.074921559119083,15.24,20,0,0,1,0,0
R492175,completed,hmp_full,25,Man,more_than_one,No,yes,below_median,college_graduate,NA,21,1,1,1,1,1,1,0,1,0,0,1,0,1,0,1,no,0,0,0,0,0,0,0,0,NA,NA,NA,NA,NA,NA,NA,NA,16,19,59.6,1.5,14,19,57.2,2.1,13,21,54.1,2.7,NA,NA,NA,NA,15,12,52.7,4,8,7,56.4,4.5,NA,NA,NA,NA,NA,NA,NA,NA,NA,NA,NA,NA,NA,NA,2.0302483414045693,4.17,5.97486461237099,10.1,2.820808337935216,14.78,NA,NA,1.1678438127626374,15.79,6.0439361111396686,15.32,15,20,90,2,0,10
R550485,completed,hmp_active,64,Woman,White,Yes,no,above_median,college_graduate,NA,24,1,1,1,1,1,1,1,1,1,1,1,1,1,1,0,no,0,1,0,0,0,0,0,0,0,0,0,0,0,0,0,0,22,12,63,3.9,22,14,57.4,4.2,23,13,60.3,5.2,22,15,61.7,5.2,22,11,59.6,4.3,20,14,63,4.8,0.23429999999999998,0.22,0.41535,0.395,2.4532632930763865,2.4230120137717406,-2.2129331226119446,7.027451370712614,5.446709831952738,2.328691104636852,1.7190943244685015,-2.1783460948088638,6.322920946057114,1.713474203301763,NA,NA,NA,NA,NA,NA,NA,NA,NA,NA,NA,NA,22,0,0,37,0,0
R130338,completed,hmp_full,36,Woman,White,Yes,no,below_median,not_college_graduate,NA,25,1,1,1,1,1,1,0,1,1,0,0,0,0,0,0,yes,0,0,1,0,0,0,0,0,0,0,1,0,0,0,0,0,23,17,63.3,2.4,18,18,60.3,1.9,3,7,45,4.6,9,16,52.7,4,14,13,53.5,5.3,6,14,38.3,5.6,0.5112,0.43,1.1502000000000001,0.635,2.488730528933496,4.538682933240715,-3.041238361389968,-3.041238361389968,3.061320233223601,3.09640044875634,2.982802965526989,-3.283773688371064,-3.283773688371064,5.0573980587996985,4.851883517380267,9.36,3.355231715452145,11.17,4.791039713340557,7.69,7.931218775505375,6.07,7.0840179820434095,7.18,2.390786257837354,12.7,8,7,20,0,0,0
R468344,completed,hmp_full,22,Woman,Asian,No,no,below_median,college_graduate,NA,7,1,0,1,0,1,1,0,0,0,0,1,0,0,0,1,no,1,1,0,0,0,0,0,1,0,0,0,0,0,0,0,0,11,3,54.3,4,6,4,50.4,6.11,9,3,57.9,6.4,5,4,54.3,6.2,4,1,55.8,6.7,7,4,51.8,7.2,0.71355,0.43,0.03195,0.32,2.5739137442253437,5.218398761478486,-2.2749144463336637,8.056679944791453,0.43313575476854616,2.4798219659524436,5.390026867160419,-2.283695558219412,8.803556989271302,0.7608268795040112,5.720368320630347,7.89,0.7063718123721227,7.29,6.539686736306803,13.53,3.0175197945532504,5.65,5.2881769422321705,7.95,4.517737547311373,8.87,15,0,68,1,0,0
R888553,completed,hmp_active,28,Woman,White,Yes,no,below_median,college_graduate,NA,6,0,0,0,0,0,0,0,0,0,0,0,0,0,0,0,no,0,0,0,1,0,0,0,0,NA,NA,NA,NA,NA,NA,NA,NA,6,5,54.3,6.8,6,4,57.9,6.8,7,5,51.9,6.7,NA,NA,NA,NA,6,6,54.3,6.7,8,6,54.3,6.6,NA,NA,NA,NA,NA,NA,NA,NA,NA,NA,NA,NA,NA,NA,3.582919513169774,15.45,2.123280089845956,5.47,3.713333794080595,13.21,NA,NA,2.2149935724111325,12.14,3.756984530482432,10.91,11,0,0,0,0,0
R106990,completed,hmp_active,65,Man,White,Yes,no,below_median,not_college_graduate,NA,8,1,0,1,0,1,1,0,0,0,0,0,0,0,0,0,no,0,0,0,0,0,0,0,0,0,0,0,0,0,0,0,0,6,4,55.8,4.2,7,1,55.8,5.9,8,2,55.8,5.2,5,2,54.3,6.2,4,1,52,6.89,5,1,47.9,7.3,3.7594499999999997,0.43,21.299999999999997,2.69,2.374439450204962,6.024012800801256,-1.1646956156736414,2.0541802091945596,-1.1646956156736414,2.6346006483877678,4.230470130571376,-1.8457411094219065,-1.8457411094219065,2.620167009232677,NA,NA,2.1969226372510176,10.48,3.5265206644223017,11.48,2.1583242243319773,12.07,0.4213893600024589,11,2.451728441840929,12.29,9,0,0,50,0,0
R264515,completed,hmp_full,33,Woman,White,Yes,no,above_median,college_graduate,NA,5,1,0,1,0,1,1,0,1,1,0,1,1,0,1,1,yes,0,0,1,1,0,0,0,0,0,0,1,1,0,0,0,0,7,7,76.5,6.8,6,9,64.1,7.9,6,5,72,7.7,8,14,70.1,7.4,5,12,69.8,6.9,10,5,57.9,7.3,0.07455,0.17,0.07455,0.1,2.8532144437806375,-2.2710683356420485,-1.7555033268255857,6.430682667400497,1.1889356523408547,2.7949532513305706,-2.1611602454675736,-1.6259408411774934,5.569246479001215,3.391338995637431,1.1817528180674446,16.95,2.3081891181539973,8.77,6.429284827212202,8.97,NA,NA,0.2005992867369972,8.82,2.335208338278352,6.78,8,27,23,2,0,10
R629819,completed,hmp_full,44,Woman,White,No,yes,below_median,not_college_graduate,NA,7,1,1,1,1,0,1,0,1,0,0,1,1,0,1,0,no,0,0,0,0,0,0,0,0,0,0,0,0,0,0,0,0,7,5,63,4.9,11,13,66.7,4.7,8,7,61.9,5.7,8,7,61.1,4.2,16,7,56.2,5.9,13,7,62.6,4.67,0.1491,0.265,1.45905,0.515,2.5206316775223216,3.502343190272943,-1.209257818279161,-1.209257818279161,4.26720573365235,2.343329025710431,3.5967854924539973,-1.3044863731815581,-1.3044863731815581,1.0934088996168123,5.258255596951726,9.78,1.6961369835123308,11.11,2.466187095498854,9.04,0.5358211111803372,8.18,0.2370624463814636,9.29,0.2491072209497291,4.95,8,35,8,1,5,0
R238450,completed,uc,56,Woman,White,Yes,no,below_median,not_college_graduate,NA,12,1,1,1,1,1,1,0,0,1,0,0,0,0,0,1,no,0,0,1,0,0,0,0,0,0,0,0,0,0,0,0,0,10,2,57,4.5,11,6,68,5.3,11,3,60.7,5.11,10,4,69.3,4.8,10,4,58.3,4.4,4,3,42.3,6.8,0.9798,0.5,1.0224,0.46,2.4401714496394638,2.5795483542939395,-3.1288360296088804,5.4918158701755875,3.111439815561889,2.810969902006424,-3.428196151254854,-2.9222974110211273,-0.7250728336849077,3.374811908912808,2.82215469315732,8.7,4.366030307322606,8.77,0.5958754907954728,2.67,6.118300517008519,6.73,NA,NA,2.975048907229655,5.56,NA,NA,NA,NA,NA,NA
R515782,completed,hmp_active,54,Man,White,Yes,no,above_median,college_graduate,NA,5,1,0,1,0,1,1,0,0,0,0,0,0,0,0,0,no,0,0,0,0,0,0,0,0,0,0,0,0,0,0,0,0,1,0,54.3,9,0,0,46.3,9,0,0,46.3,9.1,0,0,30,9.1,0,0,46.3,9.2,2,1,46.3,9,0.77745,0.37,0.64965,0.315,2.566410748502265,3.8172936268083704,-2.28663689246134,-2.28663689246134,4.685969358840413,2.5186693078775733,4.4459288931311445,-1.6992823161959945,-1.6992823161959945,5.985501627326791,2.468564999142393,5.45,3.157395304305904,9.38,2.761999440977383,4.65,4.380060155976512,7.97,1.385811156819029,4.35,5.015825261712456,9.84,27,0,0,84,0,0
R551477,completed,hmp_full,36,Woman,Asian,No,no,below_median,college_graduate,NA,15,1,0,1,0,1,1,NA,NA,NA,0,1,0,NA,NA,NA,no,0,0,0,0,0,0,0,0,NA,NA,NA,NA,NA,NA,NA,NA,12,9,46.5,5.5,NA,NA,NA,NA,NA,NA,NA,NA,NA,NA,NA,NA,NA,NA,NA,NA,10,4,44.8,5.2,NA,NA,NA,NA,NA,NA,NA,NA,NA,NA,NA,NA,NA,NA,5.010507004626553,16.77,NA,NA,NA,NA,NA,NA,NA,NA,NA,NA,4,7,8,1,0,0
R285301,completed,hmp_full,57,Woman,White,Yes,no,below_median,not_college_graduate,NA,8,1,1,1,1,1,1,0,0,0,0,0,0,0,0,0,no,0,0,0,0,0,0,0,0,0,0,0,0,0,0,0,0,9,11,54.3,4.67,8,11,54.3,5.1,6,11,50.4,4.8,10,11,54.3,5.6,8,8,52.7,4.2,5,6,44.2,6.2,1.2460499999999999,0.87,6.5390999999999995,1.18,3.2376667610942067,-2.750851757586567,3.4819514688967512,4.604866290183893,2.8143065811477417,2.5420172732456057,1.9634420201515475,-1.786644260984617,3.808067118617222,2.557161160869067,2.102620823401826,11.16,NA,NA,NA,NA,0.2136510718590163,4.74,NA,NA,2.5228746839020637,10.63,11,0,20,6,0,40
R650954,completed,uc,44,Woman,White,Yes,no,above_median,college_graduate,NA,8,1,0,1,0,1,1,0,0,0,0,0,0,0,0,0,no,0,0,0,0,0,0,0,0,NA,NA,NA,NA,NA,NA,NA,NA,8,6,51.8,7.9,2,3,55.8,8.3,4,2,62,8.4,7,4,59.4,8.4,5,5,57.1,7.9,3,1,59.4,8.2,NA,NA,NA,NA,NA,NA,NA,NA,NA,NA,NA,NA,NA,NA,0.1785034855856681,4.79,0.19471352962268,8.62,0.2781563803494054,1.71,4.893457953614702,10.69,4.42114012959816,10.79,0.2049641667822792,9.09,NA,NA,NA,NA,NA,NA
R544087,completed,hmp_active,25,Woman,White,Yes,no,below_median,college_graduate,NA,13,1,1,1,1,1,1,0,0,0,0,0,0,0,0,0,no,0,0,0,0,0,0,0,0,0,0,0,0,0,0,0,0,11,11,63,3.2,11,12,61.2,3.6,8,6,52.7,5,7,6,44.2,3.8,7,6,46.3,4.6,5,6,44.2,5.3,0.0426,0.1,0.0426,0.17,3.2892292915189523,0.5057265761464094,-3.2325049413929725,7.517773200032783,4.170556149697118,3.277044619721794,-3.9565578183396712,-3.124584167068681,6.782845604700071,5.464185222836778,2.806817773351644,5.43,0.4672060806971827,6.5,NA,NA,NA,NA,0.5522947163130483,8.77,2.192592592762749,12.4,19,0,0,0,0,0
R801471,completed,hmp_full,46,Woman,White,Yes,no,below_median,not_college_graduate,NA,10,1,0,1,1,1,1,0,0,0,1,0,0,1,0,1,no,1,0,0,0,0,1,1,1,0,0,0,0,NA,0,0,0,6,4,54.3,4.1,17,12,65.3,2.5,17,8,64.6,1.7,14,8,63,2.5,14,10,64.6,2.5,15,9,57.9,2.8,8.29635,0.34,3.2163,0.57,2.202760362819898,2.257635048364716,-3.0198175453608727,5.653524328545296,2.4226001651609206,3.2734428411807404,-2.499561211254788,-3.641413930808396,6.523321879075487,1.9231064765142976,2.496520358770124,11.25,4.730007879470108,9.94,3.255840631585791,9.84,NA,NA,1.3948481191729212,3.55,1.4424886865692064,10.99,14,5,35,0,0,0
R749841,completed,hmp_full,57,Woman,more_than_one,No,no,below_median,not_college_graduate,NA,14,1,1,1,1,1,1,1,1,1,1,1,1,0,1,1,no,0,0,0,0,0,0,0,0,0,0,0,0,0,0,0,0,16,18,70.6,4.7,16,16,70.6,4.5,17,18,80.5,4.3,18,17,71.8,4.2,17,17,71.8,4.89,16,21,70.6,5.56,5.67645,0.78,2.5559999999999996,0.525,3.10744125516577,2.4142643227240144,-2.39374857074496,1.1615994907444538,5.0452230216509015,3.314068098207532,1.309555746642861,-2.525424831318162,-2.525424831318162,4.828937499103315,0.4986537841085073,10.14,4.923260453197688,15.18,0.7498381280818164,8.93,3.761337417083924,10.61,1.6236061716247554,10.92,0.2607541460857727,11.7,16,35,0,7,15,10
R414756,completed,hmp_active,21,NA,White,Yes,no,NA,college_graduate,NA,20,1,1,1,1,1,1,0,1,1,0,1,1,0,1,1,no,0,0,1,0,0,0,0,0,1,0,1,1,0,1,0,0,19,12,57.8,4,16,14,60,5,NA,NA,NA,NA,8,7,57.9,5.3,15,7,63,4.6,5,0,55.5,6.3,0.1278,0.18,0.36210000000000003,0.53,2.764728519703197,0.13706054259932876,-1.7519965765186964,7.419914768837705,6.660502543782876,2.3911861925039246,2.943036293378502,-1.477981732521299,-1.477981732521299,3.0758951590792414,3.8101163563568936,6.25,8.7781478555619,5.6,NA,NA,2.983200585327308,7.75,4.579463735069351,6.45,NA,NA,6,0,0,1,0,0
R973982,completed,uc,47,Woman,White,Yes,no,below_median,not_college_graduate,NA,8,1,1,1,1,1,1,NA,NA,NA,0,1,0,0,1,1,yes,0,0,0,0,0,0,0,0,NA,NA,NA,NA,NA,NA,NA,NA,13,6,54.3,5.3,15,7,55.8,4.8,15,9,55.8,5,16,15,54.3,5.7,16,10,54.3,5.8,NA,NA,NA,NA,NA,NA,NA,NA,NA,NA,NA,NA,NA,NA,NA,NA,NA,NA,8.438444584184742,14.6,4.438681722892282,8.89,NA,NA,4.935562737602696,13.11,4.68543545838187,13.82,NA,NA,NA,NA,NA,NA,NA,NA
R433285,completed,hmp_active,54,Woman,NA,NA,no,below_median,college_graduate,NA,23,1,0,1,1,1,1,NA,NA,NA,0,1,1,NA,NA,NA,yes,0,0,0,0,0,0,0,0,NA,NA,NA,NA,NA,NA,NA,NA,20,18,65.3,2.8,NA,NA,NA,NA,14,18,50.4,3.3,12,16,44.7,4.2,NA,NA,NA,NA,NA,NA,NA,NA,NA,NA,NA,NA,NA,NA,NA,NA,NA,NA,NA,NA,NA,NA,3.459732221381263,12.2,NA,NA,3.147796664349936,8.9,5.151931059323,11.18,NA,NA,NA,NA,12,0,0,3,0,0
R743525,completed,hmp_full,35,Woman,White,Yes,no,above_median,college_graduate,NA,11,0,0,0,1,1,1,0,1,0,0,1,0,0,1,0,no,0,0,1,0,0,0,0,0,0,0,1,0,0,0,0,1,12,14,55.8,5.8,12,11,54.3,5.5,11,10,55.8,5,NA,NA,NA,NA,10,7,52.7,5.9,10,6,55.8,6.5,2.8116,0.36,3.1523999999999996,0.745,3.1709542663226906,-2.2669863835080957,-1.7628883711361008,5.139854366022492,3.2275442156426353,2.7410011266385452,-2.3878278600981013,-1.7472295879186603,5.870038225709687,5.2836278881974605,0.931391482961102,10.87,2.5611158527185074,2.4,1.7162583568798566,6.72,NA,NA,2.780908043827026,8.61,1.9395316995514449,9.42,10,0,26,3,0,0
R606609,completed,hmp_full,40,Woman,White,Yes,no,below_median,college_graduate,NA,5,1,0,1,0,1,1,0,0,0,0,0,0,0,0,0,yes,0,0,0,0,0,0,0,0,0,0,0,0,0,0,0,0,5,6,54.3,3.6,5,6,50.4,4.2,4,2,46.3,6.1,4,3,46.3,6.9,1,3,46.3,6.2,7,3,55.8,6.1,0.5964,0.24,0.26625,0.1,3.254550191610652,2.792040606208643,-3.058229909865105,7.139753945430474,4.946469600684445,2.9875939453111866,1.470814608804321,-2.780879851577819,7.671509151976528,3.3654494060910785,0.4448903476110228,7.55,4.330157095172538,8.55,2.76071825583589,8.98,5.710571446715294,8,0.5631315405112999,4.32,3.280567619907678,8.96,27,52,63,18,20,35
R969335,completed,hmp_active,26,Man,White,Yes,no,below_median,college_graduate,NA,10,1,0,1,0,1,1,1,0,0,1,0,0,1,0,0,no,0,0,0,0,0,0,0,0,1,0,0,0,0,0,0,0,6,1,54,7.1,4,2,47.1,6.8,8,8,48.7,5,5,4,44.7,7.2,3,1,36.3,8.3,2,1,32.8,8.6,0.19169999999999998,0.29,0.5964,0.29,3.0418285271957823,-2.4524068188640373,-2.041651240257725,6.150642490889915,1.392335964227421,2.797160886465238,-2.4119477329337715,-1.8560883199768723,7.399321015366888,3.273810394946201,4.270386731411775,12.35,0.571536691578239,4.76,5.537275844058462,8.37,0.412171447675639,5.13,1.6030584183429883,8.51,3.827580690946577,5.28,5,0,0,0,0,0
R511319,completed,uc,46,Man,more_than_one,No,no,below_median,not_college_graduate,NA,15,0,0,0,1,1,1,NA,NA,NA,0,0,0,NA,NA,NA,no,0,0,0,0,0,1,1,0,NA,NA,NA,NA,NA,NA,NA,NA,12,9,67.7,4.5,NA,NA,NA,NA,NA,NA,NA,NA,NA,NA,NA,NA,NA,NA,NA,NA,NA,NA,NA,NA,NA,NA,NA,NA,NA,NA,NA,NA,NA,NA,NA,NA,NA,NA,5.035867996593871,4.43,NA,NA,NA,NA,NA,NA,NA,NA,NA,NA,NA,NA,NA,NA,NA,NA
R458532,completed,uc,38,Woman,White,Yes,no,above_median,not_college_graduate,NA,8,1,1,1,1,1,1,0,1,0,1,1,0,1,1,1,no,0,0,1,0,0,0,0,0,0,0,0,0,0,0,0,0,8,5,63,4.6,8,6,75.6,5.3,13,12,74.8,4.2,7,4,75.8,5.8,9,7,69.4,5.5,11,19,72.7,5.6,1.5975,0.655,2.1619499999999996,1.12,2.9668510672352664,-2.7181029610158056,1.7867120895261677,5.413124948654429,4.985838619009351,2.8838495552883283,2.4855020690828593,-1.5996806615536612,3.456565143794647,2.717807451982649,3.4820819935346923,8.37,4.3358954482149095,7.59,4.781082996370348,6.61,4.813878333242148,12.28,3.798169970511972,11.42,0.2148308761154154,9.17,NA,NA,NA,NA,NA,NA
R506002,completed,hmp_full,22,Man,White,Yes,no,below_median,college_graduate,NA,12,1,1,1,1,1,1,NA,NA,NA,1,1,1,1,1,1,no,0,0,0,1,0,1,0,0,NA,NA,NA,NA,NA,NA,NA,NA,10,13,55.6,3.1,8,9,47.4,2.6,NA,NA,NA,NA,20,17,59.4,2.9,5,4,52.7,3.7,NA,NA,NA,NA,NA,NA,NA,NA,NA,NA,NA,NA,NA,NA,NA,NA,NA,NA,2.5296257553190467,8.87,4.80667497971122,11.48,NA,NA,NA,NA,3.2408512188952665,8.88,NA,NA,8,20,8,4,5,0
R704944,completed,hmp_full,37,Man,White,Yes,no,below_median,college_graduate,NA,8,1,1,1,1,1,1,NA,NA,NA,1,0,1,1,0,0,no,0,0,0,0,0,0,1,0,NA,NA,NA,NA,NA,NA,NA,NA,9,6,56.5,7.4,7,4,46.3,6.9,5,3,54.3,7.5,5,1,54.3,7.44,2,0,51.9,7.8,NA,NA,NA,NA,NA,NA,NA,NA,2.77506927054167,-3.613480007930808,-2.0106310844480584,-2.0106310844480584,2.032420183386492,NA,NA,NA,NA,NA,1.8267907728648207,7.09,3.3362665419355597,6.06,2.681917568781603,10.43,1.1709578194925243,12.59,1.7342733372457828,10.67,NA,NA,13,7,30,6,45,20
R595514,completed,uc,51,Woman,White,No,yes,below_median,college_graduate,NA,12,1,1,1,1,1,1,NA,NA,NA,0,0,0,0,0,0,no,0,0,1,0,0,1,0,0,NA,NA,NA,NA,NA,NA,NA,NA,9,5,52.7,6.5,9,5,57.9,7.2,NA,NA,NA,NA,8,4,55.8,7.8,6,1,54.3,7.5,2,0,NA,9,NA,NA,NA,NA,NA,NA,NA,NA,NA,NA,NA,NA,NA,NA,0.7897830778429873,3.17,3.926695545107401,10.5,NA,NA,0.2623265452381245,7.18,0.2640134840806727,5.61,NA,NA,NA,NA,NA,NA,NA,NA
R123073,completed,hmp_active,54,Woman,White,Yes,no,above_median,not_college_graduate,NA,8,0,0,0,0,1,1,0,1,0,0,0,1,0,1,1,no,0,0,1,1,0,0,0,0,0,0,0,0,0,0,0,0,9,4,73.7,7.2,7,2,63,5.4,7,2,59.5,6.9,8,2,61.2,6.5,6,0,67.7,6.6,9,6,69.3,4.3,3.5144999999999995,0.43,1.3312499999999998,0.72,2.826089953268841,1.7974076410249404,-2.661045573054132,6.18961534596302,5.025575761890488,3.1200285816881683,-4.308221051766219,-2.6090460931418993,-2.6090460931418993,4.07681485392646,1.2214409796437538,7.14,NA,NA,3.71777411201698,4.64,1.4668245859180962,3.41,1.0732459355825574,5.56,1.5986612228020427,9.09,5,0,0,3,0,0
R721786,completed,uc,51,Woman,White,Yes,no,below_median,college_graduate,NA,7,1,1,1,1,1,1,0,1,1,0,1,1,0,1,1,no,0,0,0,0,0,0,0,0,0,0,0,0,0,0,0,0,7,10,49.5,6,14,11,54.3,5.8,NA,NA,NA,NA,9,6,46.3,5.4,17,7,54.3,5.2,7,7,51.8,6.7,0.0639,0.17,0.35145,0.58,2.7537531862036504,6.824110265050219,-2.5041779132901163,7.621052209644594,4.001606146838112,2.474708120568691,8.193367991174096,-2.2132731618306685,7.104755015562432,0.4947770392715416,5.833671645404213,14.58,3.54870940668247,6.73,NA,NA,1.4753616147591049,12.31,3.6325895334457785,8.77,4.857790007835393,4.35,NA,NA,NA,NA,NA,NA
R160447,completed,hmp_full,58,Woman,White,Yes,no,below_median,not_college_graduate,NA,7,1,0,1,0,1,1,0,0,0,0,0,0,0,0,0,no,0,0,0,0,0,0,0,0,0,0,0,0,0,0,0,0,5,2,53.2,7.8,2,1,52.7,8.9,3,0,46.3,8.9,2,0,47.4,9.1,2,0,39.1,8.9,6,6,44.2,8.1,4.26,0.66,3.3867,0.75,3.140046609962857,0.26984206597980753,-1.9837976582237382,6.220053713960141,6.172425664970886,2.783026566812478,2.6812930411735634,-1.3784003924502137,7.255864470551861,1.4548129516060022,1.146381419796142,6.22,0.9060100375180408,6.33,1.86521678723775,12.33,1.2375390591267073,8.29,0.5296275310872881,9.36,1.8259003769324875,9.35,26,5,140,92,50,365
R676788,completed,uc,43,Woman,White,Yes,no,below_median,not_college_graduate,NA,11,1,0,1,0,1,1,0,0,0,0,0,0,0,0,0,no,0,0,0,0,0,0,0,0,0,0,0,0,0,0,0,0,4,4,57.1,8.2,3,4,59.6,7.6,6,6,61,7.1,10,7,59.6,6.6,7,7,61.2,6.71,2,2,52,7.2,2.69445,1.1600000000000001,3.6209999999999996,1.205,3.008459298147747,2.188103147634994,-3.340680514495501,7.633071291193248,5.936851107021004,3.320411936440244,0.4409804553790644,-3.593302314432169,6.819860200112554,5.397512951752516,NA,NA,NA,NA,NA,NA,NA,NA,NA,NA,NA,NA,NA,NA,NA,NA,NA,NA
R440799,completed,hmp_active,26,Woman,Black,No,no,below_median,college_graduate,NA,5,1,0,1,1,1,1,0,0,0,0,0,0,0,0,0,no,0,0,0,0,0,0,0,0,0,0,0,0,0,0,0,0,3,10,59.4,7.4,4,4.67,56.5,6.6,6,5.83,59.4,6.3,5,2,57.9,8,4,2,55.8,7.9,6,2,53.3,7.7,4.26,1.09,2.03415,0.645,2.52452572001501,4.082731936669493,-2.4228153429441153,-2.4228153429441153,4.253007878690732,2.461031684316267,3.952760957695333,-2.234614568861824,-2.234614568861824,4.584309496413697,NA,NA,0.8569126503888573,4.46,6.065810716509898,8.41,0.7252026616366727,7.31,0.7368358846335119,4.95,1.2382052698133728,7.83,16,0,0,0,0,0
R822239,completed,uc,27,Woman,Black,No,no,below_median,not_college_graduate,NA,18,0,1,1,1,0,1,1,1,1,0,0,0,0,0,0,no,0,0,0,0,0,0,0,0,0,0,0,0,0,0,0,0,18,14,76.1,4.33,13,13,77.4,7,NA,NA,NA,NA,13,0,69.1,6,10,8,69.3,7.7,16,14,75.3,4.7,0.30884999999999996,0.54,0.15974999999999998,0.47,2.9913457621062127,-2.6961804954868875,-2.0865089272497817,5.360659432350259,5.390529545069915,3.3908046403658565,-2.7453185783702936,-2.2754702969841056,5.234960259393901,3.613407661348776,NA,NA,NA,NA,NA,NA,NA,NA,NA,NA,NA,NA,NA,NA,NA,NA,NA,NA
R714336,completed,hmp_full,25,Woman,White,Yes,no,above_median,college_graduate,NA,5,0,0,0,1,1,1,NA,NA,NA,0,0,0,NA,NA,NA,no,0,0,0,0,0,0,0,0,NA,NA,NA,NA,NA,NA,NA,NA,7,4,63,6.4,NA,NA,NA,NA,NA,NA,NA,NA,NA,NA,NA,NA,NA,NA,NA,NA,NA,NA,NA,NA,NA,NA,NA,NA,NA,NA,NA,NA,NA,NA,NA,NA,NA,NA,5.862805519394558,10.09,NA,NA,NA,NA,NA,NA,NA,NA,NA,NA,0,0,0,0,0,0
R629041,completed,hmp_full,52,Woman,White,Yes,no,above_median,not_college_graduate,NA,8,0,0,0,0,0,0,1,1,0,1,0,0,1,0,0,no,1,0,0,0,0,0,0,0,0,0,1,0,0,0,0,0,10,11,46.3,4.44,10,9,44.2,6.1,9,7,53.2,5.9,9,8,52.7,6.3,8,6,50.2,5.5,5,4,52,6.8,11.2038,1.49,0.77745,0.29500000000000004,2.8575580255857376,0.5135998780310562,-1.8301277498204858,7.4524402561525775,3.742026282357279,3.0939639122587064,2.1115289937812367,-1.7975695053659413,4.300504776800299,3.5351492878994275,1.0253081163835045,6.7,2.966969389776092,5.33,5.81725554372744,7.88,1.0957714180800615,7.81,NA,NA,2.529774044060921,12.5,11,32,5,2,0,10
R951675,completed,hmp_active,44,Woman,White,Yes,no,above_median,not_college_graduate,NA,15,1,1,1,1,1,1,0,0,0,0,0,0,0,0,0,no,0,0,0,0,0,0,0,0,0,0,1,0,0,0,0,0,13,14,61.9,4.56,11,13,57.9,5.2,10,11,61.8,3.8,9,9,57.1,6.5,3,5,50.4,7.6,8,13,54.3,6.4,1.0010999999999999,0.31950243481155105,1.0969499999999999,0.38,2.9212142479525105,-2.311661701496591,-1.8136149160009953,6.81601370474503,4.909014878854453,2.9077968107692174,-2.642496566114293,-1.9812296609862585,7.150608482834967,4.568421081247552,5.860512540535134,6.63,0.5692426199940027,11.43,4.896718714285675,3.35,0.836720629451779,5.26,4.6526523775753885,4.19,0.97566720915113,6.47,22,0,0,14,0,0
R153109,completed,hmp_active,35,Woman,White,Yes,no,above_median,not_college_graduate,NA,11,1,0,1,0,1,1,0,0,0,0,0,0,0,0,0,no,1,1,0,0,0,0,0,0,0,0,0,0,0,0,0,0,6,6,59.5,8,5,8,61.2,8.6,8,8,55.8,8.7,0,3,46.1,9,0,5,46.3,9,4,5,54.3,9.1,0.213,0.065,0.30884999999999996,0.28,2.9267646101597737,0.8989604306107677,-1.8280740005859086,6.9292378463504996,3.0317384037757633,2.9485485606487836,-2.4349196140637646,-1.7016969041733754,6.724476888855693,2.9330320840562605,4.811100199718061,12,3.012056252333273,9.18,0.2666082450902218,6.76,1.550904048751971,5.75,0.4668165517311154,5.41,0.4216024752663854,4.23,17,0,0,11,0,0
R138950,completed,hmp_active,31,Woman,White,Yes,no,below_median,college_graduate,NA,6,1,1,1,1,1,1,1,1,1,1,1,1,1,1,1,no,0,0,0,0,0,0,0,0,0,0,0,0,0,1,0,0,8,8,54.3,6.5,NA,NA,NA,5.7,11,9,50.2,5.3,NA,NA,NA,NA,11,13,46.3,6.4,5,7,48.9,6.7,0.35145,0.12,0.213,0.495,2.3956030083714106,-1.8791012179774613,-1.548426652838473,6.108383438641905,2.421865260713649,2.383986515996087,-1.8528992083170088,-1.3566337465704317,6.816659692395796,-1.3566337465704317,8.691490926712772,9.82,NA,NA,2.955134548880584,10.98,NA,NA,4.34451696697082,4.48,3.779081293429367,7.18,5,0,0,1,0,0
R689448,completed,hmp_active,23,Man,White,Yes,no,below_median,not_college_graduate,NA,5,1,0,1,1,1,1,0,0,0,0,0,0,0,0,0,no,0,0,0,0,0,0,0,0,0,0,0,0,0,0,0,0,5,5,54.3,5.5,6,6,47.9,4,4,6,49.2,5,6,9,47,4.6,4,3,41.4,5.8,3,2,41.1,6.2,0.96915,0.28,3.8659499999999998,0.38,2.6099295690903244,-3.4122217893781124,-2.1034913658087855,7.517168977001743,0.6045588352934246,2.5181059896646842,3.892852528679417,-2.4243810242518804,7.1761754450697275,0.40883231980433554,2.759283360246144,9.87,NA,NA,NA,NA,2.853708354179443,8.95,3.102180873953099,6.67,2.640469052024513,10.28,18,0,0,27,0,0
R639595,completed,hmp_active,25,Woman,White,Yes,no,above_median,college_graduate,NA,9,0,0,0,0,0,0,0,0,0,0,0,0,0,NA,0,no,0,0,0,0,0,0,0,0,0,0,0,0,0,0,0,0,6,13,54.3,6.9,8,9,57.9,6.2,10,7,57.1,6.6,9,9,54.3,6.7,8,6,59.4,6.5,10,13,59.6,5.9,2.7370499999999995,0.61,3.2695499999999997,0.27,2.6455445397877333,3.6645478353039183,-1.6042335784716966,1.6916032875326323,-1.6042335784716966,2.8270420455550194,-2.001027730497868,-1.4147814370321536,7.053011404088957,-1.4147814370321536,1.7295329624978883,9.87,2.4533553693838543,8.77,2.19030901978941,8.85,3.664058399010989,13.61,0.2487000453336036,12.98,0.5586673346754236,5.21,25,0,0,4,0,0
R783158,completed,hmp_full,35,Woman,White,Yes,no,below_median,not_college_graduate,NA,6,0,0,0,0,0,0,0,1,1,0,1,1,0,1,1,no,0,0,0,0,0,0,0,0,NA,NA,NA,NA,NA,NA,NA,NA,3,6,52.7,7.1,3,5,54.3,7.1,3,5,50.4,7.4,3,4,52.7,8.4,3,3,44.2,8.11,3,6,59.1,9.2,0.852,0.09,0.5005499999999999,0.26,2.542961627178368,4.101690434637549,-1.6128183263010105,5.361660584724034,-1.6128183263010105,1.850137918446634,-1.864705011190582,-1.0821830738729992,-1.0821830738729992,-1.0821830738729992,3.972382520950696,9.05,NA,NA,NA,NA,NA,NA,NA,NA,NA,NA,14,25,8,11,55,0
R720334,completed,hmp_full,35,Man,White,Yes,no,below_median,not_college_graduate,NA,13,1,1,1,1,1,1,NA,NA,NA,1,0,0,0,0,1,no,0,0,1,0,0,0,0,0,NA,NA,NA,NA,NA,NA,NA,NA,13,10,68.4,3.6,13,12,67.7,5.11,8,4,65.3,5.9,11,13,69.3,6.6,18,19,69.4,7,NA,NA,NA,NA,NA,NA,NA,NA,NA,NA,NA,NA,NA,NA,NA,NA,NA,NA,3.612325847974376,11.11,4.904006929758569,12.12,3.20126227875747,8.62,4.431939155656126,6.13,4.267499472376628,9.57,NA,NA,15,30,0,0,0,0
R815514,completed,hmp_active,49,Man,White,Yes,no,above_median,college_graduate,NA,21,1,0,1,1,1,1,0,1,1,0,1,1,0,1,1,no,0,0,0,0,0,0,0,0,1,0,0,0,0,0,0,0,16,17,55.8,4.5,8,15,54.3,5,8,14,50.4,5.88,7,12,50.4,5.4,6,7,63,5.9,6,12,47.6,5.1,0.58575,0.49,3.12045,0.56,2.962016058109953,3.188542007942276,-3.078131692500241,6.94620086972809,3.828623086148313,3.0518361945022967,-2.844370447408068,-2.3587408702006356,7.576196898608739,5.828558399954511,2.3259048906655795,9.04,2.8314428953639017,7.58,2.933355697784609,6.85,1.593617722156889,11.38,2.8977738740319428,7.09,1.0981266477352127,10.81,20,0,0,0,0,0
R450896,completed,hmp_active,40,Woman,White,Yes,no,below_median,college_graduate,NA,14,0,1,1,1,0,1,0,0,0,0,0,0,0,0,0,no,1,0,0,0,0,0,0,0,1,0,0,0,0,0,0,0,15,10,54.3,4.2,9,6,54.3,5.1,8,5,54.3,5,9,6,50.4,4.6,7,6,52.7,5.4,6,4,50.4,4.5,7.01835,0.15,0.9158999999999999,0.2,2.1611041326290463,-1.5430558420696232,-1.3810092566978118,-1.3810092566978118,0.8162153206384076,2.61090152962252,-1.7733912124452553,-1.4112310701137873,-1.4112310701137873,2.349969045579775,1.699141894736281,9.72,NA,NA,1.8954815009210144,7.06,0.8463343455323218,11.69,6.490874949304261,10.8,0.1894850330824072,7.75,24,0,0,8,0,0
R107088,completed,uc,48,Woman,White,Yes,no,above_median,college_graduate,NA,10,1,1,1,1,1,1,1,1,1,1,1,1,1,1,0,yes,0,0,0,0,0,0,0,0,0,0,0,0,0,0,0,0,11,7,64.6,6.6,9,7,64.1,6.8,7,7,56.5,6.7,9,4,63,7.3,9,3,59.5,7.5,6,5,63,7.9,9.2655,0.49,10.1175,1.11,2.7009858810800558,0.5629654826582484,-1.8040936969480694,7.408544034076797,-1.8040936969480694,2.60677788677192,-0.7770935062082811,-1.8245690975578577,7.63505029933716,1.2199533401655651,1.076025593482128,15.91,7.069462252415665,7.14,1.27420808552414,15.67,0.8799791223877446,12.69,1.5705974464915171,11.16,0.5738628266987982,9,NA,NA,NA,NA,NA,NA
R606660,completed,hmp_full,34,Woman,Black,No,no,below_median,not_college_graduate,NA,11,1,1,1,1,1,1,0,0,0,0,0,0,0,0,0,no,0,0,0,0,0,0,0,0,0,0,0,0,0,0,0,0,9,6,63,5.5,7,4,50.4,6.44,4,4,59.4,7.4,1,2,56.4,8,2,1,56.5,9.2,6,3,57.9,7.78,0.05325,23.13,0.1278,0.15,2.9844817236011782,3.1726747113870073,0.034790556785776916,-2.1624340205504424,1.3929140409389713,NA,NA,NA,NA,NA,2.1036007039899247,11.54,2.426259095312614,8.64,2.5206615633271428,7.65,0.3251957456417172,17.98,NA,NA,NA,NA,12,80,213,1,0,5
R362910,completed,hmp_active,45,Woman,Black,No,no,above_median,college_graduate,NA,22,1,1,1,1,1,1,0,0,NA,0,0,0,0,0,0,no,0,0,0,0,0,0,0,0,0,0,0,0,0,0,0,0,17,19,68.4,2.3,15,9,64.1,5.1,11,8,71.9,4.8,12,11,64.1,3.2,16,8,65.3,4.5,14,4,61.3,1.8,0.20235,0.16,0.09584999999999999,0.23,3.030573792384058,0.4317856613810347,-2.0166072010313503,5.837774009621015,4.058738830057334,2.9946292323804946,-2.192416491608219,-1.811361953058733,7.341243368266212,5.048252950595469,6.003460696714068,7.76,4.503790832677614,11.35,4.365203346440623,10.78,3.824768630329336,11.52,NA,NA,NA,NA,6,0,0,1,0,0
R689070,completed,hmp_full,46,Woman,White,Yes,no,above_median,not_college_graduate,NA,17,1,1,1,1,1,1,1,0,0,0,1,0,0,0,0,yes,0,0,0,0,0,0,0,0,0,0,0,1,0,1,0,0,18,16,68.1,5,19,17,68,2.4,21,20,70.3,2.3,14,18,62.1,4.3,16,16,65.3,5.6,16,18,63,4.3,0.5964,0.62,0.45794999999999997,0.39,3.23529206654905,-3.561048014099951,4.813095568493738,7.1426629371354355,6.47202026651172,2.9543702673377523,-0.7590819612877957,4.018002411887673,7.408682099076337,7.248201615430613,7.689784712045247,10.5,NA,NA,7.58145430784982,8.7,NA,NA,3.837873757716303,7.83,0.8457969909420873,9.55,4,17,33,1,0,45
R900443,completed,hmp_active,26,Woman,White,Yes,no,below_median,college_graduate,NA,5,0,0,0,1,1,1,0,0,0,0,0,0,0,0,0,no,0,0,0,0,0,0,0,0,1,0,0,0,0,0,0,0,4,13,48.7,7.3,3,10,49.2,7.1,5,6,50.7,7.4,3,7,41.1,7.4,3,7,52.7,7.9,1,5,40.5,9.4,0.94785,0.19,4.7073,0.2,1.774937712516967,-2.149345881994082,-1.059718144491712,-1.059718144491712,-1.059718144491712,2.3441275569512205,-2.5227617654615915,-1.5384229970858045,-1.5384229970858045,2.2227771186077576,3.6071812805664902,15.82,1.948753527426847,13.86,1.9638002493460989,8.26,NA,NA,0.7726467999975309,6.37,NA,NA,11,0,0,15,0,0
R261799,completed,uc,55,Woman,White,NA,NA,below_median,not_college_graduate,NA,18,1,1,1,1,1,1,0,0,0,0,0,0,0,0,0,no,1,0,1,1,0,1,0,1,0,0,0,0,0,0,0,0,16,17,59.1,3.9,19,19,64.4,2.5,12,15,64.6,1.89,20,21,54.3,4.7,16,17.5,63,4,11,16,63,4,21.299999999999997,5.525,3.3441,1.12,2.9523656745747244,1.714546961953932,-2.979698600414727,3.5110249340877804,5.825526602217579,3.0127251193873974,4.140321794066966,-3.0594029986568128,5.846176959332839,4.490732343831617,1.8455303990737104,9.33,2.361042298611145,10.37,2.480338659861671,11.76,NA,NA,1.829011098522198,10.31,NA,NA,NA,NA,NA,NA,NA,NA
R957874,completed,hmp_active,20,Woman,White,Yes,no,above_median,not_college_graduate,NA,9,1,0,1,1,1,1,0,0,0,0,0,0,0,0,0,yes,0,0,0,0,0,0,0,0,1,0,0,0,0,0,0,0,8,10,55.8,7.6,7,4,63,7.9,5,6,50.4,8.1,3,4,55.8,8,4,4,55.8,8.2,2,2,55.8,8.4,2.0235,0.74,1.2247499999999998,1.03,2.6462084757067696,3.0843125760980294,-2.7713644010998846,6.5904086746365085,4.073451078108379,2.9820980889215023,4.117152825069887,-3.175377873931767,7.269823317903747,3.4566239034638633,0.8233193056984137,4.27,4.664609331590394,3.25,0.3890689444747782,7.33,1.731625690462699,9.29,2.592477527331062,4.59,0.6537525837520263,10.22,12,0,0,0,0,0
R332493,completed,uc,23,Woman,White,No,yes,below_median,not_college_graduate,NA,11,1,0,1,1,1,1,0,0,0,0,0,0,0,0,0,no,0,0,0,0,0,0,0,0,0,0,0,0,0,0,0,0,10,9,66.5,7.5,8,9,64.4,7.9,2,9,51.8,8,10,13,64.1,8.1,8,11,61.2,7.5,11,18,57.9,6.6,NA,NA,NA,NA,2.8729530486389376,0.07356305295510568,-1.8095543411420985,7.791949354231389,5.264562475055263,2.710314309133488,6.896109213056245,-1.6547088324945836,7.092166487075446,3.804876681649575,NA,NA,1.837001623220692,10.92,3.815425978598677,16.28,4.353845102014009,6.31,4.711613699239951,11.18,2.50547163759068,5.71,NA,NA,NA,NA,NA,NA
R892850,completed,hmp_full,29,Woman,more_than_one,No,no,above_median,college_graduate,NA,21,1,1,1,1,1,1,NA,NA,NA,1,1,1,NA,NA,NA,yes,1,0,0,0,0,1,0,0,NA,NA,NA,NA,NA,NA,NA,NA,17,18,56.1,1.6,16,16,51.8,2.9,NA,NA,NA,NA,13,16,57.9,2.7,NA,NA,NA,NA,NA,NA,NA,NA,NA,NA,NA,NA,NA,NA,NA,NA,NA,NA,NA,NA,NA,NA,5.572455182713871,11.93,4.757720304850865,14.29,NA,NA,3.79267353256264,13.17,NA,NA,NA,NA,9,0,18,7,0,50
R809342,completed,hmp_full,58,Woman,White,Yes,no,below_median,not_college_graduate,NA,5,1,0,1,0,1,1,0,0,0,0,0,0,0,0,0,no,0,0,0,0,0,0,0,0,0,0,0,1,0,0,0,0,5,4,55.8,6,8,14,55.8,5,10,5,54.3,6.6,9,12,54.3,6.2,5,7,52.7,6,10,8,54.3,4.9,0.7880999999999999,0.32,17.242350000000002,0.83,2.6795592093430978,5.478548247246204,2.795669230069344,6.171261950241327,1.7990561093563564,3.1123757175245137,3.9855492944656787,4.828132596670202,6.9248163542808445,3.7912040490458985,1.5361648594375372,7.14,1.63846331531973,9.17,1.0011037260801054,10.63,1.583049283347652,5.6,3.086839392762472,11.25,3.343497279859013,8.26,13,34,48,0,0,0
R271628,completed,hmp_active,52,Woman,White,Yes,no,above_median,college_graduate,NA,7,1,1,1,1,1,1,0,1,1,1,0,1,1,1,1,yes,0,0,1,1,0,0,0,1,0,0,1,0,0,0,0,1,9,4,56.5,7.2,5,3,57.9,7.2,1,2,54.3,7.4,2,4,55.8,7.3,2,4,55.8,6.33,3,1,57.9,8.5,0.23429999999999998,0.33,0.23429999999999998,0.54,2.3865725986692077,-2.5351350499055365,-1.5959738070946834,-1.5959738070946834,0.8019214657036872,2.685669599579172,-2.5911200186511114,-1.85996011500854,7.136568033082316,5.324669037708774,1.26316427338462,7.32,5.347626987601283,8.33,2.307075903534397,6.15,NA,NA,0.3187655519021973,3.93,2.732833873391914,12.26,16,0,0,40,0,0
R895106,completed,hmp_full,30,Woman,White,Yes,no,below_median,not_college_graduate,NA,16,1,1,1,1,1,1,1,1,1,1,1,1,1,1,1,no,0,0,0,1,0,0,0,0,0,0,0,1,0,0,0,1,16,9,73.4,6,16,13,71.1,6.7,14,8,70.9,6.9,12,7,70.7,7.3,12,10,71.4,6.9,12,6,70.8,7.5,0.11714999999999999,0.33,0.20235,0.17,3.182023572125602,1.7297275281257845,-3.8991002744482484,5.610677800990569,4.3739810592175825,3.4244294830945816,2.4190219191244604,-3.592221151211395,-3.592221151211395,5.180698941415073,5.254095552115716,7.73,5.649922323784409,10.92,2.8258995385840446,9.18,2.2845752781987194,10.1,3.701861757751765,7.88,3.7631970700900768,8.8,19,20,10,44,145,0
R107851,completed,hmp_full,34,Woman,more_than_one,No,yes,below_median,not_college_graduate,NA,14,1,1,1,1,1,1,0,0,0,0,0,0,0,0,0,no,0,0,0,0,0,0,0,0,0,0,0,0,0,0,0,0,18,21,59.4,6.9,11,13,64.1,6.7,9,11,60.2,7.4,7,8,54.3,7,11,11,58,7.4,2,6,49.5,9.2,2.31105,0.535,4.26,1.02,2.8110017164634193,0.5423230666995025,-1.531176762692714,7.76671650629133,-1.531176762692714,3.211606598763978,-2.893821994547654,-1.997708266051181,6.65663476351229,5.638078595344403,4.9974321051061175,14.04,NA,NA,NA,NA,NA,NA,4.055605150064028,8.13,NA,NA,20,5,50,0,0,0
R294170,completed,hmp_active,21,Woman,White,Yes,no,above_median,not_college_graduate,NA,6,1,0,1,0,1,1,0,0,0,1,0,0,0,0,0,no,0,0,0,0,0,0,0,0,0,0,0,0,0,0,0,0,8,7,46.3,6.3,6,5,59.4,7.3,NA,NA,NA,NA,NA,NA,NA,NA,3,4,58,7.7,5,5,58,7.6,2.95005,1.065,1.30995,1.04,2.5394095970561255,-2.1798386313728617,-1.5720930736219718,2.0388248390222525,-1.5720930736219718,3.0635937599170995,5.11339477701357,-1.6326811890406194,6.178076927488737,-1.6326811890406194,1.6685545133459607,9.38,4.40906594670473,14.63,NA,NA,NA,NA,1.39467520147936,3.39,6.568556692694645,11.49,3,0,0,0,0,0
R252829,completed,hmp_active,27,Man,White,Yes,no,below_median,college_graduate,NA,9,1,0,1,1,1,1,0,0,1,0,0,1,0,0,1,no,0,0,0,1,0,0,0,1,0,0,0,1,0,0,0,1,13,5,83.8,3.8,8,5,77.2,5,10,3,75.9,5.5,10,4,75.6,4.7,9,4,83.8,4.3,10,1,72.4,5.5,0.56445,0.27,4.26,0.28,3.060267862599611,0.7803889203169287,-1.7422929166859378,7.210441850420934,4.3238151734178105,2.802092073421397,5.607442428614003,-1.6720712030182332,7.682975389957208,1.0359789980839769,0.217301322345969,2.94,NA,NA,1.393951478729078,7.48,4.32461279502107,7.77,2.7154925837222788,6.45,3.901450938721671,5.44,19,0,0,0,0,0
R330283,completed,hmp_full,50,Woman,White,Yes,no,above_median,not_college_graduate,NA,13,1,0,1,1,1,1,NA,NA,NA,0,0,1,NA,NA,NA,no,0,0,0,0,0,0,0,1,NA,NA,NA,NA,NA,NA,NA,NA,12,6,63,5.9,13,7,59.4,4.6,12,11,59.4,4.44,NA,NA,NA,NA,NA,NA,NA,NA,NA,NA,NA,NA,NA,NA,NA,NA,NA,NA,NA,NA,NA,NA,NA,NA,NA,NA,2.75912124181393,12.22,0.4050045407055073,10.53,4.87156228055553,8.02,NA,NA,NA,NA,NA,NA,7,20,5,2,0,5
R703967,completed,hmp_active,38,Woman,White,Yes,no,above_median,college_graduate,NA,8,1,0,1,0,1,1,NA,NA,NA,1,0,1,NA,NA,NA,no,0,0,0,1,0,0,0,0,NA,NA,NA,NA,NA,NA,NA,NA,11,16,52.7,5.88,NA,NA,NA,NA,NA,NA,NA,NA,NA,NA,NA,NA,NA,NA,NA,NA,NA,NA,NA,NA,NA,NA,NA,NA,NA,NA,NA,NA,NA,NA,NA,NA,NA,NA,5.164315659754766,10,NA,NA,NA,NA,NA,NA,NA,NA,NA,NA,3,0,0,0,0,0
R913453,completed,hmp_active,57,Woman,White,Yes,no,above_median,college_graduate,NA,5,1,0,1,0,1,1,1,1,0,1,1,0,1,1,0,no,0,0,0,0,0,0,0,0,0,0,0,0,0,0,0,0,1,0,42.7,6.9,3,5,61.2,5.78,3,5,57.1,7.4,3,2,50.4,7.8,5,1,52.7,8.1,3,0,46.3,8,0.1491,0.27,0.2982,0.18,2.7741491591283842,2.726891505936115,-1.6887110110842993,6.667608954743853,3.5635624169623306,2.876218820600158,-2.597292685748889,-1.8488215100053758,6.746998001866051,-1.8488215100053758,6.892595594122995,15,1.2483298400544836,8.24,0.5999620974622999,8.12,0.3589226274575473,4.41,0.7907267790749464,5.32,NA,NA,11,0,0,5,0,0
R885074,completed,hmp_full,39,Man,more_than_one,No,no,below_median,not_college_graduate,NA,6,1,0,1,1,1,1,0,0,0,0,0,0,1,0,0,yes,0,0,0,0,0,0,0,1,0,0,0,0,0,0,0,0,4,3,57.9,6.89,3,2,46.3,8.1,2,0,51.9,8,2,1,47.9,8.1,1,1,50.2,8.1,3,0,55.8,8.2,0.19169999999999998,0.245,0.64965,0.29,2.7619501243393754,-3.151095971249948,-2.602528006215156,6.427369043978844,6.798680628523448,2.9914209296293817,-3.3901481833164646,-2.8019821423140403,7.037233520201948,7.2323143503335015,5.68047978767108,10.34,NA,NA,NA,NA,0.3845055737573591,3.17,1.0868690830932826,7.44,3.507758278547863,9.72,8,20,40,7,35,40
R897762,completed,hmp_full,30,Woman,White,Yes,no,above_median,college_graduate,NA,10,0,1,1,1,0,1,0,0,0,0,0,0,0,0,0,no,0,0,0,0,0,0,0,0,1,0,0,0,0,0,0,1,12,11,59.4,5.8,10,8,63,4.8,6,6,57.1,5.9,6,3,46.3,6,5,4,41.1,6.5,2,5,46.3,8,0.35145,0.09,0.7561499999999999,0.19,2.7380919231258227,0.37958757433992973,-1.7372182809365246,7.495568279869488,6.698113883999392,2.936700908747733,-2.1871020864272515,-1.488214895233647,7.0629931747698675,5.499275351767343,5.878818970755077,5.66,5.047159277601157,5.41,3.0958199653964904,6.52,0.8978016374660854,5.61,3.0168964454693192,2.96,0.3084694583693809,8.42,9,7,5,4,0,10
R980725,completed,hmp_full,38,Man,Asian,No,no,below_median,college_graduate,NA,18,1,1,1,1,1,1,0,0,0,0,0,0,0,0,0,no,0,0,0,0,0,0,0,0,0,0,0,0,0,0,0,0,9,12,55.8,3.6,6,9,54.1,4.1,NA,NA,NA,NA,NA,NA,NA,NA,7,6,55.8,4.8,8,9,48.8,4.5,2.4920999999999998,0.555,3.12045,0.49,2.970304433852759,-3.4683870222852087,4.960855545024016,1.6562686231922232,6.664754716755306,2.70422862696873,0.02180484046261144,2.841868670378275,5.848953581029567,5.88938624324979,3.675400681308888,5.33,3.947677301193551,11.97,NA,NA,NA,NA,2.2155019976186363,12.07,3.977523569942834,9.13,10,0,30,0,0,0
R860485,completed,uc,28,Woman,White,Yes,no,below_median,college_graduate,NA,15,1,1,1,0,1,1,1,0,0,0,0,0,1,0,0,no,1,0,0,1,0,1,0,0,0,0,0,0,0,0,0,0,15,10,57.9,5.6,8,4,46.3,7.4,8,6,48.9,7.7,6,2,44.2,8,8,3,50.4,7.6,8,7,57.9,7.3,1.0436999999999999,0.16,7.9662,0.2,NA,NA,NA,NA,NA,NA,NA,NA,NA,NA,0.3760094937318927,2.7,3.554339782545636,9.3,1.2022532387521838,3.79,0.352715470865149,6.53,2.5772323128132237,4.85,0.6656181288979564,7.52,NA,NA,NA,NA,NA,NA
R356792,completed,hmp_active,44,Woman,White,Yes,no,above_median,college_graduate,NA,10,1,1,1,1,1,1,0,1,0,0,1,1,0,1,0,yes,0,0,0,0,0,0,0,0,0,0,0,0,0,1,0,0,9,6,55.8,5.6,9,4,53.5,5.9,8,1,60.2,6,5,4,50.4,5.4,6,1,49.5,5.7,5,1,50.4,6.9,2.5986,0.6,4.26,0.58,2.477670123278419,5.717363826990949,-1.3414450985264925,0.8557794788097268,-1.3414450985264925,2.917523394321263,0.697931177005142,-1.7866694985851912,6.82492436825253,2.7459299945680646,2.485532309049609,9,1.893532620358323,8.54,4.643867092566896,8.85,NA,NA,NA,NA,2.634720519511187,9.29,9,0,0,3,0,0
R410372,completed,uc,58,Man,White,Yes,no,above_median,college_graduate,NA,7,1,1,1,1,1,1,0,0,0,0,0,0,0,0,0,no,0,0,0,0,0,1,0,0,0,0,0,0,0,1,0,1,10,5,71.5,5.7,12,6,73.5,5.1,12,8,69.6,4.6,14,6,70.3,4.2,9,7,68.1,4.7,12,7,74.8,5.2,1.6827,0.44,2.41755,0.39,2.2515355211171992,-0.9582746932436064,5.406707113016697,5.438178241728917,4.59202717045822,3.165998963843454,-1.7135842880509817,5.454762994784277,4.528934719205459,7.519452799152612,0.5046768282861083,7.21,5.089263489935539,6.76,6.215804731781194,9.52,5.905048538545352,7.73,2.498544270400246,8.85,3.5623711415495585,8.7,NA,NA,NA,NA,NA,NA
R686539,completed,hmp_full,25,Woman,White,No,yes,below_median,college_graduate,NA,13,1,1,1,1,1,1,1,1,0,0,1,1,0,1,0,yes,0,0,0,0,0,0,0,0,0,0,0,0,0,0,0,0,11,8,60.6,6.5,13,15,61.3,6.5,10,10,54.3,6.3,NA,NA,NA,NA,7,5,59.4,8,4,4,52.9,7.5,4.26,0.48,8.55195,0.38,3.078042446005269,4.484562709126736,-1.9686222447068618,6.802747940603758,-1.9686222447068618,2.002455406033785,1.7897948361663847,-1.3467669186087492,-1.3467669186087492,2.2085811428806643,NA,NA,5.11116063129307,10.61,9.82109185689213,8.77,NA,NA,0.3300710329009736,10.74,2.4560763773677605,12.61,10,30,25,1,10,0
R442483,completed,hmp_active,48,Woman,White,Yes,no,above_median,college_graduate,NA,7,0,0,0,0,0,0,0,0,0,0,0,0,0,0,0,no,0,0,1,0,0,0,0,0,0,0,0,0,0,0,0,0,6,5,57.1,5.9,6,4,54.3,5.9,5,6,57.1,5.2,8,5,59.4,5.2,7,4,57.1,5.9,5,7,52.7,6.33,2.7583499999999996,0.63,1.9596,0.27,NA,NA,NA,NA,NA,2.190514261295645,-3.0798888234549398,-1.7384484318314795,5.7968482706126085,0.659446840966891,7.1266812095101,5.49,0.7831745584685773,6.82,6.660180804816268,8.24,4.351313208486716,7.1,1.1017892571273835,8.54,NA,NA,7,0,0,0,0,0
R456390,completed,uc,45,Man,White,Yes,no,below_median,college_graduate,NA,7,0,0,0,0,0,0,0,0,0,0,0,0,0,0,0,no,0,0,0,0,0,0,0,0,NA,NA,NA,NA,NA,NA,NA,NA,4,2.33,50.4,5.1,3,4,50.4,4.6,2,3,50.4,5.5,2,2,50.4,4.4,2,1,50.4,4.6,3,0,48.8,4.8,NA,NA,NA,NA,NA,NA,NA,NA,NA,NA,NA,NA,NA,NA,3.927353231913659,10,0.211272559086359,7.58,NA,NA,3.8636854214763,12.09,7.870284382035156,7.07,NA,NA,NA,NA,NA,NA,NA,NA
R533498,completed,uc,23,Woman,more_than_one,No,no,below_median,college_graduate,1,6,1,0,1,1,1,1,0,0,0,0,0,0,0,0,0,no,0,0,0,0,0,0,0,0,0,0,0,0,0,0,0,0,6,5,41.1,5.7,14,12,59.4,4.9,12,10,58,4.5,12,12,62,4,13,13,60.6,5.2,14,12,58.8,4.2,3.7701,1.42,1.50165,60.47,2.889014543490474,-2.3249791025780686,-1.9140183024197346,7.539032926363188,2.6811015477148556,2.555437794591693,4.006528721671415,-1.6329513020732653,6.774203784134035,1.3114876770931752,0.9030605039431036,12.78,7.100696185506126,11.93,5.584520171446035,10.95,5.7688139889664365,13.17,0.9567525440349492,0.96,7.976242480946537,9.86,NA,NA,NA,NA,NA,NA
R516538,completed,hmp_active,38,Woman,White,Yes,no,above_median,college_graduate,NA,7,0,0,0,1,1,1,1,0,0,1,0,0,1,0,0,no,1,0,0,0,0,0,0,1,0,0,1,1,0,0,0,0,9,5,48.8,6.88,8,7,42.7,6.8,8,8,40.5,6.33,5,9,42.7,6.56,5,7,42.2,7.7,3,2,51.3,7.33,0.62835,1.99,0.7348499999999999,1.8250000000000002,3.2102309495642083,-4.491770619539225,-3.5057229317896503,7.098557498331971,3.2193107103771927,2.8709602828385874,-4.661376684258595,-3.318845890250653,5.80408302471456,3.5717632298965136,3.5113939765553748,6.25,0.2812959849887263,8.11,0.4666849313500836,7,0.5647464142242873,4.35,0.1755883110853109,5.39,1.4797500832657855,2.33,6,0,0,4,0,0
R675719,completed,hmp_full,24,Woman,White,No,yes,below_median,college_graduate,NA,13,1,1,1,1,1,1,0,0,0,1,0,0,0,0,0,no,0,0,0,0,0,0,0,0,NA,NA,NA,NA,NA,NA,NA,NA,9,17,50.5,4.3,15,18,42.7,4.6,16,18,57.7,4.9,17,19,46.3,5.7,11,16,41.1,7.3,5,10,42.7,5.9,NA,NA,NA,NA,NA,NA,NA,NA,NA,NA,NA,NA,NA,NA,2.7751423157469235,12.24,5.988375644929782,3.95,3.350758584984391,11.31,5.731296385736679,7.69,NA,NA,3.462767037022517,6.7,12,20,16,0,0,0
R572280,completed,hmp_active,23,Woman,White,Yes,no,below_median,not_college_graduate,NA,12,1,1,1,1,1,1,1,1,1,1,1,1,1,1,1,yes,0,0,0,1,0,0,0,0,0,0,0,0,0,0,0,0,14,11,63,6.9,18,16,65.9,5.6,16,15,62.3,5.5,16,11,60.2,5.2,18,14,55.8,5.9,19,10,52,4.8,6.6882,0.86,21.299999999999997,0.5700000000000001,2.8931719396218782,-3.716622553789504,-3.042917922931822,6.934702601445533,7.61229227506848,2.751801374219366,-3.5909072662668526,-3.007802449445628,7.890398769975994,3.5644800932483793,6.758069218168111,11.88,8.672694788229729,10.87,6.66564667652974,4.17,3.6460786845418536,7.19,8.43904336074818,7.55,4.3252053967973305,7.54,14,0,0,0,0,0
R965543,completed,hmp_full,29,Woman,White,Yes,no,above_median,college_graduate,NA,10,1,1,1,1,1,1,NA,NA,NA,1,1,0,1,1,0,yes,0,0,0,0,1,0,0,0,NA,NA,NA,NA,NA,NA,NA,NA,5,4,58,6.7,NA,NA,NA,NA,6,9,56.2,7.1,10,9,56.5,6.8,3,2,46.3,6.67,NA,NA,NA,NA,NA,NA,NA,NA,NA,NA,NA,NA,NA,NA,NA,NA,NA,NA,2.336644931849801,10.1,NA,NA,NA,NA,1.920374648069948,7.04,2.4226792883931183,11.36,NA,NA,8,27,46,15,0,140
R577256,completed,hmp_full,26,Man,White,Yes,no,below_median,college_graduate,NA,15,0,1,1,1,0,1,0,0,0,0,0,0,0,0,0,no,0,0,0,0,0,0,0,0,NA,NA,NA,NA,NA,NA,NA,NA,13,12,57.9,4.5,16,13,61.3,4.1,15,13,60.7,4.6,14,11,59.1,4.5,9,9,60.2,6,8,7,57.9,5.4,0.1065,0.46,0.19169999999999998,0.3,3.197206413822965,-2.161706923412699,-1.6813415223757457,6.850346115190944,3.9498702594456194,1.676157205866923,2.301826463870275,-1.1339102545025221,-1.1339102545025221,2.62728986119104,1.6639449054227016,1.16,2.3168596901417504,4.76,NA,NA,0.1592288120071099,4.64,0.4528881238498201,2.44,0.6842418724460427,8.42,11,0,61,0,0,0
R565661,completed,hmp_active,58,Woman,White,Yes,no,below_median,college_graduate,NA,8,1,0,1,0,1,1,NA,NA,NA,1,1,1,NA,NA,NA,no,0,0,1,0,0,0,0,0,NA,NA,NA,NA,NA,NA,NA,NA,5,9,62.6,7.4,11,13,59.4,2.1,NA,NA,NA,NA,NA,NA,NA,NA,NA,NA,NA,NA,NA,NA,NA,NA,NA,NA,NA,NA,NA,NA,NA,NA,NA,NA,NA,NA,NA,NA,3.1208561320379213,2.88,NA,NA,NA,NA,NA,NA,NA,NA,NA,NA,3,0,0,0,0,0
R875856,completed,hmp_full,24,Woman,White,Yes,no,below_median,college_graduate,NA,5,0,0,0,0,0,0,1,0,0,1,0,0,1,0,0,yes,0,0,0,0,0,0,0,0,0,0,0,0,0,0,0,0,6,3,50.4,8,9,8,54.3,7.4,7,5,50.4,8.3,10,10,57.4,7.7,11,11,54.3,8.1,6,3,49.6,7.9,4.281299999999999,0.78,11.832149999999999,0.8,3.08689928415984,-2.8874227590977113,-2.0568291238921823,5.840839026834724,7.261917121927787,3.218367347960479,1.5067769195363208,0.7432693711002591,5.375220579765992,5.241490478745386,3.1761708477212944,9.76,4.885127997987734,9.55,3.118728949921196,4.5,7.912195478293843,8.39,5.504469986904447,9.86,7.262606557725856,8.54,12,20,31,0,0,0
R817535,completed,hmp_active,48,Woman,White,Yes,no,below_median,college_graduate,NA,9,1,0,1,0,1,1,1,0,1,1,1,1,NA,NA,NA,no,0,0,0,0,0,0,NA,0,0,0,1,0,0,0,0,0,7,13,59.4,6.89,15,14,68.9,6.6,NA,NA,NA,NA,12,13,67.1,6,NA,NA,NA,NA,14,13,70.6,6.4,0.8839499999999999,0.38,0.7029,0.24,3.0798011123792532,-3.6251946458490867,-2.8952035409462082,7.956170305053825,5.3329733550051115,3.180505876195867,2.052110088769739,-3.090620155287983,7.2561740627831846,3.294574243709743,0.3099807272188882,5.98,5.57748595705675,9.15,NA,NA,3.804191793017959,7.43,NA,NA,0.86253233996764,8.61,12,0,0,1,0,0
R285471,completed,hmp_active,31,Woman,White,Yes,no,above_median,college_graduate,NA,16,1,0,1,0,1,1,NA,NA,NA,1,0,1,1,0,1,yes,NA,NA,NA,NA,NA,NA,NA,NA,NA,NA,NA,NA,NA,NA,NA,NA,16,16,63,2.4,7,12,56.5,5.9,3,11,47.4,7.2,2,8,52.7,7.2,1,8,62,6.4,NA,NA,NA,NA,NA,NA,NA,NA,NA,NA,NA,NA,NA,NA,NA,NA,NA,NA,3.427020415939756,8.18,3.95412958334252,8.5,2.7582554726519124,10.69,1.695370405401141,6.38,NA,NA,NA,NA,22,0,0,2,0,0
R710603,completed,hmp_active,42,Woman,White,Yes,no,above_median,college_graduate,NA,6,0,0,0,0,0,0,NA,NA,NA,0,0,0,0,0,0,no,0,0,1,0,0,0,0,0,NA,NA,NA,NA,NA,NA,NA,NA,0,0,38.8,9.4,2,2,50.5,7,1,0,46.3,7.6,0,2,47.4,8.3,0,0,46.3,8.3,NA,NA,NA,NA,NA,NA,NA,NA,NA,NA,NA,NA,NA,NA,NA,NA,NA,NA,1.1062600910504763,12.83,7.158031581084469,16.03,NA,NA,NA,NA,NA,NA,NA,NA,6,0,0,3,0,0
R437701,completed,hmp_active,38,Woman,Black,No,NA,below_median,not_college_graduate,NA,9,1,1,1,1,1,1,0,0,0,0,0,0,NA,NA,NA,no,0,0,0,0,0,0,0,0,0,0,0,0,0,0,0,0,10,10,62,6.1,NA,NA,NA,NA,NA,NA,NA,NA,NA,NA,NA,NA,NA,NA,NA,NA,12,7,64.7,5.4,1.5229499999999998,0.56,1.71465,0.48,2.2263718455042927,-2.1583895824706167,-1.4032412801649494,5.739586120996671,6.42916964702297,2.4994209539786274,4.661163305120209,-1.5159911012625935,4.735912781903295,5.075682630746065,3.515009926464469,8.09,NA,NA,NA,NA,NA,NA,NA,NA,0.9583264181077792,13.64,12,0,0,6,0,0
R694648,completed,hmp_full,55,Woman,White,Yes,no,below_median,college_graduate,NA,8,0,0,0,0,1,1,NA,NA,NA,0,0,0,0,0,0,no,0,0,0,0,0,0,0,0,NA,NA,NA,NA,NA,NA,NA,NA,4,7,55.8,8,3,6,52.7,7.7,0,6,52.7,7.33,NA,NA,NA,NA,0,0,46.3,8.4,NA,NA,NA,NA,NA,NA,NA,NA,NA,NA,NA,NA,NA,NA,NA,NA,NA,NA,NA,NA,NA,NA,NA,NA,NA,NA,NA,NA,NA,NA,5,0,25,2,0,5
R819586,completed,hmp_full,49,Woman,NA,NA,no,below_median,not_college_graduate,NA,7,0,0,0,0,0,0,0,0,0,0,0,0,0,0,0,no,0,0,0,0,0,0,0,0,0,0,0,0,0,0,0,0,7,6,70.6,6.9,4,2,64.1,7,4,3,60.5,8.2,3,2,64.1,8.9,3,2,65.4,8.4,4,3,63,7.6,16.53945,0.74,13.1847,1.34,3.115049296357281,7.722243507090562,-2.881973952399273,6.364987603032555,4.86172930577448,3.1191723871699923,5.319483304671252,-2.524670108699163,3.330401813503264,4.6006129828115485,2.640417038440705,7.11,1.641405337511298,15.18,3.187772501537842,8.86,5.420122153626632,12.77,0.95815593699663,6.67,2.2736543813805468,9.85,6,0,18,0,0,0
R704937,completed,hmp_active,48,Woman,White,Yes,no,above_median,not_college_graduate,NA,11,1,1,1,1,1,1,0,0,0,0,0,0,0,0,0,no,1,0,0,0,0,1,0,0,0,0,0,0,0,0,0,0,10,8,57.1,5.8,12,9,63,4.44,10,6,46.3,6.3,11,10,52.7,6.9,10,5,46.3,7.6,2,2,53.5,8.3,0.18105000000000002,0.41500000000000004,0.13845,0.05500000000000001,2.9853577589929983,1.3595730602679084,-1.9872280357401304,6.917537810942683,1.4467591687450156,3.0235406141695016,-2.5570712362741412,-1.9559773982247437,7.125278820339902,3.8990945239776833,1.8597203483681497,8.99,1.5205269052011008,10.98,3.7057073642327696,12.72,6.344518691085704,6.82,1.6016888688847482,6.52,0.2020266789063518,7.02,26,0,0,29,0,0
R785483,completed,hmp_active,28,Man,White,Yes,no,below_median,college_graduate,NA,6,1,0,1,1,1,1,0,1,1,1,0,0,1,0,0,no,0,0,0,0,0,0,0,0,0,0,0,0,0,0,0,0,6,4,52.7,6.1,10,6,55.8,5.38,6,6,50.4,5.4,6,4,50.4,5.9,5,4,51.8,6.2,6,3,54.3,6,5.921399999999999,0.77,NA,NA,2.382760514226941,6.200845538050929,-1.2158272199022726,-1.2158272199022726,-1.2158272199022726,3.0869462217567993,3.681148330100532,-1.6857072148202892,5.341607299219487,4.001268141519531,6.0784317936353975,6.11,4.121109003873152,10.36,3.1401898865376263,10.77,2.115359930383301,9.58,0.7985197968383047,6.25,2.75498253315824,13.68,23,0,0,0,0,0
R842041,completed,hmp_active,28,Man,White,Yes,no,above_median,not_college_graduate,NA,8,1,1,1,1,1,1,0,0,0,0,0,0,0,0,0,no,0,0,0,0,0,0,0,0,NA,NA,NA,NA,NA,NA,NA,NA,7,9,37.1,8.2,5,9,35.8,7.9,NA,NA,NA,NA,NA,NA,NA,NA,6,13,46.8,7.5,5,11,42.2,7.1,NA,NA,NA,NA,NA,NA,NA,NA,NA,NA,NA,NA,NA,NA,0.3101190518116782,2.82,7.815977056822944,0.71,NA,NA,NA,NA,0.1887595226765854,4.11,4.362159973507822,3.85,5,0,0,1,0,0
R636971,completed,hmp_active,34,Woman,Black,No,no,below_median,not_college_graduate,NA,6,1,1,1,1,1,1,NA,NA,NA,0,0,0,NA,NA,NA,no,0,0,1,1,0,0,0,1,NA,NA,NA,NA,NA,NA,NA,NA,9,5,63,3.1,3,5,37.7,6.8,5,1,52.7,6.1,0,0,26.3,9.11,NA,NA,NA,NA,NA,NA,NA,NA,NA,NA,NA,NA,NA,NA,NA,NA,NA,NA,NA,NA,NA,NA,NA,NA,NA,NA,NA,NA,NA,NA,NA,NA,NA,NA,4,0,0,0,0,0
R314307,completed,hmp_full,59,Woman,White,Yes,no,above_median,college_graduate,NA,11,1,0,1,0,1,1,1,0,0,1,0,0,1,0,0,no,0,0,0,0,0,0,0,0,0,0,0,0,0,0,0,0,8,11,54.3,8.4,7,12,54.3,7.9,6,5,46.3,7.56,5,11,46.3,7.5,0,5,29.7,8.4,1,4,35.7,8.2,0.31949999999999995,0.5800000000000001,0.39404999999999996,0.505,1.7306319884306613,3.9869219054689555,-1.2389954269593293,2.128300403027145,3.4149649231981942,2.633114332723306,0.5271980029500467,-1.615945959542731,3.259251363658421,1.9949719531014933,5.949578899625595,9.86,4.947003470310423,7.55,3.0211099383214037,5.59,4.233525701585503,9.83,4.1696029171527424,5.82,3.145657639867161,9.94,27,84,93,72,365,120
R415490,completed,hmp_full,63,Woman,White,Yes,no,below_median,college_graduate,NA,10,0,1,1,1,0,1,0,0,0,0,0,0,0,0,0,yes,0,0,0,0,0,0,NA,0,0,0,0,0,0,0,0,0,11,10.5,65.2,4.4,11,9,66.5,4.9,10,7,64.6,5,10,6,67.7,4.9,10,6,67.7,5.1,9,6,64.1,6.9,0.2556,0.51,0.19169999999999998,0.16,2.8014975476439714,-2.8176805123314264,-1.8352400167000993,6.846959009300405,6.6512877604052525,2.6451881797987116,-2.1463079794731423,-1.4978659290551364,7.013510377039536,6.192420091621631,NA,NA,4.842934427848145,11.27,4.523072095087785,11.54,3.619505416603652,8.81,3.658931705043253,9.09,3.2926306607539075,10.26,15,7,25,20,120,20
R386093,completed,hmp_active,33,Woman,Black,No,NA,below_median,NA,NA,11,1,1,1,1,1,1,0,0,0,1,0,0,0,0,0,no,0,0,1,0,0,1,0,0,0,0,1,0,0,0,0,0,13,17,55.8,7,NA,NA,NA,NA,NA,NA,NA,NA,16,17,63,6.7,9,8,56.5,6,9,19,55.8,6.2,0.13845,1.51,0.1491,1.29,2.477680110083463,3.198735904545231,-1.183958317584942,1.8605641201384808,4.078731871319944,2.542476626916481,-1.750177479723718,-1.3336247691866587,1.710897668536764,1.4995885748695572,NA,NA,NA,NA,NA,NA,3.8618034542845785,6.47,3.8499613983825656,9.14,5.884342125765123,9.58,12,0,0,0,0,0
R399533,completed,hmp_full,48,Woman,more_than_one,No,no,below_median,college_graduate,NA,15,1,0,1,1,1,1,0,0,0,0,0,0,0,0,0,no,0,0,1,0,0,0,0,0,0,0,0,0,0,0,0,0,15,14,55.5,6.9,11,9,57.9,6.4,9,8,60.1,6.89,4,8,51.9,8.7,8,6,53.3,7.7,5,3,47.9,8.9,1.2567,0.57,0.96915,0.44,2.468754739140189,-1.7014022847000851,-1.5108061035451767,7.526489548417262,-1.5108061035451767,3.030059778544256,1.7253859782799865,-1.9628822028817563,6.861942736293882,2.2712243017155034,1.7922367219504656,7.35,4.499548138322796,3.7,2.759170174988058,5.43,1.811029597542116,1.8,2.0502912592994678,10.68,1.2231759080823892,6.56,9,40,21,20,75,5
R224186,completed,hmp_active,35,Woman,NA,No,yes,above_median,college_graduate,NA,8,1,1,1,1,1,1,0,1,1,1,1,1,1,1,1,yes,0,0,1,0,0,0,0,1,NA,NA,NA,NA,NA,NA,NA,NA,11,14,57.9,4.2,11,12,61.2,4.1,NA,NA,NA,NA,9,6,61.2,3.7,11,10,60.6,3.4,11,9,59.5,3.6,0.96915,0.57,3.03525,0.69,2.841701415960859,2.277296926494198,-1.7257731956086055,4.316859638073775,3.26465939117013,2.8745897466989274,3.252417422786227,-2.018500010703024,5.325572839870041,3.4410855034411347,7.3944041676551135,10.14,NA,NA,NA,NA,4.429100228395123,8.27,4.677611094515448,8.21,7.206523128211339,11.9,6,0,0,1,0,0
R159673,completed,hmp_active,56,Woman,White,Yes,no,below_median,college_graduate,NA,15,1,0,1,1,1,1,1,1,1,0,1,1,0,1,1,yes,1,0,0,0,0,0,0,0,0,0,0,0,0,0,0,0,10,2,61.2,6.4,10,6,60.5,6.2,9,4,57.1,6.7,10,7,55.6,6.7,4,3,51.2,8.1,5,4,57.9,8.1,1.0436999999999999,1.28,0.8307,0.69,3.0357345646749847,-2.422805966902844,4.6333752645184125,6.022387546162138,3.791248046468132,2.969892814805439,0.4898029190590907,-1.868075811211086,5.6693542253754226,1.2674184047180634,2.5714947373470864,7.75,3.254839667241664,7.02,0.2251411787504036,6.36,0.1770826450351663,3.87,0.3489584283670327,11.21,6.119484870842731,8.67,12,0,0,8,0,0
R407223,completed,uc,44,Woman,White,Yes,no,below_median,college_graduate,NA,5,1,0,1,1,1,1,1,0,0,1,0,0,1,0,0,yes,0,0,0,0,0,0,0,0,0,0,0,0,0,0,0,0,5,2,57.9,8.1,6,5,55.8,6.7,9,7,54.3,6.3,5,3.5,51.8,6.6,8,5,60.6,6.7,8,5,56.1,7.7,3.2588999999999997,0.36,2.90745,0.65,3.1416959042856276,1.3601777234063652,-0.5028338313162082,0.5957784573519014,4.316827194399229,3.131679002036389,1.3356799621819198,-2.5257413507428805,7.163995895495632,5.84965783505547,1.488237323541059,11.76,2.0047422919619606,14.11,4.289506693407233,11.88,1.849609547956998,6.64,6.143757630188967,12.17,0.8821869589449418,8.81,NA,NA,NA,NA,NA,NA
R548346,completed,hmp_full,26,Woman,White,Yes,no,below_median,college_graduate,NA,6,1,0,1,0,1,1,0,0,0,0,0,0,0,0,0,dont_know,1,0,0,0,0,0,0,0,1,0,0,1,0,0,1,1,6,8,52.7,7.6,7,11,56.5,7.5,5,6,55.8,7.4,4,4,48.8,7.56,5,5,50.4,7.6,3,3,55.8,8.2,1.54425,0.41000000000000003,3.3867,0.52,3.2272709635233268,1.8452615350544717,2.3855151087411364,7.058343943203042,7.410923251514923,3.019475949405253,0.5024328834582907,2.4979320277891914,6.5061764209413475,8.013862359782564,1.1981494507554054,7.85,3.346613980129671,6.64,0.6178530682323982,8.57,0.8057585068110455,7.98,0.1573700762689154,12.56,3.166079412216214,6.96,16,55,20,0,0,0
R553602,completed,hmp_full,44,Woman,more_than_one,No,no,below_median,not_college_graduate,NA,10,1,1,1,1,1,1,NA,NA,NA,1,0,1,NA,NA,NA,no,1,0,0,0,0,0,0,0,NA,NA,NA,NA,NA,NA,NA,NA,10,6,69.2,3.1,NA,NA,NA,NA,NA,NA,NA,NA,NA,NA,NA,NA,NA,NA,NA,NA,NA,NA,NA,NA,NA,NA,NA,NA,NA,NA,NA,NA,NA,NA,NA,NA,NA,NA,6.110372362705996,9.29,NA,NA,NA,NA,NA,NA,NA,NA,NA,NA,2,0,0,0,0,0
R854798,completed,hmp_full,36,NA,White,Yes,no,below_median,college_graduate,NA,9,0,0,0,1,0,1,0,0,0,0,0,0,1,0,0,no,0,0,0,0,0,0,0,0,0,0,0,0,0,0,0,0,6,9,59.6,2.9,7,5,60.2,3.2,6,8,57.9,3.1,9,7,57.9,3.2,7,7,59.6,2.9,9,9,62,3.4,0.11714999999999999,0.35,20.3841,NA,2.5378314099667025,3.9849891915862936,-1.7209702325235607,5.26652001447743,-1.7209702325235607,2.7133601443437696,-1.9910374398424104,-1.4324010403327703,7.192928809688045,7.029913489573477,NA,NA,5.323156563579016,11.51,3.370352836767164,5.45,3.9275077480917937,5.42,NA,NA,6.327195470402759,7.83,22,64,20,6,5,20
R731118,completed,hmp_active,25,Woman,White,Yes,no,above_median,college_graduate,NA,9,0,0,0,1,0,1,0,0,0,0,0,0,0,0,0,no,0,0,0,0,0,0,0,0,0,0,0,0,0,0,0,0,8,3,41.1,6,4,0,44.2,5.9,3,3,46.8,5.6,5,2.33,55.8,6,1,1,47,6.1,2,0,44.2,7.1,1.65075,0.81,1.6294499999999998,0.74,2.6212136532327897,-2.579654409007801,-1.8778676328722992,6.532853314033421,2.73725288396896,2.8848630979864276,-2.1502161797305948,1.9030639932712867,6.961085735152664,1.8054255237073706,NA,NA,NA,NA,NA,NA,NA,NA,NA,NA,NA,NA,6,0,0,1,0,0
R824330,completed,hmp_full,29,Woman,White,Yes,no,above_median,college_graduate,NA,14,1,1,1,1,1,1,NA,NA,NA,1,1,0,NA,NA,NA,no,0,0,1,0,0,0,1,0,NA,NA,NA,NA,NA,NA,NA,NA,12,16,54.3,4.2,12,14,55.8,4.7,NA,NA,NA,NA,NA,NA,NA,NA,NA,NA,NA,NA,NA,NA,NA,NA,NA,NA,NA,NA,NA,NA,NA,NA,NA,NA,NA,NA,NA,NA,0.1828822626107791,9.68,NA,NA,NA,NA,NA,NA,NA,NA,NA,NA,6,10,0,0,0,0
R683321,completed,hmp_full,35,Woman,White,Yes,no,above_median,college_graduate,NA,7,0,0,0,0,0,0,0,0,0,0,0,0,0,0,0,yes,0,0,0,1,0,0,0,0,0,0,0,0,0,0,0,0,5,7,50.2,6.9,2,3,53.5,7.5,3,3,50.4,6.7,3,4,52,6.9,1,3,50.4,7.2,1,3,50.4,7.3,2.69445,0.68,3.3547499999999997,0.36,2.7435665853056355,-2.0709843421101755,-1.47863455137727,7.92850539657352,-1.47863455137727,2.8377984899375517,-2.211386984733807,-1.4868928700205366,7.029700141323668,-1.4868928700205366,1.7815575158214334,10.56,6.2717547137832526,8.93,6.03517568193968,3.43,2.1767663351481508,8.65,0.3620443933080619,6.34,0.2702229543454391,4.21,10,57,10,20,125,185
R224832,completed,hmp_active,47,Woman,White,Yes,no,above_median,college_graduate,NA,5,1,0,1,1,1,1,0,0,0,0,0,0,0,0,0,no,0,0,0,0,0,0,0,1,NA,NA,NA,NA,NA,NA,NA,NA,4,9,43.3,5.4,7,17,59.6,5.1,8,12,55.8,4.8,7,9,55.8,5.4,6,8,57.9,5.8,9,8,53.5,4.6,1.88505,0.48,3.52515,0.26,2.8374820652429693,-2.5365486000048456,-1.651808809137627,6.107378629370169,6.1710364811421465,2.834049892507727,-2.6323923369052618,-1.7933322276062804,6.796181625389583,4.980891658751334,NA,NA,2.721936688295407,8.03,7.3404855243896865,10.69,4.867640496090497,8.82,2.896296979002223,10.26,3.398107603136517,13.13,25,0,0,2,0,0
R973650,completed,hmp_active,28,NA,White,Yes,no,below_median,college_graduate,NA,19,1,1,1,1,1,1,1,0,1,0,0,1,0,0,1,no,0,0,0,0,0,0,0,0,NA,NA,NA,NA,NA,NA,NA,NA,15,18,63,4.4,19,19,63,4,15,14,59.4,4.4,14,13,63,4.3,16,16,71.1,2.8,16,16,64.1,3.5,NA,NA,NA,NA,NA,NA,NA,NA,NA,NA,NA,NA,NA,NA,4.963907904196018,11.92,1.8332057945321087,9.56,NA,NA,NA,NA,NA,NA,NA,NA,7,0,0,2,0,0
R355332,completed,uc,51,Woman,White,NA,NA,below_median,not_college_graduate,NA,8,0,0,0,1,1,1,0,0,0,0,0,0,0,0,0,no,0,0,0,0,0,0,0,0,0,0,1,0,0,0,0,0,8,9,58.7,5.2,9,8.17,47.9,NA,8,8,50.4,5.4,6,6,50.4,4.7,8,7,50.4,4.9,4,6,52,5.6,2.0980499999999997,1.19,0.8839499999999999,0.56,2.6932174154531903,2.512947683146851,-1.6639855094173501,5.287786654981561,2.5701209951799093,2.972228000973795,-2.689074606389185,-1.9757920197254344,6.297799778474197,6.032240827243873,1.898673331740455,12.61,2.13684779115613,10,0.515185612940421,13.79,0.36945965007591,14.1,1.7386401712693271,11.38,0.5328901751173182,5.29,NA,NA,NA,NA,NA,NA
R649377,completed,hmp_active,51,Woman,more_than_one,No,no,below_median,not_college_graduate,NA,10,1,0,1,1,1,1,0,0,0,0,0,0,0,0,0,yes,0,0,0,0,0,0,0,0,0,0,0,0,0,0,0,0,8,15,57.9,6,2,0,54.3,6.3,10,5,55.8,6.1,9,7,55.8,5.9,8,4,50.4,5.7,0,1,26.3,7.7,0.92655,0.41,1.1928,0.46,1.7175105871715954,5.0813780191420594,-1.6258745621484807,-1.6258745621484807,0.32003558690683265,2.7045110238777834,1.9469733641868254,-2.42491690275821,7.046479185602043,-0.027021629959839366,2.691469341233005,8.15,1.2641809677502671,4.84,4.738899683221138,8.26,1.2321166833950763,13.41,1.7607002126830755,4.88,0.2331956352726736,8.54,20,0,0,22,0,0
R805930,completed,hmp_full,29,Woman,White,Yes,no,below_median,college_graduate,NA,6,1,0,1,0,1,1,0,0,1,0,0,1,0,0,1,no,0,0,0,0,0,0,0,0,0,0,1,0,0,0,0,0,5,1,47.9,6.5,3,2,40.3,6.3,2,4,40.3,5.3,2,4,26.3,6,2,2,30,6.9,2,0,26.3,8,1.13955,0.1,0.6816,0.58,2.942350798627914,-3.251151013087998,-2.487784972860112,6.394190211388755,2.688364759713717,2.959914045043207,-3.328381414024741,-2.344030848896226,7.360700840382522,2.6327028935243484,0.3113297648509582,10,0.1617483937499436,4.97,4.836258723642106,7.78,1.0994516476697933,6.31,3.708032227955469,10.67,0.2140266019550999,3.53,6,15,0,0,0,0
R605510,completed,hmp_full,60,Woman,White,Yes,no,below_median,college_graduate,NA,7,1,1,1,1,1,1,0,1,0,0,0,1,0,1,1,no,0,0,0,0,0,1,0,0,0,0,0,0,0,0,0,0,7,2,52.5,4.1,17,11,50.4,3.2,NA,NA,NA,NA,12,8,61.2,3.9,10,9,57.9,4.5,9,5,51.8,2.89,0.94785,0.785,21.299999999999997,0.595,2.463807159635642,2.7783046049578686,-1.0950700073666861,7.259368932748125,-1.0950700073666861,3.4040116161884373,-2.5539181577274395,-2.132912181691159,5.256651771986476,3.6871707486612024,2.1490339749520397,7.04,NA,NA,NA,NA,NA,NA,4.698160387466255,10.94,NA,NA,15,7,30,42,165,145
R821275,completed,hmp_active,32,Man,White,No,yes,below_median,not_college_graduate,NA,9,1,1,1,1,1,1,0,0,0,0,0,0,0,0,0,no,0,0,NA,0,0,0,0,0,1,0,0,0,0,0,0,0,9,6,64.9,7.4,12,7,63,5.7,8,8,61.9,5.6,6,6,62,6.6,6,7,61.3,7.6,6,2,52.7,6.6,1.16085,0.68,2.56665,0.75,2.9438494191865785,0.8317751263380804,-1.8920431969824913,6.359881516818865,2.9831541262186607,1.951246363699652,5.221322040846262,-0.8389773334702951,3.335409936425342,-0.8389773334702951,3.342676243416704,7.48,6.317684479323686,7.87,4.798592554972406,12.21,0.2694375658348064,6.76,0.8869679577897256,10.16,3.16006006694144,7.96,21,0,0,1,0,0
R162275,completed,hmp_full,24,NA,White,Yes,no,below_median,NA,NA,15,1,1,1,1,1,1,0,0,0,0,0,0,0,0,0,no,0,0,0,0,0,0,0,0,0,0,0,1,0,0,0,0,19,19,76.5,5.8,14,17,68.9,6.6,16,18,70.6,8,11,9,53.3,8.5,8,8,56.5,9.1,6,3,47.4,9.5,0.36210000000000003,0.61,0.45794999999999997,0.38,2.9988801297914045,-0.8012514006373204,-1.92249093742473,6.68873889591789,6.271462086139012,2.9085294063185145,-2.3343009521646265,-1.5895761174046434,6.76721355251857,5.683516478594878,NA,NA,6.57683818022963,11.05,NA,NA,NA,NA,3.0639953879224024,12.87,2.0707609103269293,8.21,13,27,40,5,5,5
R756235,completed,uc,41,Woman,White,Yes,no,below_median,not_college_graduate,NA,14,1,1,1,1,1,1,NA,0,0,0,0,0,0,0,0,yes,0,0,0,0,0,0,0,1,0,0,0,0,0,1,0,0,13,7,63,3,17,11,64.1,3.9,16,12,64.1,4.3,13,9,64.1,3.7,12,9,64.1,4.56,12,11,64.1,4.7,0.7348499999999999,1.02,7.060949999999999,0.81,2.8436563587187447,1.6143543530938245,-3.3515725706960917,4.736374983946577,5.0488620601099505,2.413634674141889,2.4648413579083464,-2.9275122895626096,-1.318074377128509,5.396338841776208,4.955196922439554,8.44,5.496134423160438,4.42,5.343458821158114,5.97,0.7433123397993563,10.29,4.5309093304571,10.36,3.0062790902827827,8.26,NA,NA,NA,NA,NA,NA
R733885,completed,hmp_full,38,Man,White,Yes,no,above_median,college_graduate,1,8,1,0,1,0,1,1,0,0,0,0,0,0,0,0,0,no,1,0,0,0,0,0,0,0,1,1,1,0,0,0,0,0,7,8,55.8,6.6,6,6,53.2,7.3,5,6,55.8,8.1,7,5,55.8,7.1,3,4,47.4,8.3,4,10,55.8,7.2,0.03195,267.49,0.0213,134.67,2.893679211310419,-2.3211252326142935,-1.5350152983833558,7.107752715940948,5.598280656512713,2.8448412987657004,-1.8702509471746658,-1.2847488312326454,6.872048215443005,6.679059121998805,3.207866884981553,6.9,3.3282239110641347,10.23,2.9820109148479714,9.68,3.626927883598972,8.82,0.3138739006126445,8.89,1.3112270506339307,3.73,13,7,158,3,0,30
R944310,completed,hmp_active,50,Woman,White,Yes,no,below_median,not_college_graduate,NA,5,0,0,0,0,0,0,NA,NA,NA,0,0,0,NA,NA,NA,no,0,0,0,0,0,0,0,0,NA,NA,NA,NA,NA,NA,NA,NA,7,12,51.8,2.5,NA,NA,NA,NA,NA,NA,NA,NA,NA,NA,NA,NA,NA,NA,NA,NA,NA,NA,NA,NA,NA,NA,NA,NA,NA,NA,NA,NA,NA,NA,NA,NA,NA,NA,4.698901002103046,11.07,NA,NA,NA,NA,NA,NA,NA,NA,NA,NA,1,0,0,0,0,0
R264312,completed,uc,59,Woman,White,Yes,no,below_median,not_college_graduate,NA,16,1,0,1,1,1,1,0,0,0,0,0,0,0,0,0,no,0,0,0,0,0,0,0,0,0,1,1,0,0,0,0,0,7,6,61.4,7,14,15,59,5.7,4,3.5,54.3,5.6,8,7,56.5,6,9,0,54.3,7.4,11,7,65.9,7.9,1.7678999999999998,0.625,1.41645,0.44,2.8528364738614562,0.34574333375887534,-1.9308000408938453,1.6245480205955685,1.5657075205726347,2.9345573689340605,-2.6183371541843856,-1.9073671175160714,-1.9073671175160714,0.4905281552822993,NA,NA,NA,NA,NA,NA,NA,NA,NA,NA,0.2061697286494054,10.71,NA,NA,NA,NA,NA,NA
R202818,completed,hmp_active,38,Woman,White,Yes,no,below_median,college_graduate,NA,14,1,0,1,1,1,1,0,0,0,0,0,0,0,0,0,no,0,0,0,1,0,0,0,0,1,0,0,1,0,0,0,1,13,6,61.3,7.8,2,3,55.6,8.1,5,4,51.9,8.6,6,1,63,8.6,5,2,63.5,8.2,2,1,47.9,9.1,0.05325,0.89,0.0426,0.28500000000000003,2.9405950114341897,1.4874179653564679,-2.311642794727378,7.224181086927336,5.636742490384521,3.2504306653568227,-4.885981995464183,-3.5616022388581885,6.965923544585552,5.3396281132525925,4.087349176988927,4.35,0.35139132454456,3.88,3.741192712596693,8.66,4.075662380323168,7.87,3.277210382647901,10.4,6.130312785223516,12.21,19,0,0,2,0,0
R350111,completed,hmp_active,25,Woman,White,Yes,no,below_median,college_graduate,NA,9,1,1,1,1,1,1,0,1,0,0,1,0,0,1,0,yes,0,0,0,1,1,0,0,0,NA,NA,NA,NA,NA,NA,NA,NA,15,8,71.9,5.9,11,9,68.4,4.5,13,8,73.8,5.89,12,9,72.4,6.2,6,2,65.9,5.9,4,0,55.8,7.3,NA,NA,NA,NA,NA,NA,NA,NA,NA,NA,NA,NA,NA,NA,0.3711420053862736,4.64,5.974023318776736,3.61,NA,NA,NA,NA,NA,NA,2.941056130723808,2.89,9,0,0,6,0,0
R147846,completed,hmp_active,19,Woman,White,Yes,no,above_median,not_college_graduate,NA,18,1,1,1,1,1,1,NA,NA,NA,1,1,1,1,1,1,yes,1,0,0,0,0,0,0,1,NA,NA,NA,NA,NA,NA,NA,NA,16,12,54.3,7.2,14,15,59.6,6.2,NA,NA,NA,NA,9,8,63,7.6,7,11,56.2,7.5,NA,NA,NA,NA,NA,NA,NA,NA,NA,NA,NA,NA,NA,NA,NA,NA,NA,NA,3.828186828905008,11.43,0.17676360938242,5.09,NA,NA,6.449909024024338,9.21,0.4924669797091537,4.98,NA,NA,15,0,0,4,0,0
R764299,completed,uc,50,Man,White,No,yes,above_median,not_college_graduate,NA,7,0,0,0,0,0,0,0,0,0,0,0,0,0,0,0,no,0,0,0,0,0,1,0,0,0,0,0,0,0,0,0,0,1,3,48.8,7.8,0,0,43.3,7.8,0,1,41.1,8.2,0,0,44.2,7.7,0,0,44.2,8.5,0,0,41.1,8.2,2.7370499999999995,0.57,2.0767499999999997,NA,3.3071537541951903,1.7368039183684862,-2.2509975017324066,6.393532938145026,2.913788472191108,3.129923301450451,2.471652126791514,-1.8258538603303718,6.506695078922266,-1.8258538603303718,NA,NA,0.3234538342274481,3.13,1.3462700246071173,5.41,0.2632459856117227,2.11,1.71959495715049,3.03,0.2041631716896118,2.56,NA,NA,NA,NA,NA,NA
R803968,completed,hmp_full,37,Woman,more_than_one,No,NA,below_median,not_college_graduate,NA,7,1,1,1,1,1,1,1,1,1,1,1,0,0,1,0,yes,0,0,0,0,0,1,0,0,0,0,0,0,0,0,0,0,7,4,64.6,3,6,4.67,58.7,6.25,7,7,57.8,5.56,11,6,42.6,7,5,8.17,50.9,7.25,2,4,54.8,5.33,0.71355,0.675,0.47925,0.65,2.312592948344765,6.701783758888066,-2.39840846903969,8.88898308999369,5.912252436867534,2.6936572093127564,2.206354820621324,-2.389333359175735,8.955445606481842,4.659053049546148,NA,NA,NA,NA,5.670522901039612,14.58,NA,NA,1.9400637362361264,14.83,NA,NA,0,0,0,0,0,0
R227622,completed,hmp_full,32,Woman,White,Yes,no,below_median,not_college_graduate,NA,9,0,0,0,1,1,1,NA,NA,NA,1,1,1,1,1,1,yes,0,0,0,0,0,0,0,0,NA,NA,NA,NA,NA,NA,NA,NA,9,17,70.1,5,8,13,63,5.6,10,14,72.7,5.4,5,9,59.4,5.9,5,7,48.8,6.9,NA,NA,NA,NA,NA,NA,NA,NA,NA,NA,NA,NA,NA,NA,NA,NA,NA,NA,NA,NA,4.169210846620518,4.59,1.287452144199449,14.41,2.103352707231981,6.61,0.423700666909669,7.38,NA,NA,13,60,0,12,505,0
R265966,completed,hmp_active,37,Woman,White,Yes,no,below_median,not_college_graduate,NA,5,0,0,0,0,0,0,0,0,0,0,0,0,0,0,0,no,0,0,0,1,0,1,1,0,0,0,0,1,0,1,0,0,8,11,60.6,5.2,6,13,59.6,6.1,7,15,59.6,5.8,8,10,55.6,6.3,5,14,57.1,6.3,7,10,59.4,6.1,0.22365,0.26,0.1065,0.28,2.7503910637970166,3.358866831443967,-1.6622781496322394,7.31827162830794,1.6335587163720895,3.0270882067928797,2.682296887530291,-1.7624699347595723,6.216526436094543,1.2820525029638508,2.230672398296623,6.21,4.728892400119291,11.64,5.469746161526034,8.98,0.7263024301751047,3.23,NA,NA,2.2557298138715085,6.67,7,0,0,2,0,0
R792616,completed,hmp_full,50,Man,White,Yes,no,below_median,not_college_graduate,NA,13,1,1,1,1,1,1,1,1,0,0,1,1,0,0,0,no,0,0,0,0,0,0,0,0,0,0,0,0,0,0,0,0,14,11,51.8,2.44,10,6,54.3,4.8,5,4,42.7,4.44,5,3,47,5.2,4,1,50.4,5.4,3,3,50.4,5.9,1.26735,0.44999999999999996,3.9618,1.01,1.9863327873351408,-3.6763912607813087,-2.4573142206137155,7.114817981680661,1.3038858950798466,3.0182418637291013,0.5687957717550254,-2.965092219047105,7.642259877390164,2.5761713261113215,NA,NA,2.253718952677677,7.64,3.59454680149821,10.11,0.8754529575305673,8.12,3.5723644336361327,10.92,3.383807879737382,7.1,16,15,28,69,455,1115
R614531,completed,hmp_active,54,Man,White,Yes,no,below_median,college_graduate,NA,6,0,0,0,0,0,0,0,0,0,0,0,0,0,0,0,no,1,0,0,0,0,0,0,0,0,0,0,0,0,0,1,0,4,1,57.9,5.3,5,1,54.3,4.9,3,2,54.3,5.7,2,2,53.5,6.2,2,1,50.4,5.9,4,2,47.9,6.3,0.4366499999999999,0.84,0.5112,0.26,2.7049273148711346,-3.639395924118237,-2.856621864950538,-2.856621864950538,5.093175351211315,2.8584987603630116,-3.4472472765770252,-2.8069939840723372,2.8024778111126225,3.873860694717878,4.600245609865594,7.94,0.8351397439555146,3.41,0.9588787149711172,5.42,1.0778284397662872,3.82,0.2297194140760163,4.69,2.07647585067005,2.38,24,0,0,63,0,0
R475642,completed,hmp_full,27,Woman,Asian,No,no,below_median,college_graduate,NA,8,1,0,1,0,1,1,0,0,0,0,0,0,0,0,0,no,0,0,0,0,0,0,0,0,1,0,0,0,0,0,0,0,5,3,44.2,7.8,1,1,41.1,8.4,1,1,50.4,8.4,0,0,41.1,9,1,0,44.4,9,0,0,41.1,7.9,0.38339999999999996,0.55,2.6731499999999997,0.78,2.977893208771257,2.9518990474299556,-0.4262538456493239,7.529572024792685,6.470151552137226,2.659036773494219,1.9379113719630516,0.6222906088314633,8.562237182849705,6.705590405639931,6.113419839477327,9.24,0.3767027634147682,7.62,2.340720488802716,4.82,0.2428902507432636,7.5,0.8994887567744282,1.83,1.0784265019923749,11.33,16,0,35,0,0,0
R192673,completed,hmp_active,19,Woman,more_than_one,No,no,above_median,not_college_graduate,NA,6,1,0,1,0,1,1,1,0,0,0,0,0,0,0,0,no,0,0,0,0,0,0,0,0,0,0,0,0,0,0,0,0,4,2,59.4,6.4,7,6,57.9,6.2,5,2,52.7,7.8,6,1,44.2,6.8,1,1,41.1,9.4,1,2,26.3,8.3,1.0010999999999999,1.26,0.33015,0.53,2.70999387412398,3.8003076887623513,-2.3863544379896093,8.792006968628707,3.3850866851404064,2.894250545079558,3.4115509711814904,-2.614179332304902,8.552375063864867,3.0170324495164635,NA,NA,2.6147388414789274,10.36,3.4175957233968672,7.42,3.725545604979596,10.22,2.0935478111755894,10.36,NA,NA,7,0,0,1,0,0
R856607,completed,uc,36,Woman,NA,NA,no,below_median,not_college_graduate,NA,17,1,0,1,1,1,1,0,0,0,0,0,0,0,0,0,no,0,0,1,0,0,1,0,0,0,0,1,1,0,0,0,0,16,21,59.4,2.4,15,14,54.3,3,19,17,54.3,3.78,18,17,54.3,3.5,20,16,58,3.2,15,18,57.9,4,0.6176999999999999,0.535,2.8755,0.33,3.0000847124237797,-3.593354581029234,1.8550874738759902,5.377868206702859,3.2153448612128854,3.0112802015623075,-3.474548000746959,5.348398789982566,7.198608271181515,3.0881039049570753,2.969626734689379,11.11,1.561827365764069,10.71,NA,NA,NA,NA,3.707639000385344,16.28,4.5002146799754,16.3,NA,NA,NA,NA,NA,NA
R797496,completed,hmp_active,62,Woman,White,Yes,no,above_median,not_college_graduate,NA,8,1,1,1,1,1,1,0,0,0,0,0,0,1,0,0,no,0,0,1,0,0,1,0,0,0,0,0,0,0,0,0,0,6,3,57.1,7.56,7,6,59.4,6.56,4,1,61.2,7,7,6,55.8,6.89,3,3,47.4,7.44,7,9,59.4,6.83,1.07565,0.39,0.5751000000000001,0.15,2.9948931637698633,-3.23982131307989,-2.0983457995276584,4.476730041071962,2.7458412869309328,2.6671786470713488,-2.6260953411131225,-1.8539393665522645,4.114768193433101,1.7569785460919596,1.896485557707893,10.88,0.2022874045095682,6.45,NA,NA,NA,NA,NA,NA,3.205506896810019,7.54,23,0,0,1,0,0
R388474,completed,hmp_active,46,Man,White,Yes,no,below_median,not_college_graduate,NA,10,0,0,0,0,0,0,NA,NA,NA,0,0,0,0,0,0,no,0,0,0,0,0,0,0,0,NA,NA,NA,NA,NA,NA,NA,NA,8,4,60.6,5.5,5,7,54.3,6.8,7,3,47.9,5.8,4,4,54.3,5.9,3,3,47.9,6.9,NA,NA,NA,NA,NA,NA,NA,NA,NA,NA,NA,NA,NA,NA,NA,NA,NA,NA,4.472023752256937,0.68,3.17473045280414,10.12,3.635140627533224,4.55,1.2486415461496037,6.25,1.364994498211976,6.25,NA,NA,10,0,0,0,0,0
R456326,completed,hmp_full,28,Woman,White,Yes,no,below_median,not_college_graduate,NA,16,1,1,1,1,1,1,1,0,0,0,0,0,1,0,0,no,0,0,0,0,0,NA,0,0,NA,NA,NA,NA,NA,NA,NA,NA,19,13,55.3,1.5,NA,NA,NA,NA,NA,NA,NA,NA,NA,NA,NA,NA,6,8,52.7,3.2,6,6,60.6,3.9,NA,NA,NA,NA,NA,NA,NA,NA,NA,NA,NA,NA,NA,NA,3.450846678408022,15,NA,NA,NA,NA,NA,NA,2.334549844839994,6.76,NA,NA,4,7,46,7,0,25
R313723,completed,hmp_full,31,Woman,White,Yes,no,below_median,college_graduate,NA,6,1,0,1,1,1,1,0,1,0,0,1,0,0,1,0,no,0,0,0,0,0,0,0,0,0,0,1,0,0,0,0,0,6,1,55.8,6.3,2,0,54.3,6.3,4,0,55.8,6.5,3,0,50.2,7,1,0,51.9,7.3,2,0,47.9,7.9,9.6702,0.67,0.6389999999999999,0.17,2.769167278155161,-2.516401979657868,-1.7561051844687174,7.029434343092559,4.132772773864164,2.895556528060148,0.08931859303289214,-2.023542452621433,6.040150181648084,2.6678054296077107,0.1881612973937154,7.38,0.2150278146130663,8.03,7.913788339038455,12.59,0.6586159196641173,6.78,0.4354893157583092,2.9,4.0928828636601535,7.26,2,0,8,0,0,0
R835014,completed,uc,35,Woman,White,Yes,no,below_median,college_graduate,NA,15,1,0,1,1,1,1,0,0,0,1,0,0,0,0,0,no,0,0,0,0,0,0,0,0,0,0,0,0,0,0,0,0,10,8,44.2,5.9,8,10,46.3,5.5,NA,NA,NA,NA,8,6,44.7,6.3,7,12,44.2,6.5,9,6,50.4,4.8,1.6827,NA,1.56555,0.26,3.148224705219075,-2.198301094704351,-1.7310093423894193,6.8042202115129164,4.389288076561531,2.786057974335809,-1.9770418396131437,-1.5289850093304063,7.359633797970472,-1.5289850093304063,6.593649464114347,10.73,3.978312333833688,9.33,NA,NA,6.783199008624516,8.29,2.686235271330303,11.9,2.588000093262292,10.77,NA,NA,NA,NA,NA,NA
R543343,completed,hmp_active,38,Woman,White,Yes,no,below_median,college_graduate,NA,7,1,1,1,1,1,1,0,0,0,0,0,0,0,0,0,yes,0,0,0,0,0,0,0,0,NA,NA,NA,NA,NA,NA,NA,NA,7,6,59.4,5.6,16,18,66.2,5.8,10,7,61.2,5.2,7,5,52.7,5.2,8,6,52.7,5.1,9,8,58,5.2,NA,NA,NA,NA,NA,NA,NA,NA,NA,NA,NA,NA,NA,NA,0.6162147923146818,10.42,3.368740108063702,11.11,0.6874029219542845,6.43,2.3593938044624165,11.54,3.5373803603276808,6.67,NA,NA,20,0,0,0,0,0
R279633,completed,hmp_active,37,Woman,White,Yes,no,above_median,college_graduate,NA,11,1,0,1,1,1,1,NA,NA,NA,0,0,0,0,0,0,no,0,NA,0,0,0,0,0,0,NA,NA,NA,NA,NA,NA,NA,NA,9,10,50.4,6.5,8,6,50.4,7.6,8,8,50.4,7.2,NA,NA,NA,NA,4,5,46.3,7.9,NA,NA,NA,NA,NA,NA,NA,NA,NA,NA,NA,NA,NA,NA,NA,NA,NA,NA,4.661464424049411,6.63,0.2442435105242945,5.68,0.6557100370595009,4.15,NA,NA,3.561288572154341,4.89,NA,NA,9,0,0,0,0,0
R230611,completed,hmp_full,45,Man,White,Yes,no,above_median,college_graduate,NA,16,1,1,1,1,1,1,0,0,0,0,0,1,0,0,1,yes,0,0,0,0,0,0,0,0,0,0,0,0,1,0,0,0,22,17,65.3,4,17,18,59.4,4.9,18,14,59.4,4.9,11,12,63,5.9,23,10,63,4.9,10,4,59.4,6.7,0.37274999999999997,0.05,1.71465,0.41931929021436,3.0180121424772626,-3.38062692611161,-2.79086560841938,6.967191465906542,6.628519390491511,2.8447334474922408,2.155370697182686,-2.5340930197387546,8.28738382130711,0.030856337722781957,5.436486372793714,7.89,NA,NA,4.665235789258122,10.09,2.643484219931045,13.48,1.851067893909176,8.52,3.5283646764277554,12.59,15,7,63,10,0,111
R954579,completed,uc,61,Woman,White,Yes,no,below_median,not_college_graduate,NA,15,0,0,0,0,0,0,0,0,0,NA,0,0,0,0,0,yes,1,0,0,0,0,1,0,1,1,0,0,0,0,1,0,1,13,9.33,54.3,6.7,7,6,55.6,6.38,5,5,52,6.3,9,8,56.5,6.8,8,6,54.3,8.3,15,21,54.3,7.6,0.39404999999999996,0.27,0.4899,0.335,2.967143922570496,0.6446887515531876,2.528606744648528,6.89065668624475,3.135892634602081,2.6455255909666073,1.2385547725156925,-1.519928174494904,7.348907318331991,3.8127906187704648,NA,NA,5.667459912788622,9.52,NA,NA,NA,NA,NA,NA,NA,NA,NA,NA,NA,NA,NA,NA
R718814,completed,uc,42,Woman,White,Yes,no,below_median,not_college_graduate,NA,23,1,1,1,1,1,1,0,0,0,0,1,0,0,0,0,no,0,0,0,0,0,0,0,0,0,1,0,0,0,0,0,0,19,12,66.5,3.1,NA,NA,NA,NA,9,4,67.7,3.8,12,10,59.4,4.5,14,7,65.9,3.7,4,4,50.8,8.5,0.09584999999999999,0.07500000000000001,0.05325,0.35,2.993000503971719,2.0247900790770967,-1.9513340421487926,6.16687300725699,5.874709971370173,3.019459539539831,-0.11796549280424573,-1.7751803650321167,6.711347412073235,3.7342079715958603,2.6182120724611515,7.23,NA,NA,6.949179165757722,6.19,6.786974705990883,5.88,2.4573013698658044,3.68,5.235719230999654,1.56,NA,NA,NA,NA,NA,NA
R761769,completed,hmp_full,30,NA,White,Yes,no,below_median,not_college_graduate,NA,24,1,1,1,1,1,1,0,0,0,1,0,0,0,0,0,no,0,0,0,0,0,0,0,0,0,0,1,1,0,0,0,0,8,7,59,5.8,11,8,67.3,4.3,6,7,54.3,5.44,8,9,63,6,10,7,62,5.3,10,11,52.7,5.4,1.2247499999999998,0.3,0.99045,0.33,3.043890773138841,-2.5176328868060227,-2.2039704089879226,6.2726090995430175,1.646177192722136,2.9729455427553027,2.795004704499872,-1.8650503413983928,6.758842468676901,0.8429998597038173,0.2997461564518654,3.86,3.5513126788084,10.41,0.7476712834216892,6.56,1.8217509774797045,5.22,0.61469345579612,7.25,3.507316949600688,9.96,25,7,60,0,0,0
R963289,completed,uc,41,Woman,White,Yes,no,below_median,college_graduate,NA,9,1,0,1,0,1,1,0,1,1,0,1,0,0,1,0,no,0,0,0,0,0,0,0,0,0,0,0,1,1,0,0,0,9,2,56.7,6.8,10,5,56.8,5.8,10,6,59.1,6.3,NA,NA,NA,NA,8,4,56.1,6.7,13,9,57,6.1,0.6816,0.16,1.2460499999999999,0.27,2.925439336095294,2.0070360874637228,-1.5558752783624348,4.752223163147096,-1.5558752783624348,2.7164199013481265,2.7305769383547336,-1.8657491611032198,5.441453153661519,1.26974505482593,6.850164399524633,5.51,5.883863941452344,6.02,0.2721951322944809,2.74,NA,NA,6.001459791169299,1.56,NA,NA,NA,NA,NA,NA,NA,NA
R921018,withdrawn,hmp_active,53,Man,White,Yes,no,below_median,not_college_graduate,NA,13,1,1,1,1,1,1,NA,NA,NA,0,0,0,NA,NA,NA,yes,0,0,0,0,0,1,0,0,NA,NA,NA,NA,NA,NA,NA,NA,10,15,65.9,3.4,NA,NA,NA,NA,NA,NA,NA,NA,NA,NA,NA,NA,NA,NA,NA,NA,NA,NA,NA,NA,NA,NA,NA,NA,NA,NA,NA,NA,NA,NA,NA,NA,NA,NA,NA,NA,NA,NA,NA,NA,NA,NA,NA,NA,NA,NA,0,0,0,0,0,0
R442943,completed,uc,22,Woman,White,Yes,no,below_median,not_college_graduate,NA,7,1,0,1,1,1,1,NA,NA,NA,0,0,0,0,0,0,no,0,0,0,0,0,0,0,0,NA,NA,NA,NA,NA,NA,NA,NA,7,6,58,5.9,7,8,59.4,4.8,NA,NA,NA,NA,11,8,58,5.4,9,10,57.1,5.6,NA,NA,NA,NA,NA,NA,NA,NA,NA,NA,NA,NA,NA,NA,NA,NA,NA,NA,1.1014027354423035,10.22,0.2336150633213436,6.81,NA,NA,6.528285221202748,9.68,4.033960614293437,11.04,NA,NA,NA,NA,NA,NA,NA,NA
R418641,completed,hmp_active,43,Woman,White,Yes,no,below_median,not_college_graduate,NA,5,1,1,1,1,1,1,0,1,0,0,1,1,1,1,1,no,0,0,0,0,0,0,0,0,0,0,0,0,0,0,0,0,3,3,42.4,6.6,7,4,48.8,6.1,5,3,53.2,6.3,3,3,55.2,7.7,4,4,48.8,7.5,4,4,36.1,7.75,3.6635999999999997,0.97,3.9831,0.88,2.7393549526287275,-0.10582915172300966,-1.3118313944863673,4.077240335330133,4.892726368082323,2.2562619195270783,-1.8718192004415144,-1.0344181952181817,8.31403057887563,-1.0344181952181817,1.3234524021126146,6.93,0.7593628419017636,13.4,0.1876723520002582,6.83,5.594403265822783,11.76,NA,NA,0.8022439603537974,8.13,19,0,0,1,0,0
R177731,completed,hmp_active,49,Man,White,Yes,no,above_median,college_graduate,NA,10,1,0,1,1,1,1,NA,NA,NA,1,1,0,1,1,0,yes,0,0,0,0,0,0,0,0,NA,NA,NA,NA,NA,NA,NA,NA,8,7,57.9,5.78,6,7,55.8,6.56,7,7,51.3,6.67,6,6,52.7,7.2,6,6,52.7,7.4,NA,NA,NA,NA,NA,NA,NA,NA,NA,NA,NA,NA,NA,NA,NA,NA,NA,NA,2.766310310209408,7.55,1.2978630587123374,2.41,5.193005350255662,6,3.1571490115783827,1.64,NA,NA,NA,NA,22,0,0,0,0,0
R539936,completed,hmp_full,55,Woman,White,Yes,no,above_median,college_graduate,NA,5,1,1,1,1,1,1,1,1,1,1,1,1,1,1,0,no,0,0,0,0,0,0,0,0,NA,NA,NA,NA,NA,NA,NA,NA,10,12,59.4,6.22,NA,NA,NA,NA,NA,NA,NA,NA,6,8,54.3,5.7,5,5,46.3,6.4,4,2,55.8,6.89,0.79875,0.22,0.56445,0.39,2.799387483772762,-2.775273557325834,-1.971056332915964,6.779626701868628,1.0734661048074587,2.1887645042651505,-2.415518240530579,-1.5595425868291548,6.435089724602672,3.0555779300121046,NA,NA,NA,NA,NA,NA,4.928998478919609,9.7,1.3484739290775392,10.63,0.2164173077096872,3.85,19,0,73,53,10,155
R231611,completed,hmp_full,54,Woman,White,Yes,no,below_median,not_college_graduate,NA,8,1,0,1,0,1,1,1,0,0,1,0,0,1,0,0,no,0,0,0,0,1,1,0,1,0,0,0,1,1,0,0,1,10,10,71.9,4.1,11,11,71.2,5.1,10,7,58.6,5.8,7,7,46.3,5.8,10,3,56.2,5.8,10,9,71.4,6.3,0.6070499999999999,0.53,0.86265,0.97,2.6609014035680865,-1.3360262742493667,-1.321553591637974,6.233828352602299,5.8117423632580945,2.7127117262865608,-1.7933370304082068,-1.8677027350688338,6.243325103124846,6.274069469587616,2.042547997023731,10.15,2.3003634446054413,10.53,1.06383723736117,9.97,1.8994302003975907,11.55,0.7549363304331637,11.96,1.6849562034480248,10.28,22,17,98,13,10,25
R947137,completed,hmp_active,29,Woman,NA,No,yes,above_median,not_college_graduate,NA,16,1,0,1,1,1,1,NA,NA,NA,1,0,0,1,0,0,no,0,0,0,0,0,0,0,0,NA,NA,NA,NA,NA,NA,NA,NA,22,19,66.3,3.6,NA,NA,NA,NA,23,16,70.2,3.1,22,17,67.2,4.3,18,19,65.3,5,NA,NA,NA,NA,NA,NA,NA,NA,NA,NA,NA,NA,NA,NA,NA,NA,NA,NA,3.625203597259691,5.56,NA,NA,6.69291836911173,8.72,2.482543631686728,4.85,1.2598189012020382,1.4,NA,NA,5,0,0,1,0,0
R184409,withdrawn,hmp_full,58,Woman,Black,No,no,below_median,not_college_graduate,NA,5,1,0,1,0,1,1,0,0,1,0,0,0,NA,NA,NA,yes,0,0,0,1,0,0,1,1,NA,NA,NA,NA,NA,NA,NA,NA,7,4,59.5,6.2,NA,NA,NA,NA,6,3,58.7,7.5,3,5,61.2,6.2,NA,NA,NA,NA,9,3,64.1,6.22,NA,NA,NA,NA,NA,NA,NA,NA,NA,NA,NA,NA,NA,NA,NA,NA,NA,NA,NA,NA,NA,NA,NA,NA,NA,NA,6,17,0,5,10,0
R565730,completed,hmp_full,64,Man,White,Yes,no,below_median,college_graduate,NA,11,1,1,1,1,1,1,NA,NA,NA,0,1,1,0,1,1,no,0,0,0,0,0,1,0,1,0,0,0,0,0,1,0,0,9,3,56.5,4.1,12,2,54.3,3.3,9,3,52.7,4,10,5,54.3,4,9,4,52.7,4.4,NA,NA,NA,NA,1.2353999999999998,0.46,2.5134,0.53,2.8952132170877665,3.6945339289398427,-2.1192564209811304,6.50247694970903,3.9138298008176706,2.873258489343456,6.405043652703379,-2.2216331042766604,5.380768231389157,0.9138611116524891,6.568699208164055,3.7,4.652636671361698,9.01,1.9033475476846156,3.7,2.3525442351290704,9.72,3.538281868069041,7.69,NA,NA,17,24,68,3,0,40
R277014,completed,hmp_active,36,Woman,Black,No,yes,above_median,college_graduate,NA,5,0,0,0,0,0,0,0,0,0,0,1,0,1,1,0,yes,0,0,0,0,0,0,0,0,0,0,0,0,0,0,0,0,4,6,57.1,7.2,3,7,53.2,6.6,5,6,57.8,8,5,7,57.1,8.6,5,7,55.6,8.78,8,4.67,55.8,9.12,1.54425,0.48,1.01175,0.65,2.705590767282342,3.740933316595517,-1.6252581947614402,-1.6252581947614402,-1.6252581947614402,2.604850582658176,4.588077779461338,-1.7440223852138974,-1.7440223852138974,3.035101107897632,4.973990779028751,4.51,NA,NA,NA,NA,NA,NA,6.120733595132759,9.74,6.197066911122272,7.56,22,0,0,0,0,0
R853562,completed,hmp_active,56,Woman,White,Yes,no,below_median,college_graduate,NA,7,1,1,1,1,1,1,1,1,1,0,1,1,1,1,1,no,0,0,0,0,0,0,0,0,0,0,0,0,0,0,0,0,10,6,59.4,5.2,10,7,65.3,4.5,11,6,55.8,4.6,8,5,59.4,5.7,7,1,48.8,5.9,7,3,46.3,5.7,7.76385,0.73,8.8821,0.71,1.9545287937093692,8.518554911774338,-1.2989215356708428,-1.2989215356708428,0.8983030416653767,2.015817968423141,5.362331606318895,-1.5742121391449508,0.8236831336534196,1.9222954223215292,1.7096812775707706,8.43,1.132147853034181,8.89,NA,NA,2.463119737665531,11.41,1.5759606015272696,10.38,2.5207984461964923,14.77,16,0,0,10,0,0
R674646,completed,uc,62,Man,Black,No,no,below_median,NA,NA,7,1,1,1,1,1,1,0,0,0,0,0,0,0,0,0,no,0,0,0,0,0,0,0,0,0,0,0,0,0,0,0,0,0,0,46.3,7.4,NA,NA,NA,NA,NA,NA,NA,NA,NA,NA,NA,NA,9,6,46.3,6.3,0,0,41.1,6.71,0.69225,0.53,1.07565,0.43,1.7475237044946885,4.210006023422597,-1.338157706731768,1.706364730991655,3.406774421631482,2.8164407251043464,2.5777952890824833,-1.8269374687966011,5.691126712436477,-1.8269374687966011,NA,NA,NA,NA,NA,NA,NA,NA,0.2549636178125582,1.39,2.347652414642028,6.88,NA,NA,NA,NA,NA,NA
R113772,completed,hmp_full,36,Woman,White,Yes,no,above_median,not_college_graduate,NA,26,0,1,1,1,0,1,0,0,0,0,0,0,0,1,0,no,0,0,0,0,0,0,0,0,NA,NA,NA,NA,NA,NA,NA,NA,24,21,83.8,2.1,6,7,46.3,3.4,7,12,62,4.7,7,6,54.3,5.5,7,8,54.3,4.8,13,11,62,3.3,NA,NA,NA,NA,NA,NA,NA,NA,NA,NA,NA,NA,NA,NA,4.010390424596174,3.65,3.709550580374932,5.02,1.7321853503851827,6.82,0.6634084432532537,2.97,1.6485305050956356,7.3,3.2098964182130727,6.1,8,7,23,0,0,0
R604468,completed,hmp_active,37,Man,White,Yes,no,above_median,college_graduate,NA,5,1,1,1,1,1,1,0,0,0,0,0,0,0,0,0,yes,0,0,0,0,0,0,0,0,0,0,0,0,0,0,0,0,4,6,55.8,6.7,NA,NA,NA,NA,5,4,50.2,7.9,4,3,42.7,8.4,4,3,40.3,7.5,2,2,38.8,7.6,1.065,0.34,0.7561499999999999,0.35,2.7662673512821616,-2.728861906991815,-1.8670822286792452,6.903977686694042,4.544736039030652,2.7260433888428324,-2.4577571247796217,-1.7197112629907751,7.216060675679009,5.460358611312021,2.509531359762387,7.09,NA,NA,0.4286554311296227,6.67,3.04391410241033,3.61,1.3661796269430255,2.25,0.526082746483461,1.67,3,0,0,1,0,0
R847937,completed,hmp_active,52,Woman,more_than_one,No,yes,below_median,college_graduate,NA,5,1,0,1,0,1,1,0,0,0,0,0,0,NA,NA,NA,yes,0,0,0,0,0,1,0,0,0,0,0,0,0,0,0,0,7,4,51.9,6,9,4,48.8,6.8,NA,NA,NA,NA,NA,NA,NA,NA,NA,NA,NA,NA,12,11,61.2,6.33,0.37274999999999997,0.23,0.2769,0.165,3.001749254396658,3.6797710267101533,-2.7688786382242685,6.592378619068775,3.7750332073405235,2.9180955022797694,1.4000466799418967,-2.687442575446775,7.579124368701079,3.59855551906209,3.768738768774316,9.26,NA,NA,NA,NA,NA,NA,NA,NA,4.417747416385735,7.8,14,0,0,4,0,0
R169706,completed,hmp_active,28,Woman,more_than_one,No,NA,below_median,not_college_graduate,NA,14,1,1,1,1,1,1,1,0,0,0,0,0,0,0,0,no,0,0,0,0,0,0,0,0,0,0,0,0,0,0,0,0,16,14,77.9,7.44,11,10,77.9,5.5,NA,NA,NA,NA,NA,NA,NA,NA,16,10,50.5,5.11,12,13,56.5,5.1,0.19169999999999998,0.15,0.19169999999999998,0.18,2.4577476303648247,-2.2223441191660225,-1.4746231054364936,-1.4746231054364936,3.8677111465283174,1.9033538589515566,1.7739944749850092,-1.3627206444581474,-1.3627206444581474,2.0045751855283265,NA,NA,NA,NA,NA,NA,NA,NA,NA,NA,NA,NA,2,0,0,2,0,0
R108692,completed,uc,29,Woman,Black,No,no,below_median,not_college_graduate,NA,7,1,1,1,1,1,1,0,0,0,0,0,0,0,0,0,yes,0,0,0,0,0,1,0,1,NA,NA,NA,NA,NA,NA,NA,NA,6,6,53.9,4.7,6,4,57.9,6.4,4,2,63,5.7,3,2,64.1,6.6,6,3,63,5.2,6,9,50.4,6.1,NA,NA,NA,NA,NA,NA,NA,NA,NA,NA,NA,NA,NA,NA,3.215988517385157,9.64,1.1409435655602338,8.65,4.910038097494336,9.5,0.174425206326599,10.68,2.5916892046598505,8.2,2.179575066849045,7.14,NA,NA,NA,NA,NA,NA
R734273,completed,uc,60,Woman,NA,NA,no,below_median,NA,NA,17,1,1,1,1,1,1,0,0,1,1,0,1,1,0,1,no,1,1,0,0,0,1,0,1,1,0,0,1,0,1,0,1,19,11,72.4,5.3,21,18,70.5,4.2,20,16,61.4,2.9,17,10,56.5,4.4,18,5,55.8,3.9,20,14,59.4,4.5,3.1843500000000002,1.7149999999999999,1.8211499999999998,0.995,2.251548554176204,1.064130858292831,-1.6827489801552993,5.675444772577733,3.0963745129562303,2.6370927385928535,7.213806101406315,-1.46733872681359,5.854510986974765,3.260049091898751,NA,NA,5.456085235249888,16.67,4.387979666670691,10.29,5.961664022179312,4.03,0.3572540102256581,7.89,2.2318184866748254,12.75,NA,NA,NA,NA,NA,NA
R417028,completed,hmp_full,50,Woman,White,Yes,no,below_median,college_graduate,NA,15,0,0,0,1,0,1,0,0,0,0,0,0,0,0,0,yes,0,0,0,0,0,0,0,0,0,0,1,0,0,0,0,1,16,19,55.8,5.8,NA,NA,NA,NA,NA,NA,NA,NA,4,6,48.8,6.29,2,1,43.2,8.3,14,12.83,50.2,7,1.1502000000000001,NA,21.299999999999997,NA,3.0761760915862997,-3.016137971171326,3.2218226407549206,-0.0740142252494087,3.551538094913254,2.8518675846564716,-2.710250933836116,2.899227582843739,7.776315742357644,1.1479594749704205,1.12282651045295,11.72,NA,NA,NA,NA,NA,NA,NA,NA,0.6403765384730381,16.13,19,90,26,37,370,0
R569954,completed,hmp_full,39,Woman,White,Yes,no,below_median,college_graduate,NA,11,1,1,1,1,1,1,0,1,1,0,1,1,0,1,1,no,0,0,0,1,0,0,0,0,1,0,0,1,0,0,0,0,11,15,70.6,6.5,13,11,67.3,7,15,8,67.6,7.2,13,12,64.1,7.2,12,7,68.7,7.5,7,8,58,8.2,21.299999999999997,1.295,21.299999999999997,0.92,2.731847730120837,4.803723418359761,-2.3350935855093375,-2.3350935855093375,6.083604359157801,2.9016444480324477,5.865033787641655,-2.2166081334754644,-2.2166081334754644,3.7872789336310753,4.525067472584641,6.29,4.120110208492727,6.06,3.0497038195608077,5.56,4.591041431575079,10.85,5.973167579090144,11.31,3.5107870242262003,11.11,19,30,0,1,0,0
R935800,completed,uc,55,Woman,Black,No,NA,below_median,college_graduate,NA,8,1,1,1,1,1,1,0,0,0,0,0,0,0,0,0,no,0,0,0,0,0,0,0,0,0,0,0,0,0,0,0,0,13,11,79,1.8,9,11,70.2,4.1,8,5,75,4.4,11,8,76.1,3.78,7,5,80.3,5.1,8,5,77.3,5.2,2.4707999999999997,1.06,1.84245,2.2,3.017035909267787,2.034546126168539,-1.7794750958477885,6.780585995795624,6.060837887472376,2.960444549603464,2.6459678027882303,-1.8498697676160973,5.783015737779035,5.549528315715257,1.404623973922768,9.49,2.781499401158222,12.2,1.5043776141747367,6.1,2.508724554364992,6.91,0.9793995225868256,9.05,2.308006123451487,13.43,NA,NA,NA,NA,NA,NA
R442414,completed,hmp_full,58,Man,White,Yes,no,below_median,not_college_graduate,NA,5,1,1,1,1,0,1,0,0,1,0,0,0,0,0,0,yes,0,0,0,0,0,1,0,0,0,0,0,0,0,1,0,0,8,4,59.4,7.22,21,17,70,2.89,17,7,71.2,4.9,16,11,68.9,4.6,14,9,67.7,4.1,16,9,67.1,4.7,1.7359499999999999,0.63,1.56555,0.455,3.0296435408332836,0.3730371819493963,-2.029901200084126,5.87885353869912,3.9181337890965198,3.1782768920380806,-2.8011900602315056,-1.9005557804743343,6.8791555097301345,5.791557559121133,NA,NA,NA,NA,NA,NA,6.432446998819195,8.33,NA,NA,NA,NA,18,5,135,9,0,90
R649526,completed,hmp_full,39,Woman,more_than_one,No,no,above_median,college_graduate,NA,7,1,1,1,1,1,1,NA,NA,NA,0,0,0,0,0,0,no,0,0,0,0,0,0,0,0,NA,NA,NA,NA,NA,NA,NA,NA,5,5,47.9,4.9,NA,NA,NA,NA,NA,NA,NA,NA,NA,NA,NA,NA,3,6,51.8,4.1,NA,NA,NA,NA,NA,NA,NA,NA,NA,NA,NA,NA,NA,NA,NA,NA,NA,NA,3.601524834106596,2.94,NA,NA,NA,NA,NA,NA,1.2306161544851824,5.19,NA,NA,0,0,0,0,0,0
R292490,completed,hmp_full,49,Woman,White,Yes,no,below_median,college_graduate,NA,7,1,1,1,1,1,1,0,0,1,0,0,1,0,1,1,yes,1,0,0,0,0,0,0,0,0,0,0,0,0,1,0,0,8,11,55.8,4.2,10,9,54.3,5.1,6,10,54.3,4.1,11,18,54.3,3.6,16,21,54.3,1.9,12,13,54.3,5.2,NA,NA,NA,NA,NA,NA,NA,NA,NA,NA,NA,NA,NA,NA,3.394073147369032,13.43,3.544336941776748,7.1,2.379070446458364,8.86,2.28559322849005,14.56,6.214808326330957,11.9,2.8243164625018733,16,6,5,0,1,0,0
R365609,completed,hmp_active,53,Woman,Black,No,no,below_median,not_college_graduate,NA,11,1,0,1,1,1,1,NA,NA,NA,0,0,0,0,0,0,no,0,0,0,0,0,0,NA,0,NA,NA,NA,NA,NA,NA,NA,NA,4,5,52.7,8.5,NA,NA,NA,NA,8,6,52.7,4.6,4,5,56.5,6.1,3,3,52.7,5.3,NA,NA,NA,NA,NA,NA,NA,NA,NA,NA,NA,NA,NA,NA,NA,NA,NA,NA,0.9831949407463992,9.14,NA,NA,2.32256451993386,8.57,1.060567624822829,0.92,NA,NA,NA,NA,7,0,0,2,0,0
R632444,completed,hmp_full,37,Woman,White,Yes,no,above_median,college_graduate,NA,6,1,0,1,1,1,1,0,0,0,0,0,1,0,0,0,yes,0,0,0,1,0,1,0,1,0,0,0,0,0,1,0,0,10,6,56.3,7.9,11,6,56.2,8,11,7,56.2,8.1,10,8,52.7,8.11,10,7,52.7,8.3,9,5,51.3,8,19.958099999999998,1.24,1.5761999999999998,0.20500000000000002,2.397240028882351,-2.115166694356375,-1.784646889355538,5.670651596327753,2.7900640891478448,2.562705013313483,0.9476709679995516,-1.6353068585987098,8.06685978713368,-1.6353068585987098,4.1955676145056815,7.08,3.618686334181149,6.53,3.656159383502769,6.91,4.836843370510235,3.42,3.179609924534972,9.66,3.639105315714787,10.25,20,47,8,0,0,0
R242656,completed,hmp_active,25,Man,White,Yes,no,above_median,not_college_graduate,NA,23,1,1,1,1,1,1,NA,NA,NA,0,0,0,NA,NA,NA,no,NA,NA,NA,NA,NA,NA,NA,NA,NA,NA,NA,NA,NA,NA,NA,NA,20,0,50.3,2.6,NA,NA,NA,NA,NA,NA,NA,NA,NA,NA,NA,NA,NA,NA,NA,NA,NA,NA,NA,NA,NA,NA,NA,NA,NA,NA,NA,NA,NA,NA,NA,NA,NA,NA,NA,NA,NA,NA,NA,NA,NA,NA,NA,NA,NA,NA,2,0,0,0,0,0
R504067,completed,uc,28,Man,Black,No,no,below_median,not_college_graduate,NA,9,0,0,0,0,0,0,NA,NA,NA,0,0,0,NA,NA,NA,no,NA,0,0,0,0,0,0,0,NA,NA,NA,NA,NA,NA,NA,NA,17,17,64.1,3.6,5,0,77.9,9.22,0,0,49.5,10,NA,NA,NA,NA,NA,NA,NA,NA,NA,NA,NA,NA,NA,NA,NA,NA,NA,NA,NA,NA,NA,NA,NA,NA,NA,NA,0.8817221748110726,9,NA,NA,NA,NA,NA,NA,NA,NA,NA,NA,NA,NA,NA,NA,NA,NA
R135570,completed,hmp_active,29,Woman,White,Yes,no,below_median,not_college_graduate,NA,11,0,0,0,1,0,1,NA,NA,NA,1,1,1,NA,NA,NA,no,0,0,0,0,0,1,0,0,NA,NA,NA,NA,NA,NA,NA,NA,4,20,46.3,5.4,NA,NA,NA,NA,8,15,62,3.9,12,14,63,3.8,13,18,63,4.5,NA,NA,NA,NA,NA,NA,NA,NA,NA,NA,NA,NA,NA,NA,NA,NA,NA,NA,5.376791645225725,10.31,NA,NA,7.043223741140638,6.29,5.557325386766787,10.74,NA,NA,NA,NA,6,0,0,2,0,0
R276981,completed,hmp_active,28,Woman,Asian,No,no,above_median,college_graduate,NA,13,1,1,1,1,1,1,0,0,0,1,0,0,0,0,0,yes,0,0,0,0,0,0,0,0,0,0,0,0,0,0,0,0,8,9,57.9,4.6,8,3,59.6,5.1,5,2,50.2,4,2,1,55.8,4.9,3,2.33,50.2,4.5,9,3,55.6,4.5,0.0426,0.325,0.05325,0.23,2.711845382980544,-2.2300597976322694,-1.8992450069000784,7.847062281248427,0.04666514215523487,2.13247514799034,-2.2923962510599325,-1.6927041772708962,8.220981200241678,0.5045204000653234,0.3279153786068518,8.44,0.2817162365177918,0.87,4.250109080328166,10.57,1.9179187048228497,8.6,3.74359751935704,11.81,1.8466962155315216,6.62,13,0,0,0,0,0
R267915,completed,hmp_active,35,Man,Asian,No,no,below_median,college_graduate,NA,7,1,0,1,1,1,1,1,0,0,1,0,0,1,0,0,yes,0,0,0,0,0,0,0,0,0,0,0,0,0,0,0,0,8,5,50.4,4.6,10,7,61.3,4.2,7,5,57.1,4.5,7,4,57.9,6.3,8,5,55.8,6.3,5,4,59.6,6.4,0.18105000000000002,0.24,0.1704,0.07,2.0320284677425065,-2.736604557502957,-2.0244583950660147,7.2351482182130855,3.689274410443354,2.405324484635633,-2.7252877191231546,-2.0267913462755884,8.70212086862732,4.472995694380265,4.411948797166,8.25,4.979155618159637,12.75,4.738482219710758,9.26,0.5400232752435763,7.14,2.411546793485856,15.11,4.284831515910976,8.81,12,0,0,16,0,0
R839776,completed,hmp_active,56,Woman,Native,No,no,below_median,not_college_graduate,NA,5,0,0,0,0,0,0,0,0,0,0,0,0,0,0,0,yes,0,0,1,0,0,0,0,0,0,0,1,0,0,0,0,0,10,9,62,4.89,10,5,59.6,1.7,9,5,56.5,2.8,7,9,59.9,2.6,2,4,52.7,6.8,1,1,52,5.9,2.1406499999999995,0.78,1.43775,1.01,3.310254084536834,3.5385928644903286,-3.239241093046746,6.740327483894718,4.093128112882316,2.039128721772772,2.013334538628911,-2.150879399307846,2.5765084194044947,3.1524255087512296,2.0933448732265245,11.7,NA,NA,NA,NA,3.077487131317443,13.66,0.2877093137617245,4.71,0.4796125858361262,9.29,9,0,0,15,0,0
R560507,completed,uc,53,Woman,Black,No,no,below_median,not_college_graduate,NA,13,1,1,1,1,1,1,0,0,0,0,0,0,0,0,0,no,0,0,0,0,0,0,0,0,0,0,0,0,0,0,0,0,2,1,46.1,8.4,13,3,63,6.9,6,1,54.3,7.6,7,0,56.5,8,7,0,54.3,8.3,10,5,63,7.22,0.9585,0.46,1.2993,0.57,2.638615710090562,-2.579588600684567,-1.461910687864267,6.121336836439095,-1.461910687864267,2.6599325603638855,0.7711393225131815,-1.2696958141035686,6.843131664647805,-1.2696958141035686,NA,NA,5.243960738847478,8.93,6.422160209099681,9.62,0.25651386142381,7.02,NA,NA,NA,NA,NA,NA,NA,NA,NA,NA
R287838,completed,hmp_full,42,Woman,more_than_one,No,yes,below_median,not_college_graduate,NA,18,1,1,1,1,1,1,1,1,1,0,1,0,0,1,0,no,0,0,0,1,0,1,0,1,0,0,0,0,0,0,0,0,19,11,70.6,5.4,18,16,69.4,5.6,18,14,70.6,5.2,16,16,74.8,5.3,7,4,57.9,6.2,13,14,63,6,NA,NA,NA,NA,NA,NA,NA,NA,NA,NA,NA,NA,NA,NA,1.9516369236742743,9.09,NA,NA,3.864710175737655,7.33,5.441521734941149,5,0.4873298613485009,6.25,NA,NA,15,7,40,3,0,5
R731244,completed,hmp_full,36,Woman,White,Yes,no,below_median,college_graduate,NA,7,1,1,1,1,1,1,1,0,0,0,0,0,0,0,0,no,0,0,0,0,0,0,0,0,0,0,0,0,0,0,0,0,10,9,61.2,4.5,NA,NA,NA,NA,3,5,38.8,4.7,4,2,37.7,6.7,3,2,48.9,6.7,3,4,50.4,6.9,0.1065,0.25,0.1491,0.18,2.98074796746838,1.7501844432934954,-1.8790071295360034,6.73185853774287,2.5154420251364353,2.714139496122966,1.180611683062855,-1.474287541227112,7.497668730018576,-1.474287541227112,NA,NA,NA,NA,3.389939208118589,8.6,0.2884869193281836,6.22,1.0780775800642386,8.16,0.1910082332088963,6.13,4,37,0,0,0,0
R585366,completed,hmp_active,37,Woman,White,NA,NA,below_median,not_college_graduate,NA,14,1,1,1,1,1,1,0,1,1,0,0,1,0,1,1,yes,1,1,1,1,0,0,0,0,0,0,1,1,0,1,0,0,20,18,67,4.4,14,19,65.3,3,10,9,57.9,5.1,9,8,64.9,5.9,12,6,72.1,6.4,15,13,64.9,5.1,2.0873999999999997,0.82,2.0767499999999997,0.95,2.36714311308507,-1.97381700112062,-1.4119523257888784,5.79664801217132,6.463166955251414,2.687429827503261,-2.009763787856308,-1.3383589668103468,-1.3383589668103468,2.0289368631761273,3.086399306035168,12.24,5.785334811552072,11.35,0.27002007378195,3.57,3.027248595555474,11.79,1.5738513975331527,13.2,1.5396769627510591,9.66,28,0,0,49,0,0
R265480,completed,uc,43,Woman,Black,No,no,below_median,not_college_graduate,NA,7,1,1,1,1,1,1,0,0,0,0,0,0,0,1,0,no,0,0,0,0,0,1,0,0,0,0,0,0,0,0,0,0,11,7,41.1,3.4,10,7,48.7,3.5,12,5,46.8,3.8,NA,NA,NA,NA,12,5,48.4,2,10,6,55.8,4.5,0.5751000000000001,1.15,0.5538,1.21,2.222456667056665,4.800016548989918,-2.5961350752098102,7.217591870118694,4.26557626527092,2.7487274995303883,3.937624154945055,-2.689551522176511,6.16739423398251,5.078135755010397,4.474241799303884,13.15,NA,NA,0.4564251028463519,14.57,NA,NA,2.9321151330805053,11.6,NA,NA,NA,NA,NA,NA,NA,NA
R952940,completed,hmp_full,43,Woman,Black,No,no,above_median,not_college_graduate,NA,5,1,0,1,0,1,1,0,0,0,1,0,0,0,0,0,no,0,0,0,0,0,0,0,0,0,0,0,0,0,0,0,0,1,6,54.3,6.7,6,6,57.9,6,4,6,49.5,7.6,3,3,55.8,8.1,4,7,54.3,7.7,2,4,46.3,8.9,0.426,0.36,0.8307,0.41,2.5736761882089287,0.39389787029371703,-1.729222099585574,7.719741394553204,1.9843499671187337,2.4184412180745287,6.69304550995273,-1.1426560582781362,-1.1426560582781362,-1.1426560582781362,4.388310331008186,11.52,1.0489494291587846,3.61,2.931440721847849,12.38,2.083573409007232,11.9,4.842785484586113,11.06,0.9686420383015772,10.36,15,17,30,12,15,30
R318816,completed,hmp_active,38,Woman,Asian,No,no,below_median,college_graduate,NA,7,1,0,1,0,1,1,0,0,0,1,0,0,0,0,0,no,0,0,0,0,0,0,0,0,0,0,0,0,0,0,0,0,5,4,50.2,7.8,1,0,51.3,7.3,3,0,55.8,8.1,6,1,54.9,7.4,8,1,54.3,8.4,3,1,47.9,8.2,1.4696999999999998,0.22,1.2886499999999999,0.17,3.1944421874222,1.7464255372662145,-3.1054025321223047,6.7081056067943,6.871567797173627,2.537511073536763,-3.4382598705986944,-2.62008493938412,6.84760715523601,5.2115323369684905,1.8941204074177465,5.84,NA,NA,2.48060437305618,9.94,3.1277533811188114,12.97,1.6798960783914865,3.51,3.30496882472123,15.64,6,0,0,2,0,0
R805121,completed,hmp_active,57,Woman,White,Yes,no,below_median,college_graduate,NA,21,1,1,1,1,1,1,0,0,0,0,1,0,0,1,0,no,0,0,0,0,0,0,0,0,0,0,0,1,0,0,0,0,17,15,66.6,5.3,18,9,61.2,4.3,7,8,54.3,5.33,2,2,54.3,5.7,6,5,48.9,6,3,0,46.3,6.5,3.4931999999999994,0.69,3.4931999999999994,0.5,2.8888843513005544,4.699312828451856,-2.5500754678128432,7.825694365868766,7.609719582415926,2.8225038202534796,-3.491164989497533,-2.527818270699819,7.041663999778884,8.282495364894679,10.80754554237831,5.56,0.3105907907328409,5.65,0.2295561501447763,5.88,0.9223545344724736,8.38,0.4117345619306335,6.11,0.3180886455887055,2.88,22,0,0,14,0,0
R884240,completed,hmp_full,56,Man,White,Yes,no,above_median,not_college_graduate,NA,12,1,1,1,1,1,1,0,0,0,0,0,0,0,0,0,no,0,0,0,1,0,1,0,0,0,0,0,NA,0,0,0,0,16,12,57.9,4,12,8,56.2,4.9,NA,NA,NA,NA,NA,NA,NA,NA,6,4,60.6,6.1,2,1,33.5,8.4,2.1513,0.74,2.95005,0.52,2.8672365143621237,-3.4779525577776265,-2.4219880204712547,7.431521162258632,4.418558508817433,3.0558539897434223,0.5832384411798723,-2.676935717158439,6.313630420973137,7.852623947148066,NA,NA,0.2125075963207963,8,NA,NA,NA,NA,NA,NA,0.7365502696219663,4.05,7,7,10,3,0,10
R810846,completed,hmp_full,32,Woman,White,Yes,no,above_median,college_graduate,NA,11,1,1,1,1,1,1,1,0,1,0,0,1,0,0,1,no,0,1,1,1,0,0,0,0,0,0,1,0,1,0,0,0,12,18,54.3,5,15,17,55.8,4.7,9,17,46.3,5.5,9,12,54.3,5.1,19,19,60.4,4.7,8,15,54.3,4.5,3.3654,0.22,2.1619499999999996,0.17,2.66868640273798,5.456660715654878,-1.5506920977284617,6.405434253485039,-1.5506920977284617,3.303634621783012,-0.15155802659339956,-2.0661284543193728,6.760459376454296,4.84860243839919,NA,NA,2.9639390396640546,6.94,1.1454831610039429,10.81,2.280662520294716,7.14,NA,NA,1.9240268728357048,11.66,15,30,10,1,5,0
R879990,completed,hmp_full,49,Man,White,Yes,no,below_median,not_college_graduate,NA,15,1,1,1,1,1,1,1,1,1,1,1,1,1,1,0,no,0,0,0,0,0,0,0,0,1,0,0,0,0,1,0,1,15,11,66.7,2.89,21,8,64.1,2.67,10,8,61.2,5,15,10,71.5,4.6,14,6,70.3,3.67,2,0,60.6,8.6,0.8732999999999999,0.56,1.1289,1.0699999999999998,2.268844846682198,3.1524954191663,-1.3498011074807605,6.196117043728562,2.0174947225057136,2.377897714351305,2.4769179258000245,-1.587673246518476,7.360392856940458,1.1203769545837339,4.613619495399001,12.87,0.8960001750330508,9.09,2.212617500642058,11.32,4.157932405942112,10.57,3.2702167023230726,15.07,NA,NA,8,14,35,25,0,195
R423633,completed,hmp_active,21,Woman,White,Yes,no,below_median,not_college_graduate,NA,10,0,0,0,0,0,0,NA,NA,NA,0,0,0,0,0,0,no,0,0,0,0,0,0,0,0,NA,NA,NA,NA,NA,NA,NA,NA,6,4,55.8,7.3,8,6,59.1,6.2,NA,NA,NA,NA,7,4,69,7,4,3,55.8,6.5,NA,NA,NA,NA,NA,NA,NA,NA,NA,NA,NA,NA,NA,NA,NA,NA,NA,NA,0.1710124844314672,6.78,NA,NA,NA,NA,2.505863905902176,14.44,0.1808106968879073,8.06,NA,NA,8,0,0,1,0,0
R223045,completed,uc,64,Man,White,Yes,no,below_median,college_graduate,NA,7,1,0,1,1,1,1,1,0,1,0,0,0,1,1,1,no,0,0,0,0,0,1,0,0,0,0,0,0,0,0,0,0,7,6,61.9,5.9,7,1,62.8,6.4,6,3,61.9,5.8,7,3,61.2,5.5,6,4,61.2,5.2,5,7,61.2,5,10.7778,1.16,7.295249999999999,0.89,2.836569543144118,-2.801476053515046,-1.8586460827124522,3.4932120507636144,3.283017473790208,3.1760250782818957,-2.5316158875180643,-2.0116346170523665,6.454054731496756,3.141656977445413,0.9886007548740136,8.63,5.216513534161574,11.66,NA,NA,2.2507277453074748,11.18,NA,NA,NA,NA,NA,NA,NA,NA,NA,NA
R459826,completed,hmp_active,21,Man,Black,No,no,below_median,college_graduate,NA,17,1,1,1,1,1,1,0,0,0,0,1,0,0,0,0,no,0,0,0,0,0,0,1,0,1,0,1,0,0,0,1,0,14,19,59.6,3.8,14,18,57.9,3.5,11,14,55.8,3.4,13,16,50.4,3.4,11,15,55.8,3,18,20,59.1,2.1,0.5005499999999999,0.2,0.0426,0.27,2.8385227444611316,-2.5685562421986643,-1.8314067078231595,7.361482270539268,3.224839097525149,2.8137881838420915,-2.1680681451616515,3.8033619221021575,7.0762546018249495,7.10766892874047,2.467393514045577,10.39,1.575515282853624,9.14,0.5308724683915154,10,0.33879707000897,12.74,2.194132609507826,13.48,1.5915828492046893,12.86,17,0,0,0,0,0
R693136,completed,hmp_active,38,Man,White,Yes,no,below_median,not_college_graduate,NA,10,0,0,0,0,0,0,0,0,0,0,0,0,0,0,0,no,0,0,0,0,0,0,0,0,0,0,1,0,0,0,0,0,10,7,63,6.4,9,4,63,7,6,4,63,6.2,7,2,63,6.9,5,1,63,6.5,8,7,63,6.6,2.2897499999999997,0.97,1.79985,1.49,2.845133659721427,0.05896108850326387,-1.7220651134196854,7.57381054666276,3.880053707460015,2.861287552718802,-1.9504715446665424,-1.671814084082784,6.817185372962672,-1.671814084082784,2.5484324740153235,9.76,0.9942597902739662,5.38,3.8457848124512894,4.52,NA,NA,NA,NA,2.153206111027172,8.53,11,0,0,0,0,0
R375311,completed,hmp_full,37,Woman,White,NA,NA,below_median,college_graduate,NA,6,0,0,0,1,1,1,0,0,0,0,0,0,0,0,0,no,0,0,0,0,0,0,0,0,0,0,0,0,0,0,0,0,4,4.67,62,5.8,5,5,55.8,4.9,6,4,54.3,4,2,1,56.5,4.6,4,3,56.5,3,5,3,57.9,4.89,NA,NA,NA,NA,2.650690830036195,3.2798981545899712,-1.63340388578428,5.297090880167347,2.1732586039860395,2.508694317988843,4.8569998837894905,-1.5459266724408565,4.604676096005423,5.009430219369809,2.699444770413307,9.49,1.7795502391395035,9.8,3.2865900635056877,11.76,2.63124906909447,10.64,2.001898581075876,7.69,1.4530982314035228,6.41,7,0,40,0,0,0
R453576,completed,hmp_full,29,NA,White,Yes,no,below_median,college_graduate,NA,13,1,1,1,1,1,1,1,0,1,1,0,1,1,0,1,yes,0,0,0,0,0,0,0,0,0,0,0,0,0,0,0,0,13,11,65.3,5.5,18,15,76.1,4.8,12,10,67,5.6,15,10,66.7,6.3,16,12,65.8,6.6,8,5,65.9,7.5,0.33015,0.095,0.03195,0.19,2.8888379675859484,4.744280546868923,-2.0376894155682796,6.793292095384218,2.224990461473036,2.86055874179964,-2.862825235823368,2.79418318527184,7.719178828200304,6.95771191782706,1.223414786082592,8.82,3.4793192967500253,8.22,2.505648609384829,14.29,0.779885425149438,9.87,0.35816936451186,2.6,5.437984590720248,8.13,20,17,78,7,30,0
R108312,completed,uc,35,Man,NA,NA,info_not_provided,above_median,college_graduate,NA,5,0,0,0,0,0,0,0,0,0,0,0,0,0,0,0,no,0,0,0,0,0,0,0,0,1,1,0,1,0,1,0,0,8,8,46.3,5.6,0,1,41.1,5.7,2,6,41.1,5.3,0,0,34,6.9,1,1,41.1,6.2,0,3,39.5,6.8,0.5005499999999999,2.24,0.62835,6.32,2.9964711348998754,-2.5774076950197258,-2.004023800268769,7.3732706513702455,6.041243916339034,3.2356317309733442,1.4397197641075357,4.015019133768601,5.8057298352025715,5.6202553593490014,8.254597105234005,3.85,NA,NA,2.080681806773411,5.62,3.3161972903632986,4.96,5.361869781098152,9.38,0.3314621242514545,3.75,NA,NA,NA,NA,NA,NA
R334476,completed,hmp_full,61,Woman,White,NA,NA,below_median,not_college_graduate,NA,9,1,1,1,1,1,1,0,1,0,0,1,0,0,1,0,yes,1,0,0,0,0,0,0,1,0,0,0,0,0,0,0,1,12,2,71.5,6.22,8,3,62,5.89,6,1,59.4,6.44,4,1,48.8,7.5,7,1,56.5,6.2,4,0,59.4,8,1.26735,0.133862517811146,0.5964,2.22,2.848551961407033,-2.783297303758212,-2.0298445043168822,5.329623133938739,-2.0298445043168822,2.7748064196457887,-2.671081424199931,-1.8186456287915749,2.4718138123568165,-1.8186456287915749,0.2408987032884481,10.69,1.6962384655595315,13.61,1.826360015812405,6.28,NA,NA,3.877125306480033,10.98,0.3667169203452509,14.63,13,22,78,34,305,20
R826042,completed,hmp_active,60,Woman,White,NA,NA,below_median,college_graduate,NA,6,0,0,0,1,0,1,0,0,0,0,0,0,0,0,0,no,0,0,0,0,0,0,0,0,0,0,0,0,0,0,0,1,5,2,43.2,6.7,3,0,41.1,7.7,2,0,36.4,8,2,1,35.1,8.4,3,0,40.3,8.6,0,0,36.3,8.6,2.6624999999999996,3.22,2.82225,4.18,3.1350212611883133,-3.4106724948679115,-2.5599817659437183,7.554536270022817,5.991612852189851,3.125441449410786,-3.3364375875122634,-2.3957031627438554,7.615427298807629,6.116879416114698,3.161930169252701,4.29,NA,NA,NA,NA,NA,NA,NA,NA,NA,NA,24,0,0,27,0,0
R118257,completed,hmp_full,58,Woman,White,Yes,no,above_median,college_graduate,NA,12,0,0,0,0,0,0,0,0,0,0,0,0,0,0,0,no,0,0,0,0,0,0,0,0,0,0,0,0,0,0,0,0,4,4,54.3,7.5,4,3,54.3,6.8,4,4,54.3,7.8,4,3,55.8,8.1,3,3,55.8,9.11,1,0,47.4,8.9,1.05435,0.23,2.0661,0.635,2.9313209881429123,-2.1284213247272485,-1.8356472901144532,6.416277423686903,3.168299015831006,2.569335888777356,6.503771900412705,-1.4068378370026613,-1.4068378370026613,-1.4068378370026613,4.164813940734898,13.83,NA,NA,NA,NA,NA,NA,NA,NA,NA,NA,21,0,50,88,0,585
R139891,completed,hmp_full,38,Woman,White,Yes,no,below_median,not_college_graduate,NA,8,1,0,1,0,1,1,0,0,0,0,0,0,0,0,0,no,0,0,0,0,0,0,0,0,0,0,0,0,0,0,0,0,4,5,59.4,4.7,9,7,69.3,4.1,7,5,67.7,6.11,5,6,50.4,6.5,6,4,46.3,8.9,8,6,70.3,7.22,2.2112808,4.33664,1.18128948,1.70247,2.321316635171223,2.518352783057047,-1.1724398477510927,7.658833889971456,-1.1724398477510927,2.545058426989475,5.22867076108988,-1.4692278916437516,7.176358514540885,1.8980679383427224,3.253209724414654,13.76,6.821559292865163,14.69,1.0975815382923593,7.05,2.479665426844885,10.55,3.365131449462549,11.24,1.6862494306078322,13.68,16,35,24,9,40,0
R920991,completed,hmp_full,34,Man,White,Yes,no,above_median,college_graduate,NA,11,1,0,1,0,1,1,1,1,0,0,0,0,0,0,0,no,0,0,0,0,0,0,0,0,0,0,0,0,0,0,0,0,12,7,69,5.4,8,7,62,5.9,3,7,60.2,5.9,6,4,61.3,6.2,7,3,63,6.7,10,9,64.6,6,0.33015,0.09,1.18215,0.51,2.9409098597854673,-3.390721984802791,-3.002752809010353,7.573959789648846,2.6426940886328847,2.9844082283338502,-3.8240365830684175,-3.18371833330781,7.69446092597695,6.4410468881480085,1.079890615914941,4.1,2.408941595445361,4.39,1.822780136258348,9.41,0.6862533372122245,1.05,3.2345802949530684,7.78,1.503868075541224,3.14,16,57,33,2,0,0
R507639,completed,hmp_full,31,Man,White,Yes,no,below_median,not_college_graduate,NA,6,1,0,1,0,1,1,0,0,0,0,0,0,0,0,0,no,1,0,0,0,0,0,0,0,0,0,0,0,0,0,0,0,7,7,72,7.5,5,5,64.1,7.1,2,2,64.1,7,4,0,57.9,6.8,3,2,54.3,7.5,3,6,50.4,6.4,0.99045,0.44,0.39404999999999996,0.36,3.001382802819811,3.4130492199627542,-2.787065558938561,8.168204694908878,3.891276555715771,2.768391425683316,-3.7804776053966407,-2.6677982724929823,8.988387356759045,6.838266743578165,1.2692567120576286,8.11,1.2415095496905564,11.29,3.616176330395925,11.59,2.9374345851740977,7.81,1.7315321632668887,9.02,2.5705804431626347,3.36,9,10,28,0,0,0
R704771,completed,hmp_full,38,Man,White,Yes,no,above_median,college_graduate,NA,8,1,0,1,0,1,1,0,1,0,NA,1,0,0,1,0,yes,0,0,0,0,0,0,0,0,1,0,0,0,0,0,0,0,8,9,51.9,6.6,1,8,46.3,6.7,1,5,41.1,7.1,1,0,42.7,7.8,3,3,50.2,7.3,3,6,46,7.6,0.426,0.33,0.39404999999999996,0.32999999999999996,2.3592707186451394,3.23514459306645,-1.0578557013137304,7.350638073179166,-1.0578557013137304,2.9863290357126346,3.2292326707881425,-1.913622077720341,6.768576948280163,1.582885483746139,3.706226597207921,8.15,3.6801037680892055,7.44,1.964796248722268,12.57,2.15494522511502,10.23,3.6135787058416406,12.43,2.458712871460488,7.63,14,40,23,3,0,5
R104404,completed,hmp_active,30,Woman,White,Yes,no,below_median,not_college_graduate,NA,8,1,1,1,1,1,1,NA,NA,NA,1,0,0,NA,NA,NA,no,0,0,0,0,0,0,0,0,NA,NA,NA,NA,NA,NA,NA,NA,15,18,63,3,NA,NA,NA,NA,NA,NA,NA,NA,14,16,54.3,4.4,NA,NA,NA,NA,NA,NA,NA,NA,NA,NA,NA,NA,NA,NA,NA,NA,NA,NA,NA,NA,NA,NA,5.157319025390518,8.41,NA,NA,NA,NA,NA,NA,NA,NA,NA,NA,6,0,0,0,0,0
R358565,completed,hmp_active,34,Woman,Black,No,yes,below_median,college_graduate,NA,21,1,1,1,1,1,1,1,0,1,1,0,1,1,0,1,yes,1,0,0,0,0,1,1,1,0,0,1,1,0,1,0,0,21,19,69.3,2.5,21,17,72.6,1.7,18,13,69.3,1.22,16,13,74.8,2.4,14,15,63,1.9,14,14,63,3.5,0.23429999999999998,0.04,1.05435,0.16,2.946724168070161,5.211196064963234,-2.117030860673658,7.701388879472406,3.9720140147731877,2.7639463865260803,-2.7161472056324567,-1.8737185693406704,8.264564387250115,4.69295386046257,NA,NA,NA,NA,NA,NA,NA,NA,NA,NA,NA,NA,24,0,0,0,0,0
R782863,completed,hmp_active,49,Woman,Asian,No,no,below_median,college_graduate,NA,21,1,1,1,1,1,1,0,0,0,0,0,0,0,0,0,no,0,0,1,1,0,1,1,0,0,0,0,0,0,0,0,0,20,15,63,4,22,19,65.5,4.6,21,19,64.1,4.3,15,14,64.9,4.8,18,14,63,5.8,13,18,63,4.7,0.1704,0.31,0.28755000000000003,0.23,2.786606729338941,-2.0511300352658877,-1.7249430869430347,6.897510615130696,4.783826050028647,2.3898279032788943,-1.984995250326829,-1.6429536889679877,8.05970204401509,6.152281240034185,1.7593853079233583,6.81,0.9070703266126674,4.62,2.30519048561184,5.97,1.0703634449849702,4.09,0.8339787299060627,5.42,1.619908583246082,2.63,29,0,0,58,0,0
R283602,completed,hmp_full,50,Woman,Black,No,no,above_median,not_college_graduate,NA,12,1,0,1,0,1,1,1,1,0,0,0,0,0,1,1,yes,1,0,1,0,0,NA,0,0,0,0,1,1,0,0,1,0,8,7,67.3,7.9,4,4,65.3,8.5,3,2,65.9,9.8,2,2,66.5,9.6,4,5,68.3,9.75,1,1,63,10,0.41535,NA,1.2140999999999997,7.91,3.0049932658793552,-2.3206461335002353,-1.8134160208183498,6.148302795163015,4.000714511006716,2.3381635173720974,-2.0556991947099164,-1.3734794793297933,6.320457846179479,-1.3734794793297933,0.2295255421124518,6.5,NA,NA,4.030870107861551,7.35,NA,NA,1.6283240091483482,7.73,2.691728253727889,8.33,0,0,0,4,0,8
R206699,completed,hmp_full,38,Woman,White,No,yes,above_median,not_college_graduate,NA,11,1,1,1,1,1,1,NA,NA,NA,0,0,1,NA,NA,NA,no,0,0,0,0,0,0,0,0,NA,NA,NA,NA,NA,NA,NA,NA,14,7,62,3.5,NA,NA,NA,NA,NA,NA,NA,NA,NA,NA,NA,NA,NA,NA,NA,NA,NA,NA,NA,NA,NA,NA,NA,NA,NA,NA,NA,NA,NA,NA,NA,NA,NA,NA,0.6522662550408918,6.52,NA,NA,NA,NA,NA,NA,NA,NA,NA,NA,2,0,5,0,0,0
R420168,completed,uc,33,Woman,White,Yes,no,above_median,college_graduate,NA,6,0,1,1,1,0,1,0,1,1,1,1,1,0,1,1,no,0,0,0,0,0,0,0,0,0,0,0,0,0,0,1,1,10,8,55.8,6.3,13,9,46.1,6.9,NA,NA,NA,NA,10,8,47.7,8.3,9,8,47.9,8.5,10,10,51.9,7.9,3.3228,0.6,1.50165,0.33,2.691630758037744,0.9843561499759648,-1.8698656466676864,8.094952161020046,0.9633476973885298,2.8819665197245947,4.409493949990163,-2.0007481758327468,7.439353799759221,2.8434389106258444,1.889785471800918,7.79,0.7953853971478226,6.67,NA,NA,2.8787206488116333,8.76,0.2278287645259946,5.8,5.547455060269295,5.88,NA,NA,NA,NA,NA,NA
R375076,completed,uc,53,Woman,White,No,yes,below_median,not_college_graduate,NA,8,1,0,1,1,1,1,0,1,0,0,0,0,0,1,0,no,0,0,0,0,0,1,0,0,0,0,0,0,0,0,0,0,5,6,52,8.6,7,6,52.7,8.9,6,6,52.7,8.7,7,7,55.8,7.6,7,5.83,52.7,7.6,6,7,54.3,8.6,1.4484000000000001,0.415,1.1928,0.34,2.8895189984788634,1.3115073324631488,-2.9179562773508603,6.818472645057225,7.206472402944277,3.184868101730858,-3.613026219136995,-3.190188368661116,5.9397008789174395,7.427596123157692,NA,NA,2.827187743536304,16.24,3.041058185193495,11.42,4.9853554287851205,7.36,3.0282727184836187,9.8,2.072765005090543,14.01,NA,NA,NA,NA,NA,NA
R674846,completed,uc,19,NA,White,Yes,no,NA,not_college_graduate,NA,21,1,1,1,1,1,1,NA,NA,NA,0,0,0,1,0,0,no,0,0,0,0,0,0,0,0,NA,NA,NA,NA,NA,NA,NA,NA,20,21,78.9,4.4,19,19,71.9,3.9,17,17,70.6,3.8,19,19,68.3,3.5,11,11,76.3,5.5,NA,NA,NA,NA,NA,NA,NA,NA,NA,NA,NA,NA,NA,NA,NA,NA,NA,NA,3.666445314130124,10,2.2817177562959867,10.13,1.2986982581611255,6.93,4.034740708382071,12.85,4.939752630679299,11.26,NA,NA,NA,NA,NA,NA,NA,NA
R723480,completed,hmp_full,42,Woman,White,Yes,no,below_median,not_college_graduate,NA,8,1,0,1,1,1,1,0,0,0,0,0,0,0,0,0,yes,0,0,0,0,0,0,0,0,0,0,0,0,0,0,0,0,14,16,50.2,6.7,11,8,44.2,6.5,9,8,43.9,7.6,6,4,40.5,8.2,9,5,42.7,8,8,4,42.2,9.2,1.5868499999999999,0.36,1.6188,0.32,3.2419542628769267,4.095273452169982,2.0280091092168258,4.907008680277137,5.417635378241796,3.3449054622723615,0.17798111503901248,3.858528964985137,3.8337463555445943,5.434586527497657,NA,NA,2.1886559467318123,8.08,3.518242184178554,15.6,5.940132707007317,9.64,4.283834636235388,10.29,2.814354872710787,12.25,13,12,13,7,10,10
R384183,completed,uc,33,Woman,Asian,No,no,below_median,college_graduate,NA,13,0,0,0,1,1,1,1,0,0,1,0,0,NA,NA,NA,no,0,0,0,0,0,0,0,0,NA,NA,NA,NA,NA,NA,NA,NA,9,6,53.3,6.2,11,4,52,6.9,NA,NA,NA,NA,NA,NA,NA,NA,NA,NA,NA,NA,2,0,53.7,7.6,NA,NA,NA,NA,NA,NA,NA,NA,NA,NA,NA,NA,NA,NA,4.404668088395592,11.56,2.5188515454713176,10.95,NA,NA,NA,NA,NA,NA,NA,NA,NA,NA,NA,NA,NA,NA
R705894,completed,hmp_full,65,Woman,White,Yes,no,below_median,college_graduate,NA,8,0,0,0,1,1,1,0,0,0,1,0,0,1,0,0,no,0,0,0,0,0,0,0,0,0,0,0,0,0,0,0,0,5,6,44.2,3.6,5,5,50.2,7.7,7,2,57.9,6.1,6,3,57.9,6.8,3,4,50.2,7.5,2,2,50.2,8.8,0.3408,0.31,0.33015,0.29,2.940778599838712,1.4995994167044668,4.137155261917464,7.148493765505869,6.359957245030337,3.120896075567825,-0.33232027474874215,4.305461801796093,7.34389048466469,6.227320158532884,0.8924318855657584,7.1,0.4807509082510846,11.11,0.4261572162757446,7.58,1.1781364837836583,10.45,0.3332106518703709,5.83,0.7843984119641628,11.17,20,7,178,42,0,430
R650959,completed,hmp_active,27,Woman,Asian,No,no,below_median,college_graduate,NA,7,0,0,0,0,1,1,0,0,1,0,0,1,0,0,1,yes,0,0,0,0,0,0,0,0,0,0,0,0,0,0,0,0,8,13,42.7,5.2,6,3,47,5.7,5,3,42.7,6.1,5,2,44.8,6,4,2,44.2,6.2,6,8,46.1,6.4,0.19169999999999998,0.26,0.13845,0.275178059296726,2.6354854240071868,-2.7451144260605136,-2.210983260995885,7.861529509166848,1.9321514653956473,2.026884796766549,2.5029661295853947,-1.3786599916354012,5.951089697406111,-0.28004770296729165,0.9051750980275174,10.89,1.4881666601172785,5.66,7.2212111916583455,10.11,0.8874299359542155,8.33,3.4448240252183377,7.89,4.397049095000088,9.62,12,0,0,1,0,0
R536508,completed,hmp_active,31,Woman,White,Yes,no,below_median,college_graduate,NA,12,1,1,1,1,1,1,NA,NA,NA,1,1,1,1,1,1,no,0,0,0,0,0,0,0,0,NA,NA,NA,NA,NA,NA,NA,NA,9,11,50.4,2.9,11,12,51.3,2.88,10,8,60.2,3.9,13,8,56,3.5,12,8,52.6,3.9,NA,NA,NA,NA,NA,NA,NA,NA,NA,NA,NA,NA,NA,NA,NA,NA,NA,NA,0.6737867832381289,13.95,5.913389592487039,15.89,8.655681766875011,8.63,5.487188016951003,12.5,6.7521177464655056,11.47,NA,NA,21,0,0,0,0,0
R787023,completed,uc,49,Woman,White,Yes,no,above_median,college_graduate,NA,10,1,0,1,0,1,1,1,1,0,1,1,0,1,1,0,no,0,0,1,1,0,0,0,0,0,0,1,0,0,0,0,0,9,8,46.3,4.7,2,6,44.2,6.1,4,5,46.1,6.1,6,3,47.9,5.9,1,8,42.7,6,8,7,50.2,5.5,13.96215,1.51,4.26,1.11,2.372766514687,-2.406404720040481,-2.142746559712204,6.833515695896988,1.7074010419978547,2.0024828705575186,-2.168282352890946,-1.866242358897178,3.19000344645113,1.5677448455879681,0.9369528973338318,7.59,2.8470290164541288,7.05,0.9991807973181572,4.85,6.32011239713982,2.66,4.880744612521736,5.98,0.8131771258270418,4.55,NA,NA,NA,NA,NA,NA
R221245,completed,hmp_full,41,Woman,White,Yes,no,below_median,college_graduate,NA,14,1,1,1,1,1,1,0,0,1,0,0,1,0,0,1,no,0,0,0,1,0,0,0,0,1,1,1,1,0,0,0,1,15,15,62.6,6.6,14,16,61.8,6.4,13,15,60.1,6,15,11,57.2,6.78,14,11,59,7.4,12,10,57.2,7.2,19.05285,25.32,15.26145,19.74,2.5246906053129794,2.153157246200534,-1.7016290146805386,-1.7016290146805386,1.6656668153059355,2.233688064761249,-2.21791749159445,-1.7909335292454154,-1.7909335292454154,2.4717463477959,0.9986539421276543,7.3,3.337491550747381,2.21,4.339372083645265,2.2,0.6621940943825135,7,4.358746937450388,7.02,4.567248012432221,7.39,21,17,43,38,75,35
R401207,completed,hmp_full,23,Woman,White,Yes,no,below_median,not_college_graduate,NA,17,1,0,1,0,1,1,NA,NA,NA,0,1,0,0,1,1,no,0,0,0,0,0,0,0,0,NA,NA,NA,NA,NA,NA,NA,NA,11,3,54.3,4.6,13,6,67.7,5.5,10,6,57.9,6,12,8,64.1,5.8,13,10,57.1,5.8,10,8,NA,5.1,NA,NA,NA,NA,NA,NA,NA,NA,NA,NA,NA,NA,NA,NA,2.566407860995784,9.89,2.595782640668987,9.26,3.827425833118128,13.92,2.4831199341787453,9.4,NA,NA,NA,NA,7,0,15,0,0,0
R761655,completed,hmp_full,31,Woman,Asian,No,no,below_median,college_graduate,NA,9,1,0,1,0,1,1,NA,NA,NA,0,1,1,NA,NA,NA,no,0,0,0,0,0,0,0,1,NA,NA,NA,NA,NA,NA,NA,NA,10,6,48.8,5,NA,NA,NA,NA,NA,NA,NA,NA,NA,NA,NA,NA,NA,NA,NA,NA,NA,NA,NA,NA,NA,NA,NA,NA,NA,NA,NA,NA,NA,NA,NA,NA,NA,NA,3.654986991883056,8.59,NA,NA,NA,NA,NA,NA,NA,NA,NA,NA,3,0,8,0,0,0
R695957,completed,hmp_full,54,Woman,White,Yes,no,below_median,college_graduate,NA,12,1,0,1,1,1,1,1,1,1,1,1,0,1,1,1,no,0,0,0,0,0,0,0,0,0,0,0,0,0,0,0,0,3,3,54.3,4.89,4,3,52,5.88,3,3,44.2,5.7,2,3,50.2,7.2,2,2,46.3,6.8,3,1,46.3,6.9,1.7253,0.765,1.4484000000000001,1.115,2.9397552321688547,-3.065612143466197,-2.2690426327727096,5.941897100606312,5.77172636159487,2.791810870416372,2.01103894003656,-2.0821277678252614,4.296298415826325,6.830210799292286,2.974719518573352,9.22,4.270493946023626,5.19,1.149527492331487,10.5,1.82056243351694,5.49,2.9207581740444093,7.82,0.5665643613721026,10.71,7,0,30,1,10,0
R711723,completed,hmp_full,25,Woman,White,Yes,no,below_median,college_graduate,NA,10,0,0,0,0,0,0,NA,NA,NA,1,1,0,1,1,1,no,0,0,1,0,0,1,0,0,NA,NA,NA,NA,NA,NA,NA,NA,10,13,59.1,4.6,7,8,54.3,4.5,NA,NA,NA,NA,4,5,46.4,6.3,4,5,46.3,6.2,NA,NA,NA,NA,NA,NA,NA,NA,NA,NA,NA,NA,NA,NA,NA,NA,NA,NA,3.123122026171935,8.48,1.0175085758538636,5.96,NA,NA,10.82857990863196,13.68,3.7072530469869145,4.29,NA,NA,15,17,50,1,0,0
R401754,completed,hmp_full,28,Woman,White,Yes,no,above_median,college_graduate,NA,7,1,0,1,1,1,1,1,0,0,0,0,0,1,0,0,dont_know,0,0,0,0,0,0,0,0,1,0,0,1,0,0,1,0,6,6,48.8,5.7,10,13,44.7,5.2,7,16,48.8,5.7,6,10,50.4,5,4,8,55.8,5,0,0,48.8,5.6,2.8755,0.45499999999999996,2.4281999999999995,0.38,2.0563954624775045,2.6311382938090606,-2.1915527123467196,5.559922605674736,2.728428213481405,2.571118124919296,2.1064407951876043,-2.404636161003346,5.199760187792991,3.1598842463193475,1.4622119250166754,2.08,4.2064823500836646,7.41,1.3804175974324844,6.77,3.460495343957014,5.94,3.545466407471292,6.45,1.6650480581187628,5.21,14,5,8,7,35,0
R883913,completed,hmp_active,23,Woman,White,Yes,no,below_median,college_graduate,NA,8,1,0,1,1,1,1,1,0,1,1,0,1,1,0,1,no,0,0,0,0,0,0,0,0,1,0,0,0,0,1,0,0,10,7,45.1,6.6,7,4,54.3,7.9,7,3,54.3,5.4,10,10,54.3,6,3,3,46.1,6.6,3,2,53,7.5,1.2567,0.6,0.5964,0.21,2.7887686697881406,-0.02489782667275353,-2.131975240783948,5.514378481662051,5.024981123831688,3.095208813437887,0.29268110415033277,-2.337749023112196,5.092958059433773,4.498510254164872,0.9303289712768198,5.85,4.591517892263107,10.92,5.661865774185784,13.79,NA,NA,NA,NA,0.2419198004865673,6.75,24,0,0,1,0,0
R795654,completed,hmp_active,26,Woman,Black,No,no,below_median,college_graduate,NA,21,1,1,1,1,1,1,0,0,0,1,0,1,0,0,0,yes,0,0,0,0,0,0,0,0,1,0,0,0,0,0,0,0,21,17.5,60.3,3,NA,NA,NA,NA,NA,NA,NA,NA,21,18,65.2,2.8,21,15,62,1.9,22,21,63.7,2.6,NA,NA,NA,NA,3.0172622784889196,-2.710547437275672,-2.2250755203657473,6.2456547966401494,1.536124595327815,2.9583625730983427,-2.3030230729961985,-1.577631585551545,6.767823842610382,-1.577631585551545,8.371071472621134,9.09,NA,NA,NA,NA,3.2819702343219777,11.59,1.7673526914718745,9.09,1.7654789981117327,11.24,18,0,0,4,0,0
R891911,completed,hmp_active,44,Man,Black,No,no,below_median,not_college_graduate,NA,14,0,0,0,1,1,1,0,0,0,0,0,0,1,0,0,no,0,0,0,0,0,0,0,0,0,0,0,0,0,0,0,0,14,15,57.9,4.7,3,3,50.4,6.5,8,7,54.3,7.7,2,0,52,8.2,2,2,54.3,8.9,1,0,40.3,8.3,1.2460499999999999,0.27,0.5964,0.44,3.21965803277868,1.0023335998940197,-1.8285212509679836,6.768037495828994,2.0216263507420753,2.822303187232819,5.214728296134957,-1.2770843641735143,6.3825585903911675,-1.2770843641735143,2.890872407670481,11.03,0.2576085093923199,20.24,3.3172852979585823,10.4,1.577468312197269,11.61,0.6020229308240836,17.19,1.0403068601570808,13.71,12,0,0,2,0,0
R867748,completed,uc,64,Woman,White,NA,NA,below_median,not_college_graduate,NA,21,0,0,0,1,1,1,0,1,0,0,1,0,0,1,0,yes,1,0,0,1,0,1,0,1,0,0,0,0,0,1,0,0,17,11,50.4,1.7,13,7,50,1.33,12,5,55.8,2.8,13,4,51.8,1.8,12,7,50.4,2.6,15,7,52.7,4.2,10.70325,2.58,21.299999999999997,53.39,2.427206916265683,-1.4482461896640366,-1.4736917935492286,6.769853714379031,4.098462238628536,2.1188173915527764,-1.7727633721400808,-1.177295372654581,8.0900867396888,5.273175049489596,2.1122715335469726,8.61,1.5352899615156317,5.92,0.2973189534044973,6.54,NA,NA,2.0480378996690995,10.48,0.4823110524408782,6.78,NA,NA,NA,NA,NA,NA
R887360,completed,uc,33,Woman,White,Yes,no,above_median,college_graduate,NA,17,1,1,1,1,1,1,1,1,1,1,1,1,1,1,1,no,0,0,0,0,0,0,0,0,0,0,0,1,0,0,0,0,16,13,55.8,6.33,NA,NA,NA,NA,NA,NA,NA,NA,17,13,58,7.1,16,8,63.4,7.7,12,7,54.3,7.3,0.15974999999999998,0.23,0.0852,0.38,3.3525923500016206,-4.04702897747793,4.328842238255499,4.041729804098814,3.3762893752678083,2.9568156474279803,-1.5212251960941563,5.3164271130161005,3.490919441921272,2.6192650766428427,0.719780435088821,5.19,NA,NA,NA,NA,4.708652171871329,11.69,4.271147401860526,6.86,1.46600006152187,7.62,NA,NA,NA,NA,NA,NA
R738544,completed,hmp_active,24,Other,Asian,No,no,below_median,college_graduate,NA,10,1,1,1,1,1,1,NA,NA,NA,1,1,1,NA,NA,NA,no,0,0,0,0,0,0,0,0,NA,NA,NA,NA,NA,NA,NA,NA,13,9,55.6,6.2,12,9,56.2,5.6,NA,NA,NA,NA,NA,NA,NA,NA,NA,NA,NA,NA,NA,NA,NA,NA,NA,NA,NA,NA,NA,NA,NA,NA,NA,NA,NA,NA,NA,NA,2.4834952908936,13.14,NA,NA,NA,NA,NA,NA,NA,NA,NA,NA,4,0,0,1,0,0
R502375,completed,uc,59,Woman,NA,No,yes,below_median,not_college_graduate,NA,23,0,0,0,1,1,1,0,1,1,0,0,0,NA,NA,NA,no,0,0,0,0,0,0,0,0,NA,NA,NA,NA,NA,NA,NA,NA,12,4.67,63.4,7.6,5,2,59.6,7.1,NA,NA,NA,NA,NA,NA,NA,NA,NA,NA,NA,NA,15,14,63,6.2,NA,NA,NA,NA,NA,NA,NA,NA,NA,NA,NA,NA,NA,NA,NA,NA,4.871666114971342,10.73,NA,NA,NA,NA,NA,NA,NA,NA,NA,NA,NA,NA,NA,NA
R700056,completed,hmp_active,23,NA,White,Yes,no,below_median,college_graduate,NA,14,1,1,1,1,1,1,NA,NA,NA,1,1,1,1,1,0,no,0,0,0,0,0,0,0,0,NA,NA,NA,NA,NA,NA,NA,NA,18,7,50.2,7.8,6,7,69.3,8.7,4,2,54.3,8.5,12,15,50.4,7.7,5,8,50.4,8.1,NA,NA,NA,NA,NA,NA,NA,NA,NA,NA,NA,NA,NA,NA,NA,NA,NA,NA,5.783639376603215,8.87,4.777847740942052,13.01,0.7166338955342655,8.02,5.661543641974929,9.05,0.274603015251069,10.73,NA,NA,15,0,0,1,0,0
R123597,completed,uc,28,Woman,White,NA,NA,below_median,college_graduate,NA,11,0,1,1,1,0,1,0,1,1,0,1,1,0,1,1,yes,0,0,0,0,0,0,0,0,NA,NA,NA,NA,NA,NA,NA,NA,12,19,64.1,5.7,12,19,64.1,6.4,12,18,78.1,6.2,13,18,83.8,5.7,12,21,64.1,6.4,10,16,53.5,5.9,NA,NA,NA,NA,NA,NA,NA,NA,NA,NA,NA,NA,NA,NA,5.23269237281937,8.2,5.123706809109813,5.52,4.788011695547365,12.33,1.24059020380935,9.3,4.707287494811949,13.22,3.579985811238371,5.97,NA,NA,NA,NA,NA,NA
R874313,completed,hmp_active,24,Woman,White,Yes,no,below_median,college_graduate,NA,13,1,1,1,1,1,1,NA,NA,NA,0,0,0,1,0,0,yes,0,0,0,0,0,0,0,1,NA,NA,NA,NA,NA,NA,NA,NA,19,14,35.7,3.3,13,13,58.4,4,6,6,40.2,5.6,5,6,48.7,5.2,7,4,41.1,7,NA,NA,NA,NA,NA,NA,NA,NA,NA,NA,NA,NA,NA,NA,NA,NA,NA,NA,NA,NA,2.8180441459963546,7.03,3.3417166656087725,11.59,0.2517241071142309,10.23,1.9634639980226392,11.55,NA,NA,4,0,0,0,0,0
R829621,completed,hmp_active,22,Man,Asian,No,no,below_median,not_college_graduate,NA,8,1,0,1,0,1,1,0,0,0,0,0,0,0,0,0,no,0,0,0,0,0,0,0,0,0,0,0,0,0,0,0,0,7,9,52.7,6.9,14,9,55.6,7,12,8,57.9,7.9,8,5,50.2,8.2,9,10,57.9,7.1,13,13,54.2,5.89,0.28755000000000003,0.23,0.4899,0.18,2.238889578907826,5.315309072641247,-1.6627471872364277,9.705210307481194,4.0242281691033925,2.656410695894263,5.867884922224608,-2.109801626939544,8.705265577740619,3.323920376614696,0.6061303843520591,13.69,0.4616149754094036,9.6,0.38914828017533,7.39,2.353311879320329,8.89,0.7494428444375217,11.63,NA,NA,9,0,0,2,0,0
R462021,completed,uc,36,Woman,White,Yes,no,above_median,college_graduate,NA,13,1,1,1,1,1,1,0,0,0,1,0,0,0,0,0,no,0,0,0,0,0,0,0,0,0,1,0,1,0,1,0,1,4,6,55.8,7.8,7,6,61.3,7.3,NA,NA,NA,NA,NA,NA,NA,NA,4,3,59.4,6.9,10,8,67.4,6,16.5288,0.385,1.6614,0.59,2.8924803300064075,-3.051922232280571,1.7809087676236608,6.227928035426933,1.826371141700418,2.750733185982902,1.5512595755608802,-1.692487695664397,4.3405985261344044,1.8040198658020832,7.044193867213,0,5.2918779420516655,4.4,NA,NA,NA,NA,3.632804026128717,3.23,4.038213260355398,9.76,NA,NA,NA,NA,NA,NA
R683973,completed,hmp_active,29,Man,White,Yes,no,below_median,college_graduate,NA,10,1,1,1,1,1,1,0,0,0,0,0,0,0,0,0,no,0,0,0,0,0,0,0,0,0,0,0,0,0,1,0,0,12,9.33,57.9,5.6,5,6,51.9,7.2,6,4,59.4,5.6,5,4,54.3,7.1,5,6,54.3,6.78,5,4,46.3,6.8,0.9798,NA,0.77745,0.51,2.4481451176156197,-1.559214628004217,-2.720748804775613,6.861361998784636,6.609771727456675,2.456388012712412,-3.796066825711713,-2.663455367934263,5.825955442469523,7.534751934405296,0.7861081553280365,1.06,0.2129475095055218,6.17,NA,NA,NA,NA,2.4591728475509558,3.58,0.8473821562938265,2.58,5,0,0,0,0,0
R729309,completed,uc,25,Man,Black,No,no,below_median,not_college_graduate,NA,10,1,1,1,1,1,1,0,0,0,0,0,0,0,0,0,no,0,0,0,0,0,0,0,0,0,0,0,0,0,0,0,0,6,5,50.4,4.6,9,6,44.2,4.6,5,3,41.1,4.5,5,4,41.1,3.6,6,6,54.3,4.7,11,21,52.7,3.3,1.2779999999999998,0.2,0.38339999999999996,0.42,NA,NA,NA,NA,NA,NA,NA,NA,NA,NA,1.2732563114960438,8.13,1.1464401218637892,10.88,0.6636499555448009,7.23,4.208852799387048,8.02,1.3013834717332655,9.68,0.3492097280898291,10.91,NA,NA,NA,NA,NA,NA
R854925,completed,uc,51,Woman,White,Yes,no,above_median,college_graduate,NA,8,1,0,1,0,1,1,NA,NA,NA,1,1,1,1,1,1,yes,0,0,0,0,0,0,0,0,NA,NA,NA,NA,NA,NA,NA,NA,12,7,44.2,5.1,NA,NA,NA,NA,15,7,49.2,4.7,14,9,47.9,5.8,14,9,53.5,2.44,NA,NA,NA,NA,NA,NA,NA,NA,NA,NA,NA,NA,NA,NA,NA,NA,NA,NA,NA,NA,NA,NA,NA,NA,1.4980875115725116,8.64,4.154641413823057,11.44,NA,NA,NA,NA,NA,NA,NA,NA
R903193,completed,hmp_full,50,Woman,White,Yes,no,below_median,not_college_graduate,NA,8,1,1,1,1,1,1,0,0,0,0,0,0,0,1,0,no,0,0,0,0,0,0,0,0,0,0,0,0,0,0,0,0,15,11,63,6.2,17,18,61.2,4.1,18,18,76.1,3.6,12,15,68.9,5.2,15,12,63,5.3,10,7,56.5,5.9,12.6522,1.0150000000000001,16.2519,1.32,2.7290687925748918,-2.291985752667368,-1.8762800835046702,1.491015746481804,3.140999753310254,2.6041714237274216,1.4847269087865003,-1.8288537815908157,-1.8288537815908157,5.057677860939695,2.848376578781004,13.25,5.986973374257838,16.67,2.839120895092629,12.68,1.0410182529070289,11.54,2.8213772874433483,16.39,1.3705270389767554,9.49,22,230,0,0,0,0
R782909,completed,hmp_active,51,Man,White,Yes,no,above_median,not_college_graduate,NA,9,1,1,1,1,1,1,0,0,0,0,1,0,0,0,0,no,0,NA,0,NA,0,1,NA,NA,NA,NA,NA,NA,NA,NA,NA,NA,11,4,53.5,4.5,12,6,55.8,3.78,7,5,53.5,5,5,5,51.8,4.56,6,2,51.8,5.3,3,1,51.8,4.9,NA,NA,NA,NA,NA,NA,NA,NA,NA,NA,NA,NA,NA,NA,2.0052734451415972,5.43,5.6093592011015625,10.82,2.7115963121953635,6.3,0.1991586542796682,4.64,4.693967242768273,12.8,2.559746954780569,6.44,10,0,0,0,0,0
R792785,completed,hmp_full,52,Man,Black,No,no,below_median,not_college_graduate,NA,9,1,0,1,1,1,1,0,0,0,0,0,0,0,0,0,no,0,0,0,0,0,1,0,0,0,0,0,0,0,0,0,0,7,7,50.4,6.7,5,10,46.6,6.9,9,16,52,6.44,6,6,47.4,7.5,10,12,48.6,7.88,5,5.83,54.5,8.5,0.3408,0.23,0.33015,0.31,2.4521179253660526,5.220497875110108,-2.3423584427955766,3.976609670950858,3.7097307261288406,2.542156575255812,3.3768256106646732,-2.4944322281461306,-2.4944322281461306,4.088976994012634,0.4049755790789909,10.73,2.548684861703244,10.43,NA,NA,0.9113087543907182,5.98,1.6930960640553334,7.61,1.8199958418069748,9.13,8,582,8,0,0,0
R554849,completed,uc,47,Woman,White,Yes,no,above_median,college_graduate,NA,6,1,0,1,0,1,1,0,0,1,0,0,1,0,0,1,yes,0,0,0,0,0,0,0,0,0,0,0,0,0,0,0,1,7,4,54.4,7.9,3,3,36.5,8.7,4,0,41.1,9.8,4,0,30.7,9.3,4,0,34.4,9.3,2,2,42.3,9.2,0.23429999999999998,0.05,0.19169999999999998,0.060000000000000005,2.5980301484954036,-2.0941975299053897,-1.441398865857806,7.528778949634573,0.5045112831975073,2.6714019502822857,-2.480340391654583,-1.7048017685161647,6.077171465918219,3.0401303598470855,0.3224775156156219,10.19,1.4541036046202735,12.85,0.2405636823103527,6.95,NA,NA,1.2919331558245646,10.5,1.8694879003335647,13.21,NA,NA,NA,NA,NA,NA
R724738,completed,hmp_active,61,Woman,White,NA,NA,below_median,NA,NA,8,1,0,1,0,1,1,0,1,1,1,1,1,1,1,1,yes,1,0,1,0,1,0,0,1,0,0,0,0,0,0,0,0,8,11,56.5,4.89,6,5.6,54.3,6.5,7,6,54.3,5.57,8,5.6,61.9,6.3,8,6,55.8,6.3,8,7,55.8,5.44,1.0969499999999999,0.77,1.7359499999999999,1.19,2.586444333361031,3.9123186259270843,-1.5531269821692275,0.05631093026487277,2.889524274321089,2.342541277245496,2.2955792142444316,-1.6815003656395362,-1.6815003656395362,-1.6815003656395362,3.022574435772904,8.77,NA,NA,2.898175676141913,12.4,NA,NA,1.89217307005574,8.77,7.033631453946733,3.95,7,0,0,3,0,0
R960960,completed,hmp_full,59,Man,White,Yes,no,above_median,not_college_graduate,NA,20,1,1,1,1,1,1,1,1,1,1,1,1,1,1,0,no,0,0,1,0,0,0,1,0,0,0,1,0,0,1,0,0,22,19,73.5,4.9,16,15,70.9,5,20,17,77.2,4.89,17,18,77.4,5.44,20,17,78.3,3.5,16,13,69.3,5.8,6.18765,1.81,16.07085,1.62,3.021430047064314,4.585705003138017,-1.8535381751752742,6.131605756023346,3.9116529276095697,3.0988370012157485,3.671264834387143,-1.7110755455419562,5.252114440328281,3.8836358340598824,NA,NA,0.4550000842979581,4.35,3.183052274239749,7.94,4.127931153969689,7.39,2.2078567547892227,6.84,1.2768031814961018,12.27,21,0,255,28,10,340
R704095,completed,hmp_full,29,Woman,more_than_one,No,no,below_median,college_graduate,NA,10,1,0,1,1,1,1,NA,NA,NA,0,0,0,NA,NA,NA,no,0,0,0,0,0,0,0,0,NA,NA,NA,NA,NA,NA,NA,NA,12,13,59.4,4.8,NA,NA,NA,NA,NA,NA,NA,NA,NA,NA,NA,NA,NA,NA,NA,NA,NA,NA,NA,NA,NA,NA,NA,NA,NA,NA,NA,NA,NA,NA,NA,NA,NA,NA,1.516816664794027,10.14,NA,NA,NA,NA,NA,NA,NA,NA,NA,NA,0,0,0,0,0,0
R945451,completed,hmp_active,29,Woman,White,Yes,no,above_median,college_graduate,NA,22,1,0,1,1,1,1,0,0,0,0,0,0,0,0,0,no,0,0,0,0,0,0,0,0,0,0,0,0,0,0,0,0,8,6,55.8,5.5,6,4,57.9,5.7,5,7,54.3,6.3,4,4,50.2,6.6,5,6,53.2,6.7,6,8,55.8,7.1,0.20235,0.12,0.1065,0.155,2.371161066821648,2.320420188609127,-1.2665415769882227,7.585551186488907,-1.2665415769882227,2.3122298623183255,2.5238846895249623,-1.4499647562505937,8.001987571322841,-1.4499647562505937,5.589590234022017,9.31,1.5182543815426124,10.09,0.1836735185034554,7.39,0.8783890663486161,4.44,3.630064161585645,5.1,0.3353035890375455,0.8,23,0,0,2,0,0
R254575,completed,hmp_full,61,Woman,White,Yes,no,above_median,college_graduate,NA,6,1,0,1,0,1,1,0,0,0,0,0,0,0,0,0,no,0,0,1,0,0,0,0,0,NA,NA,NA,NA,NA,NA,NA,NA,5,7,48.9,8.1,NA,NA,NA,NA,3,3,54.3,8.6,6,7,53.2,8.33,3,2,54.3,9,3,3,51.9,8.9,NA,NA,NA,NA,NA,NA,NA,NA,NA,NA,NA,NA,NA,NA,NA,NA,NA,NA,5.221342698760873,7.69,NA,NA,NA,NA,5.924418772496696,16.67,12,27,31,6,0,20
R942509,completed,uc,27,Woman,more_than_one,No,no,below_median,not_college_graduate,NA,7,1,0,1,1,1,1,NA,NA,NA,0,0,0,1,0,1,no,1,0,0,0,0,0,0,0,NA,NA,NA,NA,NA,NA,NA,NA,6,5,63,7,11,7,61.2,6,9,8,54.3,6.7,9,5,56.5,5.7,10,6,50.2,5.8,8,3,NA,5.2,NA,NA,NA,NA,NA,NA,NA,NA,NA,NA,NA,NA,NA,NA,3.616805218305002,9.95,2.559006169415744,7.46,3.0140652131810075,8.64,3.0489589906846226,10.64,NA,NA,NA,NA,NA,NA,NA,NA,NA,NA
R802405,completed,hmp_active,31,Woman,Black,No,no,above_median,college_graduate,NA,6,0,0,0,1,0,1,0,0,0,0,0,0,0,0,0,no,0,0,0,0,0,0,0,0,1,0,0,0,0,0,0,0,6,5,51.8,5.8,6,4,55.6,6,5,2,54.9,6.2,4,2,53.7,6.7,4,3,49.5,7.4,6,4,57.9,7,0.4366499999999999,0.28,1.7253,0.56,3.0050369378609316,-2.7069648268422934,-2.2248500475302455,7.715885119032548,2.537323887267511,2.8147606190374934,-2.8168969168756903,-2.305505607923353,7.215183007003522,0.7390168298000697,0.7566190757501381,7.28,0.3394176876673482,7.14,1.8455064035798057,6.4,0.2268556567239954,3.49,2.0807809030719078,8.59,1.9724262092650875,8.91,22,0,0,3,0,0
R698097,completed,hmp_active,42,Woman,White,Yes,no,above_median,not_college_graduate,NA,14,1,1,1,1,1,1,NA,NA,NA,0,0,0,0,0,0,dont_know,0,0,0,1,0,1,1,0,NA,NA,NA,NA,NA,NA,NA,NA,16,20,60.7,4.3,20,21,65.7,4,17,19,66,5.4,14,20,66.9,4.8,19,20,65.7,4.1,NA,NA,NA,NA,NA,NA,NA,NA,NA,NA,NA,NA,NA,NA,NA,NA,NA,NA,3.3845843990057736,9.8,1.7369281771772636,6.98,1.6964042670578705,10.5,3.12816190513736,9.18,NA,NA,NA,NA,21,0,0,1,0,0
R280800,completed,hmp_full,38,Woman,White,Yes,no,below_median,college_graduate,NA,11,1,0,1,0,1,1,NA,NA,NA,0,1,0,NA,NA,NA,no,0,0,0,0,1,1,0,0,NA,NA,NA,NA,NA,NA,NA,NA,10,8,57.1,8,NA,NA,NA,NA,NA,NA,NA,NA,NA,NA,NA,NA,NA,NA,NA,NA,NA,NA,NA,NA,NA,NA,NA,NA,NA,NA,NA,NA,NA,NA,NA,NA,NA,NA,3.349586548019106,5.5,NA,NA,NA,NA,NA,NA,NA,NA,NA,NA,2,7,13,0,0,0
R628765,completed,hmp_full,46,Woman,Black,No,no,below_median,not_college_graduate,NA,6,1,1,1,1,1,1,0,1,1,1,1,1,1,1,1,no,0,0,1,0,0,0,0,0,NA,NA,NA,NA,NA,NA,NA,NA,6,5,55.8,5.89,7,18,54,5.29,10,11,52,6,5,5,52,5.33,7,5,55.6,6.2,4,2,46.3,6.8,NA,NA,NA,NA,NA,NA,NA,NA,NA,NA,NA,NA,NA,NA,1.4400479002051991,10.7,0.4310554880066681,8.09,2.1844625623833127,3.59,1.5978235407436,2.1,0.5627269684360491,7.43,3.8975175991817856,3.77,14,12,38,35,55,100
R759041,completed,hmp_full,57,Woman,White,Yes,no,below_median,college_graduate,NA,14,1,1,1,1,1,1,0,0,0,0,0,0,0,0,0,no,0,0,0,0,0,0,0,0,0,0,0,0,0,0,0,1,14,12,64.6,3.7,13,8,68.1,4.1,11,8,64.9,3.89,10,6,65.8,3.3,9,7,60.6,4.7,10,10,62.3,5.5,1.99155,0.91,0.62835,1.82,2.2063079682977818,-2.7809707924771194,-1.7704446555337445,3.1199044726880087,4.508076768632099,1.8528131606688167,6.147416873302505,-0.8877056746609477,5.081001885324418,1.6772436828005888,2.2379985233182764,0.95,NA,NA,0.962262524782471,7.55,2.6070121970015085,7.18,0.2466847450327182,5.15,4.2435059162579,6.48,15,12,33,4,0,25
R617761,completed,hmp_full,30,Woman,White,Yes,no,above_median,college_graduate,NA,7,1,0,1,0,1,1,NA,NA,NA,0,1,0,0,1,0,no,0,0,0,NA,0,0,0,0,NA,NA,NA,NA,NA,NA,NA,NA,8,10,55.8,6.7,4,7,54.3,7.6,7,6,52.7,7.4,6,6,59.4,7.3,4,10,50.4,8,8,13,NA,6.8,NA,NA,NA,NA,NA,NA,NA,NA,NA,NA,NA,NA,NA,NA,1.9559703532352264,5.59,6.46431197306038,18.06,NA,NA,4.76661780771929,9.63,NA,NA,NA,NA,14,0,30,1,0,0
R196059,completed,hmp_full,48,Woman,White,Yes,no,above_median,college_graduate,NA,10,0,1,1,1,0,1,1,1,1,1,0,1,1,0,1,yes,1,0,1,0,0,0,0,1,0,0,1,1,NA,0,0,0,14,17,61.8,6.33,16,12,65.7,6.1,16,10,67,6.4,13,11,72,6.2,10,9,60.5,6.9,12,9,60.5,4.7,20.5545,0.44,21.299999999999997,0.76,2.922376162088625,-3.6378005717675324,-2.607352615515272,7.803283809814405,2.2048317398571458,3.121090573822859,-3.8543249018395733,-3.1801210353795293,6.959978954417772,2.609839135517724,7.563926120385084,12.87,4.489343299682131,8.67,3.062289658401181,3.98,0.1760713406082436,1.51,0.1955559227301854,4.89,0.8695324140893573,4.57,14,22,0,0,0,0
R567365,completed,hmp_active,38,Woman,White,Yes,no,above_median,college_graduate,NA,11,0,0,0,1,1,1,0,1,1,0,1,0,0,1,1,dont_know,0,0,0,0,0,0,0,0,0,0,0,0,0,0,0,0,6,7,54.3,7.6,7,14,56.5,5.2,7,8,52.7,6.2,3,9,41.1,6.11,5,8,50.4,7,1,6,52.7,7.33,0.8839499999999999,0.05,0.62835,0.59,2.70803949989263,-2.4247512093975305,-1.7607598141766387,6.8479180673617766,3.4703488026779477,2.8895833597135456,-2.7765210447716155,-2.0450103560035644,3.2973238959612465,2.098124370387968,3.426861380593787,6.45,NA,NA,NA,NA,1.552315091292689,0,1.940656565916875,0,4.002229872452453,2.88,15,0,0,42,0,0
R149642,completed,uc,57,Woman,White,Yes,no,above_median,not_college_graduate,NA,8,1,1,1,1,1,1,0,0,0,1,0,0,0,0,0,no,1,0,1,1,0,1,0,0,1,0,1,1,0,1,0,1,12,18,64.1,2.5,22,18,67.1,3.2,24,21,65.5,0.3,8,7,54.3,3.1,10,7,62,3.1,7,12,63,4.3,3.8233499999999996,1.22,1.90635,1.15,2.0551326376719343,-2.2923133119624257,-2.088466484097142,7.2247011976785105,3.1100305471686838,2.3941489762207833,-2.478189880449552,-2.154200322094106,-2.154200322094106,0.9812938938350435,4.255637318989614,11.11,7.3551430639947055,12.86,6.13135389795681,14.62,1.2202027238558308,12.33,0.5125055342634472,11.21,4.1944260645223785,7.55,NA,NA,NA,NA,NA,NA
R385350,completed,hmp_active,32,Woman,White,NA,NA,above_median,college_graduate,NA,5,0,0,0,0,0,0,0,0,0,0,0,0,0,0,0,no,0,0,0,0,0,0,0,0,0,0,0,0,0,0,0,0,5,2,55.8,9.1,3,0,54.3,8.56,2,0,52,8.6,0,0,43.6,9,1,0,37.7,9.56,0,0,41.1,8.7,0.35145,0.12,0.0852,0.08,3.046832251303704,2.389317282335197,3.836608214992597,8.165739460490832,2.625023260721001,3.1923696484638837,-0.5937886208261878,4.9689444946009935,7.823648955807078,3.2812509662942393,2.191990129245199,14.97,1.3035838346222954,10.4,0.2681213719074755,7.46,0.1861826811297918,6.9,0.2928141055401027,12.56,1.433054756013329,8.42,16,0,0,1,0,0
R632609,completed,hmp_active,31,Woman,White,Yes,no,below_median,not_college_graduate,NA,9,1,0,1,1,1,1,1,0,0,1,0,0,1,0,0,no,0,0,0,0,0,0,0,0,0,0,0,0,0,0,1,0,11,13,55.8,7.2,6,10,62,7.2,7,5,55.8,8.1,7,6,55.8,8.4,8,8,55.8,8,5,7,61.2,8.67,2.71575,0.24,1.4696999999999998,0.4,NA,NA,NA,NA,NA,NA,NA,NA,NA,NA,1.5521299928271428,6.6,0.1903804816215,3.61,0.2430059678671362,7.48,5.280877089667633,7.36,8.384099533001269,3.24,1.06830733125974,8.29,11,0,0,0,0,0
R766229,completed,hmp_full,39,Woman,Black,No,NA,below_median,not_college_graduate,NA,15,1,1,1,1,1,1,0,0,0,0,0,0,0,0,0,no,0,0,0,0,0,1,0,0,0,0,0,0,0,0,0,0,1,0,57.2,7.38,10,4,53.5,7.3,5,0,51.8,7,0,0,51.8,8.2,0,0,51.8,8.5,1,0,51.8,8.4,1.8531,0.44999999999999996,0.9798,0.3,2.1859546536723733,1.7894209368860476,-1.5933098451093666,2.640796659487893,2.3769820684427554,2.3801803488181816,-2.227791119780628,-1.4805233123221118,7.907712167495112,1.6549709036070377,0.1675712524526863,10.42,NA,NA,NA,NA,2.7838516950974985,3.33,4.1093959262165125,4.96,NA,NA,11,17,43,1,35,0
R377825,completed,hmp_full,26,Man,White,Yes,no,below_median,not_college_graduate,NA,12,1,0,1,0,1,1,NA,NA,NA,0,0,0,NA,NA,NA,no,0,0,NA,0,0,0,0,0,NA,NA,NA,NA,NA,NA,NA,NA,10,4,59,5.9,NA,NA,NA,NA,NA,NA,NA,NA,NA,NA,NA,NA,NA,NA,NA,NA,NA,NA,NA,NA,NA,NA,NA,NA,NA,NA,NA,NA,NA,NA,NA,NA,NA,NA,3.60161869569723,23.08,NA,NA,NA,NA,NA,NA,NA,NA,NA,NA,8,17,8,1,5,0
R843566,completed,hmp_active,32,Woman,White,Yes,no,below_median,not_college_graduate,NA,11,1,0,1,0,1,1,0,0,0,1,0,0,0,0,0,dont_know,1,0,0,1,0,0,0,0,1,0,0,0,0,0,0,1,12,9,44.2,5.8,6,15,42.2,7.8,10,18,44.2,6.8,10,19,46.3,7.2,5,19,52.3,8,10,14,44.4,7.2,0.8839499999999999,0.99,0.0852,0.07500000000000001,2.395135909868902,0.11812863861996226,4.539457422322066,6.56828797887853,-0.010584373494532784,2.965321425048622,-3.6599924702106663,3.372015952706455,6.578306171502007,2.9570721006437473,1.3062428272777655,9.78,1.474988267545987,8.09,5.132245095242593,13.22,5.193080106381634,8.94,0.2193577148401173,3.94,4.062583230797937,10.1,10,0,0,3,0,0
R796728,completed,hmp_full,55,Woman,White,Yes,no,above_median,college_graduate,NA,6,0,0,0,0,0,0,0,0,0,0,0,0,0,0,0,no,0,0,1,0,0,0,0,0,1,0,1,0,0,0,0,0,3,6,48.9,7.7,5,6,59.4,7.3,11,8,62,6.5,6,6,54.3,6.7,7,6,54.3,6.8,4,5,48.9,8.1,1.43775,0.315,3.834,0.67,2.729992755003298,-2.874287180420095,-1.856099837002299,7.76588650215713,2.956084518370119,2.481803181921159,-2.039662962844608,-1.5217420517482747,7.053531350744487,4.941287405172395,NA,NA,3.2191491071687404,10.92,4.089272989916595,7.07,5.471328340118133,7.36,3.803422682059596,6.52,3.3816862024832424,3.35,13,0,33,0,0,0
R490442,completed,hmp_active,47,Man,Black,No,no,below_median,not_college_graduate,NA,14,1,1,1,1,1,1,0,0,0,0,0,0,0,1,0,no,0,0,0,0,0,0,0,0,0,0,0,0,0,0,0,0,14,12,83.8,8.3,7,4,63,8.4,NA,NA,NA,NA,NA,NA,NA,NA,15,9,68.4,7.78,16,0,61.2,7,4.12155,0.5,1.2140999999999997,0.29,2.2343133183514734,-2.9879167793652903,-1.864838964326022,6.870525436777868,3.6116245876054887,2.247854346020235,-2.9129416342626144,0.4501491721073225,7.286017786228723,2.5408902690410917,2.6989378338453807,2.38,NA,NA,NA,NA,NA,NA,NA,NA,NA,NA,7,0,0,2,0,0
R832574,completed,hmp_active,41,Woman,White,Yes,no,below_median,college_graduate,NA,6,0,0,0,1,1,1,0,1,1,0,1,1,0,1,1,no,0,0,0,0,0,0,0,0,0,0,0,0,0,0,0,0,8,10.5,56.5,5.5,11,8,61.3,5.7,14,13,55.6,5,10,7,53.5,5.6,9,7,54.3,6.89,4,1,52.7,7,0.20235,0.06,0.1704,0.25,3.3008751022036256,-3.748257534345961,-2.426003457684152,3.8297465840692144,4.379719095732833,3.0218577381159566,-3.4541985256867838,-2.2321202194947163,4.811039696493624,0.33282913796682023,4.754525915849581,9.84,5.94430591608573,7.5,2.485779338974009,11.19,1.9177605630697547,4.63,3.2009099983018965,13.7,2.522424792515708,9.77,22,0,0,47,0,0
R539806,completed,hmp_active,40,Woman,White,Yes,no,above_median,college_graduate,NA,8,0,0,0,1,0,1,0,0,0,0,0,0,0,0,0,yes,0,0,0,0,0,0,0,0,0,0,0,0,0,0,0,0,7,1,59.4,5.7,3,3,46.3,5.3,4,0,50.4,5.2,7,1,55.8,5.8,1,0,50.4,7.2,0,0,44.2,7.71,0.1278,0.030000000000000002,0.0852,0.16,2.7671184945393104,-2.456678186656031,-1.955601756956519,5.1202071070218675,5.936850286563833,2.8351897609498833,-2.0156732099465904,-1.7119964234686411,7.205180212486523,5.115632811034212,0.7195311432918536,9.76,1.9960157244085155,8,1.4223589983620488,7.35,0.8275709022365572,3.41,1.06097764171532,11.26,2.921980856064517,13.33,22,0,0,50,0,0
R240412,completed,hmp_active,33,Woman,White,Yes,no,above_median,not_college_graduate,NA,7,0,0,0,0,0,0,NA,NA,NA,0,0,1,NA,NA,NA,yes,1,0,0,1,0,0,0,0,NA,NA,NA,NA,NA,NA,NA,NA,6,11,57.1,8.6,NA,NA,NA,NA,NA,NA,NA,NA,1,6,59.9,7.8,NA,NA,NA,NA,NA,NA,NA,NA,NA,NA,NA,NA,NA,NA,NA,NA,NA,NA,NA,NA,NA,NA,1.532486924435177,5.56,NA,NA,NA,NA,3.5094873047431205,10.98,NA,NA,NA,NA,4,0,0,0,0,0
R353116,completed,hmp_full,50,Woman,White,NA,NA,above_median,not_college_graduate,NA,12,0,0,0,0,1,1,0,0,0,0,0,0,0,0,0,no,0,0,0,0,0,0,0,0,0,0,0,0,0,0,0,0,6,5,57.9,6,1,1,48.7,8.1,0,1,44.2,7.8,0,0,41.1,8.2,0,0,41.1,8.33,1,0,50.4,7.7,1.50165,0.22,3.2376,0.95,2.910805509695661,-2.806715515634328,-1.9868825728553654,-1.9868825728553654,4.370959693652734,2.1184529710591846,-2.2194085034185433,-1.1672342516320544,-1.1672342516320544,2.0516415732361466,0.9619230786574072,6.63,1.2983595831272563,6.06,2.653725262332165,9.14,1.3547306067799352,7.23,1.1904135956742572,10.88,3.747961274502529,10.12,20,215,0,19,160,0
R541746,completed,hmp_full,46,Woman,White,Yes,no,below_median,not_college_graduate,NA,21,1,0,1,1,1,1,NA,NA,NA,0,0,0,NA,NA,NA,no,0,0,0,0,0,0,0,0,NA,NA,NA,NA,NA,NA,NA,NA,14,18,67.7,5.3,9,17,73.5,4.7,13,14,71.5,5.9,NA,NA,NA,NA,NA,NA,NA,NA,NA,NA,NA,NA,NA,NA,NA,NA,NA,NA,NA,NA,NA,NA,NA,NA,NA,NA,2.2837970040696165,5.77,NA,NA,NA,NA,NA,NA,NA,NA,NA,NA,6,20,0,0,0,0
R542731,completed,hmp_active,30,Woman,White,Yes,no,below_median,college_graduate,NA,5,1,0,1,0,1,1,0,1,0,0,1,1,0,1,0,no,0,0,0,0,0,0,0,0,0,0,0,0,0,0,0,0,5,12,64.6,6.7,4,6,64.1,6.7,4,6,61.2,7.56,4,6,59.4,6.9,2,6,59.4,6.9,2,8,51.9,7.9,1.7359499999999999,NA,0.86265,0.05,3.244872548724045,-4.6020833841011735,-3.31058041841791,7.138105198674207,7.554840223871075,3.1975620564131626,-4.276995115542061,-3.141524939334518,7.024442255628193,7.937859964579262,NA,NA,2.654948017152483,4.55,NA,NA,0.9186670054113018,5.36,2.563776218878699,11.11,7.142596860913637,11.27,18,0,0,5,0,0
R308139,completed,hmp_full,38,Woman,White,Yes,no,below_median,college_graduate,NA,10,1,1,1,1,1,1,1,0,0,0,0,0,1,0,0,no,0,0,0,0,0,0,0,0,1,NA,0,0,0,0,0,1,19,14,59.4,3.11,8,7,55.8,5.2,7,7,54.3,5.8,7,7,58.4,4.7,7,7,50.4,6.1,5,2,56.5,6.5,0.9158999999999999,0.09,0.5005499999999999,0.14,3.2036013746939447,-3.4068317403146082,-2.2886108058876924,6.577688759967325,6.258723542440531,3.036589680831313,1.9987231432002952,-2.359891744675214,7.195384942334312,6.316866016412362,1.7240626858520771,12.31,4.371053181054188,9.4,2.6895163323140125,7.1,NA,NA,0.8268537166093727,7.19,1.150648926754489,5.2,16,102,8,18,85,0
R894569,completed,hmp_active,22,Woman,Asian,No,no,above_median,college_graduate,NA,8,1,0,1,0,1,1,0,0,0,0,0,0,0,0,0,no,0,0,0,0,0,0,0,0,0,0,0,0,0,0,0,0,3,3,56.5,5.5,4,3,55.8,6.9,4,3,54.3,5.9,6,3,50.4,6.4,3,2,41.1,7.4,5,4,52.7,6.4,0.4899,0.26,2.7903,2.27,2.9339002239645895,0.20622493793335872,-2.150091022089076,5.996907675300917,-2.150091022089076,2.8134619737115014,4.605870414438938,-1.968164744225438,6.336577525415333,2.6469557726158213,1.7691608059504136,5.2,7.705537800182053,5.38,0.8959286955855855,6.74,5.149854473579159,11.8,0.280511039868121,4.1,1.4939162597816198,9.27,7,0,0,1,0,0
R830632,completed,hmp_active,19,Woman,White,Yes,no,above_median,not_college_graduate,NA,5,0,0,0,1,1,1,0,0,0,0,0,1,0,0,0,no,0,0,0,0,0,0,0,0,0,0,0,0,0,0,0,0,5,5,48.4,5.2,6,0,44.4,5,NA,NA,NA,NA,2,3,47,6.6,3,3,44.4,5.8,2,1,44.2,7.1,1.7785499999999999,1.86,0.1065,0.22,2.9879818992032483,0.6188737805684021,-2.309704238230475,7.444645051301931,5.0749061449465,2.8454006771996694,2.770205141403053,-2.205907506904206,7.3150743416586685,2.5898830386925353,0.3686170040172399,6.29,NA,NA,NA,NA,0.9786549572560252,8.82,4.155999873182728,7.31,1.21520315511664,9.66,6,0,0,2,0,0
R977021,completed,uc,27,Woman,White,Yes,no,below_median,college_graduate,NA,21,1,1,1,1,1,1,0,0,0,0,0,0,0,0,0,no,0,0,0,1,0,0,1,1,NA,NA,NA,NA,NA,NA,NA,NA,17,13,53.5,4.2,14,9,54,4.1,10,6,53.5,4.7,14,7,65.9,4.4,11,7,58,3.9,8,9,55.8,5.2,NA,NA,NA,NA,NA,NA,NA,NA,NA,NA,NA,NA,NA,NA,3.54552332294523,10,7.408192641662679,10.85,2.8318340968557494,6.72,1.9506131072522064,13.5,4.093505818166172,8.65,5.87458256132326,11.11,NA,NA,NA,NA,NA,NA
R427305,completed,hmp_active,32,Woman,Black,No,no,below_median,not_college_graduate,NA,8,1,1,1,1,1,1,1,1,1,0,1,1,1,1,1,no,0,0,0,0,0,0,0,0,0,0,0,0,0,0,0,0,6,0,48.6,4.2,14,4,59.6,2.8,21,15,65.3,2.4,15,12,59.6,4.2,7,4,54.3,4.9,14,6,72.2,3.3,0.7880999999999999,0.29000000000000004,0.5325,0.13,2.979494301099335,-3.5026591439735233,-3.0631623278653892,7.715856460071595,3.3354326066698183,3.291576369341902,1.28987219505529,3.215092188164273,6.447794946074757,3.963057115397482,3.8266343975497192,8.73,4.225704515159692,2.61,5.999622185961256,10.67,5.731413932239353,15.91,NA,NA,0.401320854623249,8.7,8,0,0,7,0,0
R417000,completed,hmp_active,64,Man,White,Yes,no,below_median,not_college_graduate,NA,7,0,0,0,0,0,0,0,0,0,0,0,0,0,0,0,no,0,0,0,0,0,0,0,0,0,0,0,0,0,0,0,0,1,4,46.3,8.3,0,1,46.3,8.8,0,2,55.8,8.7,0,2,46.3,8.6,0,3,38.8,9.3,0,0,29.7,9.3,0.7348499999999999,0.53,0.36210000000000003,NA,3.1250372361208485,3.2686806218722957,-3.401973239922261,7.02485134131692,6.240084611306152,3.074611351341067,1.349192904138674,-3.390383594403306,6.827367102814516,6.680777081920957,2.904625716263204,6.83,1.7917936234723717,6,3.5990404376537803,3.68,3.7654098198717287,6.87,1.795480337170581,4.59,0.37948705098412,9.55,20,0,0,58,0,0
R575290,completed,hmp_full,41,Woman,White,NA,NA,below_median,not_college_graduate,NA,8,1,0,1,1,1,1,0,0,1,0,0,1,0,0,0,no,0,0,0,0,0,0,1,0,0,0,1,0,1,0,1,0,10,14,63,5.8,12,20,57.9,3.9,5,6,48.9,6.5,4,6,47.9,6.8,8,6,52.7,6.2,10,11,57.9,5.8,1.2886499999999999,4.91,1.6401,6.859999999999999,3.1063516412255643,2.7472660607397317,-2.5280608023438114,-0.5821506532884981,4.638205171789826,2.925733532912342,5.025139310806799,-2.458091419471157,3.7383527083233634,5.179625013193641,0.4573413998040164,6.42,3.4676008540651018,12.5,0.7767496090766662,12.21,3.7112333909366018,5.24,1.7492085254740466,9.55,0.3649619519736909,5.96,11,10,10,2,5,5
R244241,completed,hmp_active,34,Woman,White,Yes,no,below_median,college_graduate,NA,5,1,0,1,1,1,1,1,1,1,1,1,1,1,1,1,no,1,0,1,0,0,0,0,1,NA,NA,NA,NA,NA,NA,NA,NA,8,10,48.9,4.4,7,11,57.9,4.9,13,15,59.4,4.7,9,12,59.4,4.6,7,7,63,5,9,9,67.3,5.5,NA,NA,NA,NA,NA,NA,NA,NA,NA,NA,NA,NA,NA,NA,4.207448929632107,14.52,4.712512631588394,8.22,0.2586550564526227,7.87,0.3130869950506391,4.92,5.56867589316838,8.94,4.113264487717632,11.22,17,0,0,0,0,0
R510687,completed,uc,64,Woman,White,Yes,no,above_median,college_graduate,NA,5,0,0,0,0,0,0,0,0,0,0,0,0,0,0,0,no,1,1,0,1,0,0,0,0,1,0,0,0,0,1,0,1,8,2,65.3,5.6,13,6,67.7,7,11,5,61.2,7,11,8,62,6.33,11,8,64.6,6.12,12,1,66.5,6.1,20.586449999999996,1.3,0.5218499999999999,0.15,2.825940132310402,-3.41683804479654,-2.578721460165889,5.940270113191728,2.946731478965895,2.9316926358726163,2.0645408513762735,-2.94255944637554,6.780903908415317,3.7532394706829524,1.5993379287891716,7.18,0.8431700270110918,2.45,1.248441412900419,9.09,7.193617150764753,7.88,5.446093662618843,12.11,NA,NA,NA,NA,NA,NA,NA,NA
R172525,completed,hmp_active,38,NA,White,NA,info_not_provided,below_median,not_college_graduate,NA,8,1,0,1,0,1,1,1,0,0,1,0,0,1,0,1,yes,0,0,0,1,0,0,0,0,0,0,NA,0,0,NA,0,0,6,5,59.4,6.4,4,6,57.9,7.7,5,4,54.3,7.6,0,1,47,8.1,3,3,64.1,8.5,5,3,52.7,7.2,0.28755000000000003,0.29,0.426,0.48,2.108253794195501,-2.008096073332484,-1.4833284819403048,8.448600744227127,0.7138960953959148,2.2271017181703394,2.855695881139958,-1.6998613102189966,8.220139150691343,-1.6998613102189966,5.332883454098768,9.55,0.4101810176948445,7.33,4.203683277445065,8.39,1.0706979695761345,5.09,4.11210276444242,3.37,0.2516031983783117,4.94,17,0,0,0,0,0
R129877,completed,hmp_active,41,Woman,White,Yes,no,above_median,not_college_graduate,NA,12,1,0,1,0,1,1,NA,NA,NA,0,0,0,0,0,0,no,0,0,0,0,0,1,0,0,NA,NA,NA,NA,NA,NA,NA,NA,10,6,61.2,6.5,8,6,61.2,6.6,9,6,59.4,6.8,8,7,61.2,6.1,9,8,62,6.8,NA,NA,NA,NA,NA,NA,NA,NA,NA,NA,NA,NA,NA,NA,NA,NA,NA,NA,3.016934868699693,5.36,0.31144434137136,8.4,3.602278219561914,4.91,0.31996952109858,4.61,0.5138890174610772,9.3,NA,NA,6,0,0,0,0,0
R692960,completed,hmp_full,61,Woman,Asian,No,no,below_median,college_graduate,NA,12,1,1,1,1,1,1,1,0,0,1,0,0,1,0,0,no,0,0,0,0,0,0,0,0,0,0,0,0,0,0,0,0,9,7,42.7,3.7,11,8,44.2,4,NA,NA,NA,NA,6,5,41.1,4.78,3,4,41.1,5.22,3,3,40.6,6.4,0.11714999999999999,0.29000000000000004,0.13845,0.485,3.1171178504890134,0.915649268554648,-3.0921650678505483,6.160372352825423,4.538781513039911,3.0337543885620177,1.5948912733973075,-2.8614855238043906,6.275100659583131,4.708442131438261,4.527666102380441,7.43,1.980668444221076,7.2,NA,NA,0.3443329112464227,2.79,0.4239577882971108,4.28,0.9943229076548654,4.67,6,35,8,4,80,0
R931562,completed,hmp_active,32,Woman,White,Yes,no,above_median,not_college_graduate,NA,5,1,1,1,1,1,1,NA,NA,NA,0,0,0,NA,NA,NA,yes,0,0,0,0,0,1,0,0,NA,NA,NA,NA,NA,NA,NA,NA,5,5,50.4,5.6,NA,NA,NA,NA,7,5,55.8,5.5,NA,NA,NA,NA,NA,NA,NA,NA,NA,NA,NA,NA,NA,NA,NA,NA,NA,NA,NA,NA,NA,NA,NA,NA,NA,NA,1.4087334863539829,11.39,NA,NA,4.312593562560711,11.83,NA,NA,NA,NA,NA,NA,6,0,0,0,0,0
R341559,completed,uc,54,Woman,White,NA,NA,below_median,not_college_graduate,NA,6,1,0,1,1,1,1,NA,NA,NA,0,0,0,0,0,0,no,1,1,0,0,0,0,0,0,NA,NA,NA,NA,NA,NA,NA,NA,2,3,58.4,4,1,2,45.1,5,4,6,50.4,4.8,0,7,41.1,6.22,4,3,41.1,5.9,NA,NA,NA,NA,NA,NA,NA,NA,NA,NA,NA,NA,NA,NA,NA,NA,NA,NA,3.1974441289732307,8.09,0.4493667581383128,9.41,4.687803556476799,8.53,1.7628310738537605,10.04,2.656572718003112,14.89,NA,NA,NA,NA,NA,NA,NA,NA
R789296,completed,hmp_active,63,Man,White,Yes,no,above_median,college_graduate,NA,5,1,1,1,1,1,1,0,0,0,0,0,0,0,0,0,no,0,0,0,0,0,0,0,0,0,0,0,0,0,0,0,0,9,7,54.4,4.67,4,6,42.7,4.11,7,7,46.1,4.67,8,6,47.9,5.25,7,6,48.7,4.56,8,7,54.3,5.5,3.01395,0.96,1.7678999999999998,0.435,3.020236726882339,-2.853584300960703,-2.1693891724453014,-2.1693891724453014,0.7750498067211393,3.02291694460565,-2.5293162201456196,-2.0162102182884105,7.069813319180392,-2.0162102182884105,2.6415291247026014,2.17,1.5180093794531864,10.91,3.295181319937736,0.68,4.138189072898848,4.42,4.190714094610559,0,2.1736995412952136,5.88,6,0,0,9,0,0
R831342,completed,hmp_active,36,Woman,Black,No,no,below_median,not_college_graduate,NA,7,1,1,1,1,1,1,0,0,0,0,0,0,0,0,0,no,0,0,0,0,0,0,0,0,0,0,0,0,0,0,0,0,5,3,55.8,7.4,6,4,56.5,7.3,3,4,54.3,7.6,2,1,44.7,7.3,5,4,50.4,6.9,3,2,44.2,8.9,0.07455,0.26,0.11714999999999999,0.265,2.6419899196833643,5.627276836271731,-1.2743461146521349,6.969199393276124,-1.2743461146521349,2.6585537144603446,2.984672307986849,-1.9073094822758003,8.16088709973737,-1.9073094822758003,1.9173001649735308,5.11,3.028299419709187,13.73,3.165580800688048,8.65,2.9474041724831466,11.07,1.6221623068775155,12.46,1.703619768044139,12.1,12,0,0,6,0,0
R316367,completed,hmp_active,28,Man,Black,No,no,above_median,not_college_graduate,NA,6,1,0,1,0,1,1,0,1,0,0,0,0,0,1,0,dont_know,0,0,0,0,0,0,0,0,0,0,0,0,0,0,0,0,5,0,54.6,7.1,4,0,58,7.6,4,0,52.8,7.4,4,0,54.6,8.1,4,2,54.5,8.3,4,0,54.5,7.5,12.1623,1.19454902862143,1.4271,NA,2.617001607521413,5.539245005069752,-2.4022982214992243,5.027222621287238,4.070048073001677,2.892886079558442,5.183093420801919,-2.998093156345287,8.141606872034288,3.745966029966061,NA,NA,NA,NA,5.181636773208571,8.96,0.3870584750521437,10.83,3.810612816728686,6.84,2.050188210683469,9.48,3,0,0,0,0,0
R947902,completed,hmp_active,43,Woman,White,Yes,no,below_median,not_college_graduate,NA,6,0,0,0,0,0,0,0,1,0,0,0,0,0,0,0,no,0,0,0,0,0,0,0,0,0,0,0,0,0,0,0,0,8,7,57.9,7,8,8,62,5.78,13,12,63,4.1,8,7,63,4.2,8,8,63,5.4,8,9,55.8,6,0.86265,0.666219131579736,0.9798,0.485,2.6625614211684763,-3.78892301823222,-2.8514794233249288,-2.8514794233249288,4.539319098410747,2.589978499924623,5.7302611032611654,-1.9273997005123706,-1.9273997005123706,6.550844740765292,0.17894869863618,1.07,3.211466768830582,9.52,3.0835800933548043,9.71,NA,NA,3.485065208254634,5.43,NA,NA,5,0,0,0,0,0
R760046,completed,hmp_full,32,Woman,more_than_one,No,no,below_median,college_graduate,NA,13,1,1,1,1,1,1,0,0,0,0,0,0,0,0,0,no,0,0,0,0,0,0,0,0,0,0,0,0,0,0,0,0,12,13,54.3,4.9,12,13,56.5,5.1,NA,NA,NA,NA,12,11,54.3,5.3,12,8,50.4,5.5,11,12,47.9,7.3,3.29085,0.2543043092929075,NA,NA,3.019223571706068,-2.5015301193754804,-2.0344493202573948,6.253330706831037,4.8802815724611674,2.8294306355260677,-2.752213661557396,-1.881424738895197,6.618215293273451,-1.881424738895197,0.5646821378907162,8.75,3.305280380009199,7.76,NA,NA,0.3203405571019245,7.87,4.161122701302053,9.3,0.17774013121555,1.79,13,47,8,0,0,0
R312596,completed,hmp_full,28,Man,White,Yes,no,below_median,college_graduate,NA,5,1,0,1,0,1,1,NA,NA,NA,0,1,0,NA,NA,NA,yes,0,0,0,0,0,0,0,0,NA,NA,NA,NA,NA,NA,NA,NA,4,7,50.4,6.1,NA,NA,NA,NA,NA,NA,NA,NA,NA,NA,NA,NA,NA,NA,NA,NA,NA,NA,NA,NA,NA,NA,NA,NA,NA,NA,NA,NA,NA,NA,NA,NA,NA,NA,6.267814346673807,7.41,NA,NA,NA,NA,NA,NA,NA,NA,NA,NA,0,0,0,0,0,0
R720477,completed,hmp_active,32,NA,White,Yes,no,below_median,college_graduate,NA,19,1,1,1,1,1,1,1,1,0,1,1,1,0,1,1,no,0,0,1,0,0,0,0,0,0,0,0,0,0,0,0,0,15,7,64.9,4.8,12,3,52.6,3.8,15,4,59.6,3.9,14,5,61,4.9,12,7,54.9,4.6,22,8,64.6,2.4,0.2556,0.25,0.1065,0.05,3.063574275017233,3.4009641106117345,-2.8654827378739354,5.310064858147092,4.1829036708479475,2.9632658783977486,1.0848358663859887,-2.4805609987601773,5.671060648209573,3.5901767292423123,1.368741100222069,11.96,5.581329417499621,14.35,2.5499239671592933,7.69,3.765306212484236,13.59,0.5487148135192836,11.93,1.9970412381966949,7.58,7,0,0,1,0,0
R768585,completed,uc,34,NA,White,Yes,no,below_median,college_graduate,NA,8,0,0,0,1,1,1,0,0,1,0,0,0,0,0,0,no,1,1,1,0,0,0,0,1,0,0,0,0,0,0,0,0,14,15,63,5.3,6,5,44.9,5.2,8,7,46.3,5,8,8,46.3,4.78,10,10,47.6,4.6,4,6,52.7,6.8,0.8228292239999999,0.81191,0.01745748,0.16819,3.174580347373371,1.3211535873591633,-2.117948675277002,6.509891036226299,6.3523625302391045,2.9117166529210214,3.284582876213506,-2.2505737384595337,7.578567351947938,0.147321534338837,1.0705087415215817,10.57,NA,NA,3.152754073953741,3.23,NA,NA,1.559082765270895,10.63,1.206676260070781,6.42,NA,NA,NA,NA,NA,NA
R328232,completed,hmp_active,38,Woman,White,Yes,no,below_median,not_college_graduate,NA,5,1,0,1,0,1,1,0,1,0,1,1,1,0,1,1,no,0,0,1,0,0,0,0,0,0,0,0,0,0,0,0,0,5,6,55.8,7.1,4,4,55.8,7.7,5,5,64.1,8.4,3,3,54.3,8.3,3,5,54,7.6,8,2,55.8,7.6,0.20235,0.32,0.31949999999999995,0.28,3.077571955734266,-4.030819509010821,3.6201411409131423,3.2490575790042233,4.259030562313777,2.720510902371115,-0.9793078522861278,4.172707816861002,1.2149204748711342,4.3392517841861205,2.946697979782712,9.02,3.767485251459709,8.24,4.134780446772551,14.63,3.238282832936921,13.48,2.087921696791166,7.07,NA,NA,8,0,0,0,0,0
R464552,completed,hmp_full,34,Woman,more_than_one,No,no,below_median,college_graduate,NA,5,1,1,1,1,1,1,0,0,0,0,0,0,0,0,0,no,0,0,0,0,0,0,0,0,0,0,0,1,0,0,0,0,12,17,56.5,3.44,7,7,62,3.1,9,6,55.8,4.7,6,6,57.9,5.6,4,3,55.8,5.9,3,2,50.2,7.8,2.6624999999999996,0.77,3.4612499999999997,0.61,3.095558953332772,-3.268757212334505,-2.452979151933612,6.191903400623515,3.199510028335039,1.4611836473529434,0.9907746877097443,-1.3014490603100914,3.2524278312904493,-1.3014490603100914,1.5639828401286884,5.97,3.4828015632493416,5.45,0.1924420752678036,8.02,3.587948381700137,7.83,2.2616823708548504,5.41,4.41409061205128,7.61,13,7,30,0,0,0
R430074,completed,uc,37,Woman,White,Yes,no,above_median,college_graduate,NA,6,1,0,1,1,1,1,1,0,1,0,0,1,0,0,1,dont_know,0,0,0,0,0,0,0,0,NA,NA,NA,NA,NA,NA,NA,NA,7,7,47,4.4,8,10,52,4.6,6,6,50.4,4.56,7,6,52.7,5.1,8,8,62,3.3,5,6,46.3,6.4,NA,NA,NA,NA,NA,NA,NA,NA,NA,NA,NA,NA,NA,NA,2.785123372601651,9.47,4.911112044580715,10.94,3.1647177136378963,10.06,2.1449698281488145,8.99,3.3182650408735794,9.57,1.94334226049816,4.39,NA,NA,NA,NA,NA,NA
R739812,completed,hmp_active,33,Man,White,Yes,no,above_median,college_graduate,NA,5,0,0,0,0,0,0,0,0,0,0,0,0,0,0,0,no,0,0,0,0,0,0,0,0,0,0,0,0,0,0,0,0,2,11,47.4,6.6,2,9,50.4,6.7,1,10,51.9,7.4,1,11,41.1,7.8,1,10,46.3,7.3,2,11,52,7.9,0.37274999999999997,0.43,0.9585,0.29,3.0171271439261207,1.0960990257136691,-3.3327707377784983,7.891845791635657,2.5223011844239287,3.308618390082618,2.372482052286286,-3.5044144910151434,7.087835643763105,6.74475277889311,0.1916058298030954,8.11,NA,NA,5.687999039814291,8.97,0.1706468374873972,6.62,4.5111760099340765,4.71,0.3095644585567082,4.46,18,0,0,0,0,0
R661684,completed,hmp_full,23,Woman,White,Yes,no,below_median,college_graduate,NA,10,1,0,1,0,1,1,NA,NA,NA,0,0,0,0,0,0,yes,0,0,0,0,0,0,0,0,0,0,0,0,0,0,0,0,7,4,46.3,6.5,7,8,54.3,7.6,6,5,57.1,7.3,6,5,46.3,7.5,5,5,50.2,7.2,NA,NA,NA,NA,0.13845,0.16,0.22365,0.13,2.84386182244509,-3.299636715421879,-2.458739307462826,6.744878518752529,2.4612416183652988,2.7877885406102005,-3.657392613768803,-2.5557468440394167,5.8089942241851436,3.491625335006862,3.259901487961698,5.76,6.749863027785471,3.82,1.8271224826149124,9.93,0.6950852100951982,9.04,2.7717617590303933,10.31,NA,NA,15,30,15,2,0,5
R559148,completed,uc,23,NA,NA,No,yes,below_median,not_college_graduate,NA,6,0,0,0,1,1,1,0,0,0,0,0,0,0,0,0,no,0,0,0,0,0,0,0,0,0,0,0,0,0,0,0,0,6,7,65.3,5.6,7,2,57.9,4.1,7,4,59.4,5.9,5,2,58,6.4,8,4,64.1,5,21,17,69.3,3,2.2791,0.62,0.7880999999999999,0.34,2.575137821493942,4.071693976534069,-1.7923554453414172,7.8533324092248,-1.7923554453414172,2.8563433810341503,-2.89828951570117,-1.8796900660108702,8.196531563294387,-1.8796900660108702,1.8310988723863864,6.13,6.831791883724954,12.77,0.6603110732567364,4.76,0.7272000645668719,7.39,3.3489020068089506,9.83,1.8199596336754256,6.74,NA,NA,NA,NA,NA,NA
R746580,completed,hmp_full,62,Woman,Asian,No,no,below_median,college_graduate,NA,19,1,1,1,1,1,1,1,1,1,1,1,1,1,1,0,yes,0,0,0,0,0,0,0,0,0,0,0,0,0,0,0,0,19,14,70,3,18,10,67.5,4.3,18,15,69.4,3.6,18,10,68.9,4.4,18,12,66.7,3.2,14,8,54.3,4.5,1.033482816,0.55539,0.476007288,0.38841,2.889294747729901,5.0092179615954695,-1.903365906224955,7.724038709702743,2.8757575868865746,2.3409313767768123,4.865905304212937,-1.6183727132001795,8.278643948205637,3.3016082126279453,2.406865114733012,11.58,0.8001653731017353,7.34,2.04066109039227,12.41,1.845319900682864,11.36,2.315408948793026,10.53,NA,NA,15,0,30,31,0,90
R813188,completed,hmp_full,33,Woman,White,Yes,no,above_median,college_graduate,NA,12,1,1,1,1,1,1,1,0,0,1,0,0,1,0,0,yes,0,0,0,0,0,0,0,0,0,0,0,0,0,0,0,0,11,7,63,6.3,9,7,63,6.11,9,7,62,6.2,11,7,57.9,5.4,7,7,62,5.9,10,7,57.8,5.67,2.58795,0.245,3.1311,0.44,3.255866496285804,-4.061278438007872,5.1057407825271595,7.316029522279072,6.8659490898796935,3.007695625403198,-4.308555037593548,4.93189944146469,6.884897629645968,6.1620579952863554,2.6889551988696114,7.02,NA,NA,4.163155272465445,10.4,2.835338469672525,10.68,0.6560959849670155,8.42,5.201804539961308,7.83,8,0,10,2,0,10
R115828,completed,hmp_full,42,Man,Black,No,no,below_median,college_graduate,NA,5,1,0,1,1,1,1,0,0,0,0,0,0,0,0,0,no,0,0,0,0,0,0,0,0,0,0,0,0,0,0,0,0,2,1.17,54.3,7.56,4,5,57.4,8.1,3,3,53.3,8.9,7,6,62.6,7.9,4,3,57.9,7.3,10,8,55.1,9.1,0.426,0.23,0.2556,0.125,2.4825318698536236,-2.526487753536431,-1.595340064704404,5.905189420690891,2.4821973792013154,2.450209362423228,-2.396273847543315,-1.317582746218294,8.333911576274561,2.178924815248186,NA,NA,NA,NA,NA,NA,NA,NA,NA,NA,NA,NA,0,0,0,0,0,0
R655737,completed,uc,28,Woman,White,Yes,no,below_median,college_graduate,NA,6,1,0,1,1,1,1,0,0,0,0,0,0,0,0,0,yes,0,0,0,0,0,0,0,0,0,0,0,0,0,0,0,0,6,5,46.3,8.2,3,1,46.3,9.2,1,1,41.1,9.5,0,0,44.7,9.7,0,1,42.7,9.8,5,2,48.9,8.6,0.8732999999999999,0.25,1.11825,0.31,2.6617542075145177,4.159344550514153,-1.8778568739025565,6.782050419712856,1.4179799921017726,2.7690913780028477,-2.930634090522127,-2.2348493205081557,4.715007134492617,3.6973958669398552,1.7390075701640386,6.67,1.4323737034746036,8.07,NA,NA,NA,NA,0.7944672777155083,10,0.2171192271605445,5.05,NA,NA,NA,NA,NA,NA
R616538,completed,uc,32,Man,Black,No,no,above_median,not_college_graduate,NA,5,1,0,1,1,1,1,0,0,0,0,0,0,0,0,0,no,0,0,0,0,0,0,0,0,0,0,0,0,0,0,0,0,6,9,63.1,6.2,6,4,61.7,7.6,NA,NA,NA,NA,12,7,57.4,6.6,5,5,41.1,7.4,8,5,48.9,8.4,1.6614,0.82,0.2769,0.64,2.794971596923239,-3.6631867263934654,-2.8703881156455053,7.427200214919736,3.586381539926658,2.7275427055679318,1.7251560784240585,-3.2910509559687955,7.24978032726184,4.716981891000513,5.321386961837883,5.24,1.0310650188616854,6.7,NA,NA,4.1413790273310696,3.59,1.3223320037518038,10.13,1.1390735316466485,6.47,NA,NA,NA,NA,NA,NA
R459437,completed,hmp_full,33,Woman,Black,No,NA,above_median,college_graduate,NA,7,0,0,0,1,0,1,0,0,0,0,0,0,0,0,0,no,0,0,0,0,0,0,0,0,0,0,1,0,0,0,1,0,5,0,54.3,7.6,6,7,46.5,8.1,5,7,54.3,8,4,5,47.1,8.3,6,2,49.8,9.4,16,9,52.4,8,2.56665,NA,0.33015,147.73,2.9040228834731043,-3.0299179515639607,-1.9217140008750917,8.05441974164589,-1.9217140008750917,2.418705286377059,4.2781744532819586,-1.7627316778558169,7.890176890180033,-1.7627316778558169,2.042200300815175,8.27,NA,NA,NA,NA,0.6979637504598772,6.52,2.3992091442844523,8.6,NA,NA,5,0,43,0,0,0
R836040,completed,hmp_active,19,NA,Asian,No,no,above_median,not_college_graduate,NA,20,0,1,1,1,0,1,NA,NA,NA,0,0,0,0,0,0,no,0,0,0,0,0,0,0,0,NA,NA,NA,NA,NA,NA,NA,NA,21,14,61.3,1.9,NA,NA,NA,NA,NA,NA,NA,NA,20,11,66.4,3.1,6,7,51.6,4.4,NA,NA,NA,NA,NA,NA,NA,NA,NA,NA,NA,NA,NA,NA,NA,NA,NA,NA,4.502658474357848,8.13,NA,NA,NA,NA,0.1946302414099582,9.02,4.068900813568182,10.78,NA,NA,7,0,0,2,0,0
R712977,completed,hmp_full,54,Woman,White,Yes,no,below_median,not_college_graduate,NA,13,1,1,1,1,1,1,0,1,NA,0,1,0,0,1,0,yes,0,0,1,0,1,1,0,0,0,0,0,0,0,1,0,0,12,9,63,5.2,15,10,61.2,3.6,12,11,61.2,4.4,14,9,62,4.1,15,8,63.9,6,14,7,64.6,4.5,2.2791,0.84,0.99045,0.65,3.0122227836270743,-3.9046439527763654,2.6786899871126697,8.025550329595038,3.5150533449158607,3.2788407566378073,4.147032173500288,-3.599453746674296,5.995128096958425,1.4942964541324661,0.5252582969798301,6.43,3.5921163960067624,5.61,2.4926388324291184,7.11,1.4207408226105638,12.5,3.2229034531817136,8.92,3.7590827415855927,14.08,23,12,118,64,35,350
R643366,completed,hmp_active,41,Man,Black,No,no,below_median,not_college_graduate,NA,6,1,1,1,1,1,1,0,0,1,0,0,1,0,0,1,no,0,0,0,0,0,1,0,0,NA,NA,NA,NA,NA,NA,NA,NA,9,7,64.5,5.89,9,13,57.9,4,8,11,54.3,4.7,4,5,52.7,6.8,7,5,54.3,6.6,6,6,62,3.89,NA,NA,NA,NA,NA,NA,NA,NA,NA,NA,NA,NA,NA,NA,3.802180298879813,15.79,5.078742033881338,7.55,0.2255617381182808,11.76,0.2221826539784009,6.93,4.228101891225589,16.76,NA,NA,12,0,0,5,0,0
R152910,completed,hmp_active,51,Woman,White,Yes,no,below_median,college_graduate,NA,9,1,0,1,1,1,1,0,1,0,NA,1,0,0,1,0,no,1,0,0,0,0,0,0,0,0,0,0,0,0,0,0,0,4,5,46.3,6.6,4,5,58.4,8,6,6,54.9,6.3,4,3,52,8.1,5,5,51.8,6.2,1,3,30.1,8.5,1.11825,0.42,0.7348499999999999,0.32,2.6253221559780253,0.39211303796871944,0.12971231168209219,6.483088069524053,2.2613396065324984,3.012990084813879,-3.3621747002574676,-2.26198564865188,5.746712534336649,4.630655992520209,3.9894400006265873,11.63,7.447115462364064,10.66,7.98863677839769,9.04,3.942493757649288,14.95,3.629062463711077,7.87,4.5386369595802405,4.79,12,0,0,16,0,0
R369355,completed,hmp_full,33,Man,NA,NA,no,below_median,college_graduate,NA,20,1,1,1,1,1,1,1,1,1,1,1,0,1,1,0,no,0,0,1,0,0,0,0,0,0,NA,1,1,0,0,0,0,15,17,58,5.7,13,9,50.4,6.8,12,13,54.8,4.3,11,11,46.3,6.5,11,16,53.3,4.7,8,8,48.9,7.8,2.4281999999999995,0.48,3.2482499999999996,0.7,2.5503137370869364,-2.608171780453601,-1.7282018750966555,7.545582669436062,4.3562975379785165,2.749034809733815,-2.7420832955882593,0.0733506851237351,5.881493175104179,1.888640651761984,2.925248973681865,6.43,0.7312320771796355,6.64,2.198133508764748,6.97,3.84879541816189,9.59,4.3477457927524,10.58,2.1202581102112417,9.26,10,19,28,10,0,45
R723877,completed,hmp_active,38,Woman,Black,No,no,below_median,college_graduate,NA,13,1,0,1,1,1,1,0,0,0,0,0,0,NA,NA,NA,no,0,0,0,0,0,0,0,0,NA,NA,NA,NA,NA,NA,NA,NA,15,13,79.7,6.67,0,0,56.5,9,NA,NA,NA,NA,NA,NA,NA,NA,NA,NA,NA,NA,7,7,68.1,10,NA,NA,NA,NA,NA,NA,NA,NA,NA,NA,NA,NA,NA,NA,NA,NA,0.3105992803830208,8.87,NA,NA,NA,NA,NA,NA,NA,NA,6,0,0,0,0,0
R594450,completed,hmp_full,40,Woman,White,Yes,no,below_median,college_graduate,NA,5,1,0,1,0,1,1,1,0,0,1,0,0,1,0,0,no,0,0,0,0,0,0,0,0,0,0,0,0,0,0,0,0,5,12,53.5,6.6,5,12,55.8,7.4,7,9,57.9,6.7,9,8,55.8,7.4,8,6,57.9,7.8,16,18,57.9,6.1,0.5112,0.05,0.39404999999999996,0.13,2.5929192684319404,-1.7732895337973504,-1.6111275780514736,6.787056826782561,-1.6111275780514736,2.542258975411244,-1.8691425707089162,-1.660140834087,6.620570241575846,-1.660140834087,2.939248891139273,4.76,0.2736317372560263,2.33,2.950075057711516,5.48,3.816271910626933,5.04,1.6146510184625995,4.31,5.201648410134515,7.69,19,7,35,1,0,0
R166454,completed,hmp_full,18,Man,White,Yes,no,above_median,not_college_graduate,NA,12,0,0,0,0,1,1,NA,NA,NA,0,0,0,NA,NA,NA,no,0,0,0,0,0,0,0,0,NA,NA,NA,NA,NA,NA,NA,NA,9,8,55.8,6,7,2,52.7,6.2,NA,NA,NA,NA,NA,NA,NA,NA,NA,NA,NA,NA,NA,NA,NA,NA,NA,NA,NA,NA,NA,NA,NA,NA,NA,NA,NA,NA,NA,NA,0.1615717631994181,7.1,1.4193485581816907,6.55,NA,NA,NA,NA,NA,NA,NA,NA,6,7,23,8,0,60
R986474,completed,hmp_active,46,Woman,White,Yes,no,below_median,not_college_graduate,NA,20,1,0,1,1,1,1,0,0,0,0,0,0,0,0,0,yes,1,0,1,1,0,1,1,0,NA,NA,NA,NA,NA,NA,NA,NA,13,21,58,5.5,12,18,58,5.2,10,10,50.2,5.2,10,13,55.8,4.9,14,13,60.7,5,6,6,44.2,6.56,NA,NA,NA,NA,NA,NA,NA,NA,NA,NA,NA,NA,NA,NA,2.7591777973033027,9.8,NA,NA,3.5302872194807344,1.7,3.5398699356962577,3.37,1.9931538182178608,7.46,0.3938009802809345,2.38,8,0,0,9,0,0
R572088,completed,hmp_active,27,Woman,Asian,No,no,below_median,college_graduate,NA,16,1,1,1,1,1,1,1,1,1,1,1,1,1,1,1,dont_know,0,0,1,0,0,0,1,0,1,0,1,1,0,0,1,1,13,18,65.3,5.1,14,20,64.6,4.7,14,21,67.3,5.6,12,19,67.7,5.6,15,19,63,4.7,11,15,65.3,4.9,NA,NA,NA,NA,NA,NA,NA,NA,NA,NA,NA,NA,NA,NA,6.31496806203972,7.29,5.622226703275506,8.96,2.888139020296276,6.84,5.875594823378547,5.11,5.983001485553965,7.05,8.165877600099925,10.48,7,0,0,0,0,0
R707522,completed,hmp_full,61,Woman,Black,No,no,below_median,not_college_graduate,NA,15,1,1,1,1,1,1,0,1,1,0,0,1,0,0,0,no,0,0,0,0,0,0,0,0,1,0,0,NA,0,0,0,1,10,5,64.1,6.5,13,11,NA,7.12,7,5,57.9,5.8,3,1,50.7,6.29,4,2,50.9,7.2,4,2,42.7,7.1,4.4517,0.375,3.9192,1.02,2.758206576148628,1.6562732771795066,-2.2014698687325303,2.4524904814249933,3.2749936831989808,3.2420242763755986,4.153049123446335,-2.520760509828633,5.093551636623366,2.859136843711826,1.4846510380234497,9.22,NA,NA,3.3030287481916645,11.17,0.25105577905969,10.34,4.195270536597067,7.14,NA,NA,17,7,155,28,0,490
R403791,completed,hmp_full,59,Woman,White,No,yes,below_median,college_graduate,NA,10,1,1,1,1,1,1,1,1,1,1,1,0,1,1,0,yes,0,0,1,0,0,0,0,0,0,0,1,0,0,0,0,0,8,4,66.1,6.2,8,4,55.8,7.6,6,6,65.3,7.4,2,2,54.3,8.7,3,2,59.4,8.9,7,5,55.1,8.5,0.56445,0.29,0.46859999999999996,0.38,2.7665756134568507,-4.13744409981624,3.752664552161458,1.4406503688785604,2.4358495621732397,2.546767636893997,-4.191421989507593,3.732966677151635,4.191809272050495,2.3305310998523594,4.443171021452583,7.55,6.003943959102872,7.98,3.046855903944964,10.76,2.32377082175836,11.22,4.346819305051616,6.91,0.3250980555524273,5.67,14,72,8,7,20,0
R136963,completed,hmp_full,29,Other,more_than_one,No,no,below_median,not_college_graduate,NA,13,1,1,1,1,1,1,0,0,1,0,0,1,0,0,1,yes,0,1,0,0,0,1,0,1,0,0,0,0,0,0,0,0,14,10,64.6,5.6,19,11,63,5,12,12,59.4,6.6,10,6,58,7.1,10,6,56.5,6.9,11,7,56.5,6.6,4.73925,1.43,1.5868499999999999,0.39,1.942361197134126,-3.41833501866479,0.9539825389833347,5.825045061999603,2.0158934608010166,2.334216565824884,-3.4509856693642846,0.03829912637862565,7.2033763930914585,2.9908026653817963,4.620211132239707,10.19,0.4938057188899663,0.83,0.7913856289550482,5.98,NA,NA,4.285148875615867,9.63,4.98513751701751,10.82,13,52,16,0,0,0
R191080,completed,hmp_full,28,Man,Asian,No,no,above_median,college_graduate,NA,8,0,0,0,0,0,0,0,0,0,0,0,0,0,0,0,no,0,0,0,0,1,0,0,0,0,0,0,0,0,0,0,0,8,9,65.9,7.6,7,7,62,7.3,6,4,54.3,8,5,4,47.9,7.7,5,4,43.2,8.7,5,2,57.9,8.7,0.31949999999999995,0.5,0.5218499999999999,2.43,2.4633685083105115,-2.942914922311931,-1.8691308492129437,8.30503248508271,2.062694783511382,2.3224336789432245,-2.7205503890073874,-1.7058555576863634,8.475150088627306,0.6920397151120072,1.13525048273922,10.28,1.128920607178843,3.5,2.290032322454137,3.09,1.0072879663890726,7.76,0.5962678042123917,8.96,1.944612932601988,6.48,13,27,8,0,0,0
R786469,completed,hmp_full,30,Man,White,Yes,no,below_median,not_college_graduate,NA,16,1,1,1,1,1,1,NA,NA,NA,0,1,0,0,1,0,no,0,0,0,0,0,0,0,0,NA,NA,NA,NA,NA,NA,NA,NA,22,16,76.1,4.4,8,6,57.9,6.3,11,7,60.2,6.6,10,5,60.2,7,10,8,57.9,7.7,NA,NA,NA,NA,NA,NA,NA,NA,NA,NA,NA,NA,NA,NA,NA,NA,NA,NA,0.7577414832371884,9.68,2.154764090216923,1.48,2.2070183971222868,9.57,3.3467342235698188,9.49,3.0546841716230286,6.01,NA,NA,15,14,48,0,0,0
R692352,completed,uc,56,Woman,White,NA,NA,below_median,not_college_graduate,NA,21,1,1,1,1,1,1,0,0,0,0,0,0,0,0,0,yes,0,0,0,0,0,1,0,1,0,0,0,0,0,1,1,1,18,20,66.7,5.7,19,18,65.3,6.2,20,18,65.3,6.1,19,17,59.8,5.9,17,17,59,6.2,9,12,59.8,7.5,NA,NA,NA,NA,NA,NA,NA,NA,NA,NA,NA,NA,NA,NA,5.604109284864856,13.45,2.635109185829403,13.48,7.029049719355738,18.52,1.8190353100003531,14.15,NA,NA,NA,NA,NA,NA,NA,NA,NA,NA
R824459,completed,hmp_full,40,Woman,White,Yes,no,below_median,college_graduate,NA,5,1,0,1,1,1,1,0,0,0,0,0,0,0,0,0,no,0,0,0,0,0,0,0,0,0,0,0,0,0,0,0,0,6,4,56.5,7.9,5,4,52.7,7,6,5,60.2,7.5,3,3,54.3,8.1,1,2,47.9,8.5,1,0,46.3,9.2,0.2769,0.135,0.4366499999999999,0.36,3.156219999798091,0.30684299618735755,-2.394466151199099,7.131487558157556,3.06511936294506,2.822437918951108,-2.9785323263016283,-1.729132165621627,7.457222843604045,4.446735104484134,1.727065452900142,9.68,4.1007746195166535,9.09,NA,NA,NA,NA,NA,NA,0.2052405334693945,3.8,18,95,30,13,10,35
R920934,completed,hmp_active,38,Woman,Black,No,no,below_median,not_college_graduate,NA,12,0,0,0,0,0,0,0,0,0,0,0,0,0,0,0,no,0,0,0,0,0,0,0,0,1,1,0,0,0,0,0,0,9,2,64.8,5.5,7,2,48.9,6.8,7,2,60.5,5.3,8,1,60.5,6.3,15,5,67.7,2.4,3,0,59.4,7.6,0.20235,0.42,0.84135,0.29,3.018847112399251,-3.6071506440129997,-2.8479657040535966,7.990653961490043,6.8457263146878216,3.1683288500223408,3.833303694233055,-3.0551765338858847,7.712318492600394,5.727299735038654,0.8858090906971301,2.98,NA,NA,NA,NA,NA,NA,NA,NA,0.9095129697995452,5.81,8,0,0,1,0,0
R913478,completed,hmp_active,23,Man,White,Yes,no,below_median,college_graduate,NA,6,1,0,1,0,1,1,0,0,0,0,0,0,0,0,0,no,1,0,0,0,0,0,0,0,0,0,0,0,0,0,0,0,3,4,50.4,7.5,3,5,54.3,7.4,4,6,54.3,7.9,6,9,53.2,6.4,4,5,55.8,7.9,2,5,52.7,7.9,17.5086,2.62,17.274299999999997,1.455,2.742737570509681,-3.5679712264439614,4.767621889360638,1.346621880402303,3.468338905230377,2.8727632379092927,-3.4754263850221383,5.366672867992206,5.901191933474192,1.9908988185058596,1.4018687513409,6.48,1.1345505650061145,12.44,0.2273785592189327,5.38,2.438173907643041,8.8,0.49526349141913,5.85,1.2875850948313854,4.46,5,0,0,0,0,0
R704536,completed,hmp_full,25,Woman,White,Yes,no,below_median,college_graduate,NA,19,1,0,1,1,1,1,0,0,0,0,0,0,0,0,0,no,0,0,0,0,0,0,0,0,1,0,0,1,0,0,0,0,18,14,64.9,4.8,13,13,63,5.5,13,7,63,5.8,11,8,63,5.9,13,11,64.1,6.1,6,4,55.8,6.6,1.0969499999999999,0.23,0.18105000000000002,7.22,2.6534916958988313,-3.127490455372608,-2.698266405212482,7.777978773206005,2.6344523880528867,3.1714947802092404,3.5126589283762812,-3.340539009398112,7.481576541475658,4.955259101238032,2.8977657182940253,7.1,4.150439861969602,11.21,NA,NA,3.7236780819578255,5.91,3.856573153406085,11.02,NA,NA,10,7,20,4,10,20
R522058,completed,uc,41,Woman,Black,No,no,below_median,not_college_graduate,NA,17,0,0,0,1,0,1,1,0,0,1,0,0,1,0,0,no,0,0,0,0,0,0,0,0,NA,NA,NA,NA,NA,NA,NA,NA,12,14,64.1,7.2,NA,NA,NA,NA,12,15,68.3,6.78,14,14,82.2,6.2,21,20,79,6.2,21,19,83.8,5.4,NA,NA,NA,NA,NA,NA,NA,NA,NA,NA,NA,NA,NA,NA,2.4138918767782145,5.43,NA,NA,5.09434181661741,8.76,2.2381056180543517,10,3.1900703710782485,8.62,NA,NA,NA,NA,NA,NA,NA,NA
R400065,completed,hmp_active,34,Man,Black,No,no,below_median,not_college_graduate,NA,16,0,0,0,0,0,0,0,0,0,0,0,0,0,1,1,no,0,0,0,0,0,0,0,0,1,0,1,1,1,1,1,1,11,9,52,7.7,7,7,50,6.11,6,10,51.8,3.7,12,12,56.4,4.9,8,13,53.3,3.4,21,21,77.9,0.88,13.067549999999999,0.46499999999999997,8.2431,0.41,2.268827084014764,3.883822818044389,-1.2119075859051054,-1.2119075859051054,1.4961426151971045,2.381302440867433,0.9327507820462237,-1.3549996366674573,-1.3549996366674573,2.3585724300368507,0.8583338691757635,16.67,NA,NA,NA,NA,NA,NA,5.850604629766203,12.2,3.91539355065511,8.33,9,0,0,0,0,0
R867821,completed,uc,30,Man,Asian,No,no,above_median,college_graduate,NA,7,1,0,1,1,1,1,0,0,0,0,0,0,0,0,0,no,1,0,0,1,0,1,0,0,0,0,0,1,0,0,0,0,9,3,68.5,6.6,12,6,63,6.1,13,5,63,6,6,3,57.9,6.8,8,4,58,7,7,6,50.4,7.2,1.05435,0.65,0.4473,0.41,2.4018115003991913,-2.2549808264066846,-1.3397199871702332,8.388282585830927,-1.3397199871702332,2.44641162437468,-2.3989506065249517,-1.5900001092266378,4.230082821125723,-1.5900001092266378,0.6935264425147954,6.23,3.297224230326598,7.9,1.0839445140762989,9.06,2.9342132946608546,14.66,2.2133681234507256,8.33,2.7166436754115697,11.45,NA,NA,NA,NA,NA,NA
R214458,completed,hmp_full,51,Man,White,Yes,no,above_median,college_graduate,NA,5,0,0,0,0,1,1,0,0,0,1,0,0,0,0,0,yes,0,0,0,1,0,0,0,0,1,0,1,1,0,0,0,0,6,4,58.1,5.9,11,8,57.9,6.6,9,4,53.3,6.7,8,6,57.9,7.6,4,4,54.3,7.7,6,5,48.9,7.7,1.45905,1.25,0.7242000000000001,0.42,2.3363823871820903,7.81569403523066,-1.6099550055508205,8.853519694529641,1.6089208193173805,2.308073243906784,7.915828392258057,-1.55061513923237,9.254151025057409,-1.55061513923237,0.6971381388282502,10.64,0.954008684956608,10.45,NA,NA,NA,NA,1.3490618767410572,7.5,1.4231022028505462,13.36,23,60,68,15,70,40
R184412,completed,uc,35,Woman,White,Yes,no,below_median,college_graduate,NA,14,0,1,1,1,0,1,0,0,0,0,1,1,0,0,0,no,0,0,0,0,0,0,0,0,0,0,0,1,0,0,0,0,10,2,54.3,4.71,9,2,40.3,5.3,0,1,37.7,6.8,4,1,44.2,7.3,4,1,48,7.7,4,1,47.4,6.3,12.822599999999998,1.2349999999999999,5.7722999999999995,1.575,2.9385613043112544,-3.0559036420277197,5.494296066620937,6.644717886432035,2.0199536889824623,2.3450331933371817,-3.092001612706025,4.5534738498010325,5.165430875630965,2.5964934769914727,2.5140113502255845,11.43,3.995212110087521,12.67,4.279451301040167,10.11,3.488671018368957,10.47,0.8186261093324999,8.02,7.057041709591752,7.34,NA,NA,NA,NA,NA,NA
R151075,completed,uc,44,Woman,Black,No,no,above_median,college_graduate,NA,11,1,1,1,1,1,1,0,0,0,0,0,0,0,0,0,yes,0,0,0,0,0,0,1,0,1,0,0,0,0,0,0,1,8,7,58,6.8,8,5,64.1,8,8,6,64.1,8,4,4,54.3,8.3,4,4,56.5,7.9,5,3,52,8.1,0.213,0.25,0.5964,0.345,2.705943275013674,3.912896792919625,-1.927306093109053,7.567837210568066,1.736255553020593,2.479279342130147,2.2565227635255534,-2.7266418176817213,6.946110942844377,5.936036040476497,5.9031317397602745,9.09,2.701272003101575,12,3.5664415354293566,8.14,NA,NA,0.4326533290705627,12.1,4.942488373049074,5,NA,NA,NA,NA,NA,NA
R948393,completed,hmp_full,41,Woman,White,Yes,no,above_median,college_graduate,NA,7,1,0,1,0,1,1,0,1,1,0,1,1,0,1,1,no,0,0,0,0,0,0,0,0,0,0,0,0,0,0,0,0,4,3,47.4,6.7,4,0,41.1,8.5,0,0,46.3,8.5,1,0,48.9,8.8,0,2,47.4,9.2,0,0,37.9,8.9,5.9533499999999995,0.93,5.7936000000000005,0.66,2.793278306504932,0.7112394184726081,2.6169549937224943,7.705413085958279,4.569229523846659,2.775865969234017,1.598782926086216,-2.4352395047335573,7.304139620427975,4.954324448944078,4.943697164840565,9.42,0.7791664969868318,7.28,4.049740549667277,8.86,2.790345003872358,13.11,1.2645548233423118,14.9,5.771709133974079,3.96,12,10,53,1,5,0
R899662,completed,hmp_active,23,Woman,Black,No,no,NA,college_graduate,NA,7,1,1,1,1,1,1,0,0,0,0,1,0,0,0,0,yes,1,1,1,1,0,0,0,0,0,0,0,0,0,0,0,0,0,2,44.2,7.4,6,10,54.3,6.9,3,7,58,7.9,8,9,64.6,6.9,23,21,63,5,13,17,54,3.3,1.41645,1.295,0.62835,3.27,2.5031231207050086,-3.2559400317540828,-2.567365067894059,8.223458032060803,4.447449283381486,2.8853796117583808,2.1094046472186476,-2.8190777670895164,8.278498906698367,4.2188281963576655,NA,NA,1.1044009920971565,5.09,0.6090405906434062,12.15,2.9176923504564813,13.36,2.8429032780109766,9.74,2.233729982158311,7.11,10,0,0,1,0,0
R746210,completed,uc,29,Woman,more_than_one,No,no,below_median,not_college_graduate,NA,9,1,1,1,1,1,1,0,0,0,0,0,0,0,0,0,no,0,0,1,0,0,0,0,0,0,0,0,0,0,0,0,0,17,17,68.1,1.7,18,21,57.9,2.4,17,21,54.3,1.78,20,17,51.8,1.9,20,21,54.3,1.2,11,7,63,6,0.77745,0.51,0.3408,0.21,3.297200250865669,1.7257511590725025,-2.826469976114133,-1.2170320636800325,3.201808544116566,2.8340223993973868,-2.679318872128645,-1.7995732930343569,7.096467208585753,1.9616268226592053,6.832877554188591,7.14,3.677807801249328,8.5,NA,NA,2.120132038024677,11.94,3.6025870855320807,9.68,1.941252774922147,4.52,NA,NA,NA,NA,NA,NA
R701606,completed,hmp_active,37,Woman,more_than_one,No,no,below_median,not_college_graduate,NA,13,1,0,1,1,1,1,0,0,0,0,0,0,0,0,0,dont_know,0,0,0,0,0,0,0,NA,0,0,1,1,0,0,0,0,12,10,67.3,5.3,12,9.33,77.1,4.67,17,18,76.7,3.6,16,17,80.3,3.9,17,15,69.3,4.7,16,16,78,4.67,0.8307,0.255,1.0436999999999999,0.68,1.821713058892907,-2.304347758113638,4.760904183735586,7.3311575884870335,1.465067317731256,1.9791465769883412,-2.4958190732295544,5.353245718744706,5.733654247015532,6.478855626431636,7.2052120066170176,9.09,6.185023200514745,10.15,3.1677967750225284,9.5,6.037166080951255,11.9,3.922941751306408,10.45,5.450713017373999,6.63,7,0,0,0,0,0
R914163,completed,uc,50,Woman,White,Yes,no,above_median,college_graduate,NA,5,1,0,1,0,1,1,NA,NA,NA,0,0,0,0,0,0,no,0,0,0,0,0,0,0,0,NA,NA,NA,NA,NA,NA,NA,NA,4,5,46.3,5.7,3,5,50,6.3,3,6,45.2,5.6,3,6,41.1,6.6,3,6,41.1,4.8,NA,NA,NA,NA,NA,NA,NA,NA,NA,NA,NA,NA,NA,NA,NA,NA,NA,NA,0.2982062093510172,9.35,NA,NA,1.3340259216695756,13.27,NA,NA,5.6471326946095015,12.4,NA,NA,NA,NA,NA,NA,NA,NA
R136894,completed,hmp_full,58,Woman,White,Yes,no,below_median,not_college_graduate,NA,10,0,0,0,1,1,1,0,1,0,0,1,0,0,1,1,no,0,0,0,0,0,0,0,0,0,0,0,0,0,0,0,0,11,2,51.5,6.6,5,4,52.7,6.5,2,3,39.5,7,4,3,31.5,7.5,3,3,43.2,7,4,4,48.8,7,1.13955,0.6,1.3845,0.17,2.9389460362338244,6.067115558858969,-2.7145021422228957,6.447383009483884,6.713124661583098,3.0611883317100994,3.2886444236171797,-2.561371929036871,6.42794763700608,4.4552377548573485,2.8165115982272,10.31,1.074839524556979,6.8,1.3396940994508255,6.58,3.061651791746011,13.45,NA,NA,0.5395282596404464,11.04,19,34,26,3,0,5
R311160,completed,hmp_active,30,Woman,White,Yes,no,below_median,college_graduate,NA,8,1,0,1,0,1,1,0,0,0,0,0,0,0,0,0,yes,0,0,0,1,0,0,0,0,0,0,0,0,0,0,0,0,5,4,63,7.5,6,3,62,8,6,4,63,8.6,7,6,60.5,7.9,7,4,64.6,8.2,4,5,57.9,7.6,0.1704,0.35,0.09584999999999999,0.27,3.0458636210927454,-3.549863282327234,-2.467897401736564,7.614029180329294,2.3278931438601775,3.097676343790673,0.3197197840303252,-2.880703272736209,7.219871288794348,2.6838171345864845,2.730577675797852,7.88,4.125643503820429,7.55,0.2294737230389745,4.8,2.6609279125488707,7.35,0.2217141099272891,6.49,1.2546953843080937,7.73,17,0,0,2,0,0
R598328,completed,hmp_active,27,Woman,White,Yes,no,below_median,college_graduate,NA,14,1,1,1,1,1,1,NA,NA,NA,1,1,1,NA,NA,NA,yes,0,0,0,0,0,1,0,0,NA,NA,NA,NA,NA,NA,NA,NA,13,14,54.3,3.89,NA,NA,NA,NA,NA,NA,NA,NA,NA,NA,NA,NA,NA,NA,NA,NA,NA,NA,NA,NA,NA,NA,NA,NA,NA,NA,NA,NA,NA,NA,NA,NA,NA,NA,2.9727017237806663,14.62,NA,NA,NA,NA,NA,NA,NA,NA,NA,NA,3,0,0,0,0,0
R663164,completed,hmp_full,28,Woman,White,Yes,no,below_median,college_graduate,NA,5,1,0,1,1,1,1,0,0,0,0,0,0,0,0,0,no,0,0,0,0,0,0,0,0,0,0,0,0,0,0,0,0,4,10,43.3,5.7,4,6,45.1,5.3,NA,NA,NA,NA,0,4,47.1,5.5,3,1,44.2,7.8,4,3,50.4,7.4,0.1065,0.47,0.0426,NA,3.041800721470602,-3.0974884727225644,-2.2024380025922063,7.940971552496949,4.235313647144196,2.9122454199766143,-2.7697253463179203,-2.337685212638751,7.613115222947995,1.77318865153456,3.172018794562469,12.73,NA,NA,NA,NA,NA,NA,4.3854590000114895,1.52,3.340373597959766,8.16,6,32,0,2,0,0
R730035,completed,hmp_full,27,Woman,White,No,yes,below_median,not_college_graduate,NA,10,0,0,0,1,1,1,0,0,0,0,0,0,0,0,0,no,0,0,0,0,0,0,0,0,0,0,0,0,0,0,0,0,11,4,44.4,5.2,10,3,54.8,6.3,11,2,57.9,6,13,4,60.2,7,4,0,48.8,8.4,7,5.83,50.5,7.9,2.54535,0.66,0.2982,0.29,3.185973537041679,-4.225884000573694,5.382687481596965,5.309773839660329,4.625208899359062,2.9712842912841597,-4.177688377263347,5.937241980520748,1.4422055889431418,3.496995101624665,1.5463664149799272,5.32,4.786470556097224,14.29,0.96469526613707,9.13,3.8423978171702178,3.59,4.504525117359156,3.52,4.08698626541246,5.26,10,87,40,0,0,0
R376900,completed,hmp_active,28,Woman,White,Yes,no,below_median,college_graduate,NA,12,0,0,0,1,1,1,NA,NA,NA,0,0,0,NA,NA,NA,no,0,0,0,0,0,0,1,0,NA,NA,NA,NA,NA,NA,NA,NA,10,10,55.8,3.2,11,11,57.1,3.6,10,9,55.8,3.6,9,8,54.3,3.7,NA,NA,NA,NA,NA,NA,NA,NA,NA,NA,NA,NA,NA,NA,NA,NA,NA,NA,NA,NA,NA,NA,3.009839225948467,9.44,4.663672054655092,10,3.3152280008612376,12.23,3.545867294332384,7.45,NA,NA,NA,NA,5,0,0,1,0,0
R434985,completed,hmp_active,56,Woman,White,Yes,no,above_median,college_graduate,NA,8,0,0,0,0,0,0,NA,NA,NA,0,0,0,0,0,0,yes,0,0,0,0,0,0,0,0,NA,NA,NA,NA,NA,NA,NA,NA,6,6,57.9,6.7,6,6,52.7,7.11,9,8,63,5.4,6,9,59.5,6.5,5,6,54.3,6.6,NA,NA,NA,NA,NA,NA,NA,NA,NA,NA,NA,NA,NA,NA,NA,NA,NA,NA,1.0665407378639165,12.75,2.868570832908827,8.76,0.2285668889023472,6.8,NA,NA,3.818653618090489,5.26,NA,NA,22,0,0,20,0,0
R285243,completed,hmp_active,31,Man,White,No,yes,below_median,college_graduate,NA,6,1,1,1,1,1,1,0,0,0,0,0,0,0,0,0,dont_know,0,0,0,0,0,1,0,0,1,1,0,1,0,0,0,0,6,5,50.4,5,6,5,56.5,6.11,NA,NA,NA,NA,7,6,52,5.6,5,5,50.4,6.33,5,5,57.9,6.5,0.47925,0.64,0.46859999999999996,0.055,2.6003452947591073,1.2786068630525564,0.1642776994209345,6.867465812661798,6.628346657474709,1.9858610149440785,1.066473473921596,-1.684570578747893,6.736772287011511,-1.684570578747893,2.524499628612599,10.27,4.344622899511834,9.57,NA,NA,1.6547885320074012,3.38,2.834186472838536,8.72,0.8644903843753144,10.14,6,0,0,4,0,0
R190624,completed,uc,40,Woman,White,Yes,no,below_median,college_graduate,NA,5,1,0,1,1,1,1,0,0,0,0,0,0,0,0,0,no,0,0,0,0,0,0,0,0,0,0,0,0,0,0,0,0,5,4,59.5,5.5,6,4,59.4,5.6,5,6,59.4,6.3,4,4,59.4,5.8,7,4,61.2,6.6,3,8,63,6.2,0.4899,0.23,0.09584999999999999,0.16,2.9482475923109615,0.7325420217053629,-3.3869539681927416,3.857987578144266,4.495738238096283,2.584851569369637,1.4680661470976237,-3.410246755123027,5.112331908569549,7.238007469152637,4.285898848373265,6.14,1.1415522581955784,3.38,0.5019002655663054,7.96,7.255425881106409,5.24,7.270597152845842,8.6,0.9038287437783472,8.07,NA,NA,NA,NA,NA,NA
R799435,completed,hmp_active,43,Woman,White,Yes,no,above_median,college_graduate,NA,7,0,0,0,1,0,1,0,0,0,0,0,0,0,0,0,no,0,0,0,0,0,0,0,0,0,0,0,0,0,0,0,0,8,5,46.3,5.3,3,0,46.3,7,0,1,41.1,7,2,0,44.2,7,1,1,46.3,7.7,0,0,41.1,9,1.7359499999999999,0.745,0.7880999999999999,0.35,2.427205104498398,2.731335146545706,-1.7533273514266674,5.8843890812381305,2.9916047769365823,2.5436847910313434,-2.6116338707604374,-1.9549133508675625,5.430937727257646,4.029022929819628,NA,NA,NA,NA,NA,NA,NA,NA,NA,NA,NA,NA,3,0,0,0,0,0
R467658,completed,hmp_full,28,Woman,White,Yes,no,below_median,college_graduate,NA,12,1,1,1,1,1,1,0,0,0,0,0,0,0,0,0,no,0,0,1,1,0,1,1,1,0,0,1,0,0,0,0,0,11,20,70,3.1,NA,NA,NA,NA,10,20,70.6,4.6,NA,NA,NA,NA,14,21,71.9,3.1,7,7,59.4,5.5,0.7029,0.52,0.41535,0.27,NA,NA,NA,NA,NA,2.7227288860909273,-3.2638313630406737,5.158737041548415,7.290027192635421,8.052865287242097,7.025400611702485,8.7,NA,NA,4.727156861829843,3.03,NA,NA,3.2795396063275666,7.76,3.72327185447959,10.85,2,27,8,0,0,0
R746229,completed,hmp_full,23,Woman,White,Yes,no,below_median,not_college_graduate,NA,11,0,0,0,0,0,0,NA,NA,NA,0,0,1,0,0,1,no,0,0,0,0,0,0,0,0,0,0,0,0,0,0,0,0,17,10,55.5,3.9,13,21,50,2.9,NA,NA,NA,NA,NA,NA,NA,NA,8,6,44.2,5,NA,NA,NA,NA,0.07455,0.15,2.4494999999999996,0.12,1.9876775302143854,-2.4720343580398816,-1.514913809674677,3.6149849052483964,-1.514913809674677,1.8610096083641283,-2.3732205414534873,-1.4268256593814257,2.7475616105142113,-1.4268256593814257,6.476063415439874,15.57,3.818675939229161,10.5,NA,NA,NA,NA,5.416843051806957,11.48,NA,NA,11,42,0,1,0,8
R264984,completed,hmp_active,47,Woman,Native,No,no,below_median,not_college_graduate,NA,8,1,1,1,1,1,1,0,0,0,0,0,0,0,0,0,yes,0,0,0,0,0,0,0,0,0,0,0,0,0,0,0,0,7,8,52.7,6.22,11,8,56.5,4.5,NA,NA,NA,NA,8,10,54.3,5.1,10,13,56.5,4.78,11,11,59.6,5.1,0.4047,0.47,3.7381499999999996,0.63,3.0562504058345303,-4.297970879777637,-3.382664106476812,7.715609178176084,3.84644977131649,3.4193513085927485,-4.6902918785458265,-0.009792110924747188,6.95809862757756,5.639803309573444,3.5478340902706957,7.14,NA,NA,NA,NA,NA,NA,1.7890283746634177,11.7,3.0422106588236155,11.7,12,0,0,15,0,0
R948029,completed,hmp_active,65,Man,White,Yes,no,below_median,not_college_graduate,NA,6,0,0,0,0,0,0,1,1,0,1,0,1,1,1,1,no,1,0,0,0,0,0,0,0,0,0,0,0,0,0,0,0,5,2,60.2,7.5,3,1,56.5,7.9,3,0,55.8,8.3,2,0,56.5,8.4,2,0,56.5,8.6,5,0,58,8.7,18.47775,1.36,1.1502000000000001,0.485,3.0748807176306485,1.5263636712204889,2.006530158176282,1.3262863824522442,3.62114942935238,3.2226614665673177,-3.0606471026104174,0.23768809825564152,3.1151564513158982,1.040034570780579,NA,NA,0.8073242687110491,4.97,0.9777506666316752,10.27,NA,NA,0.4349551621948145,4.86,0.9549439329103564,3.11,18,0,0,10,0,0
R118969,completed,hmp_full,34,Woman,White,Yes,no,below_median,not_college_graduate,NA,13,1,0,1,1,1,1,NA,NA,NA,0,0,0,NA,NA,NA,no,1,0,0,0,0,0,0,0,NA,NA,NA,NA,NA,NA,NA,NA,12,16.33,63,5.86,NA,NA,NA,NA,NA,NA,NA,NA,2,0,56.5,8.4,NA,NA,NA,NA,NA,NA,NA,NA,NA,NA,NA,NA,NA,NA,NA,NA,NA,NA,NA,NA,NA,NA,3.5959344274206906,6.43,NA,NA,NA,NA,1.1998989955662254,9.29,NA,NA,NA,NA,2,0,0,0,0,0
R616662,completed,hmp_active,25,Woman,White,Yes,no,above_median,college_graduate,NA,9,1,0,1,0,1,1,0,1,1,0,0,1,0,0,1,dont_know,0,0,0,0,0,0,0,0,NA,NA,NA,NA,NA,NA,NA,NA,7,14,57.7,5.6,4,5,46.3,7,9,9,70.6,7.5,NA,NA,NA,NA,4,2,46.3,8.8,6,7,48.8,6.4,NA,NA,NA,NA,NA,NA,NA,NA,NA,NA,NA,NA,NA,NA,5.6721593394451455,11.32,1.4810818691771386,9.03,4.602527552031617,11.19,NA,NA,NA,NA,2.9387366791442213,12.09,8,0,0,0,0,0
R891761,completed,hmp_full,28,Woman,more_than_one,No,yes,above_median,college_graduate,NA,8,1,0,1,1,1,1,0,0,0,0,0,0,0,0,0,no,1,0,0,0,0,0,0,0,0,0,0,0,0,0,0,0,11,10,59.4,6,2,3,56.1,6.9,2,2,54.3,7.3,2,2,50.4,7.8,2,1,54.3,7.9,3,3,56.5,7.33,NA,NA,NA,NA,2.99516948278962,-4.079824596367813,4.277325297950828,7.006126839390461,4.734359559058214,3.084058268177915,-3.7263844236376773,4.755545847562846,7.145147803596868,4.404217255992118,4.286423428658789,11.56,2.506922663526361,7.8,5.255343132078194,11.61,1.4400482841675115,10.38,6.528107407906305,10.78,3.352054287626568,5.86,5,0,13,0,0,0
R275657,completed,hmp_full,43,Woman,White,Yes,no,above_median,college_graduate,NA,8,1,0,1,0,1,1,0,1,0,0,1,0,0,1,0,no,0,0,0,0,0,1,0,0,0,0,0,0,0,0,0,0,7,4,52.7,8.5,4,3,57.9,8,3,1,46.3,8,4,3,55.8,8.5,3,0,42.7,8.9,3,0,52.7,9.8,0.20235,0.33,0.07455,0.19,2.2455167863641092,1.4612329612394483,-1.658840333341618,6.754546689349031,-1.658840333341618,2.7263371241222734,-3.0987182391979555,-2.2696630711651116,5.134616046872156,1.1643241333200345,0.6119009877760863,11.76,NA,NA,2.5395096372080217,9.46,2.1200241831260067,10.5,NA,NA,0.4047885439252736,9.29,16,0,110,25,0,300
R529786,completed,hmp_full,49,Woman,White,Yes,no,above_median,college_graduate,NA,12,0,1,1,1,0,1,0,1,0,0,1,0,0,1,0,no,0,0,0,0,0,0,0,0,0,0,0,0,0,0,0,0,13,6,50.4,5.8,18,7,50.4,3.9,18,9,48.9,4.3,18,7,54.2,4,19,8,52.7,3.7,17,8,64.1,3.7,0.213,0.34,0.15974999999999998,0.135,3.326211250845506,-4.3979778877956255,-3.7333462302346194,7.349519134272063,2.9796099704424504,3.2607506350331956,-4.351728774895661,-3.4727631132007213,6.940639648800036,3.2899663937311585,6.9371735680297935,10.38,8.778930926399129,3.23,2.48962533942451,7.25,2.584030783913608,2.59,4.723825922999152,2.69,6.504903756307824,5.26,1,0,0,0,0,0
R186656,completed,hmp_full,65,Man,White,Yes,no,below_median,college_graduate,NA,6,1,1,1,1,1,1,NA,NA,NA,1,1,1,NA,NA,NA,yes,1,0,0,0,0,1,0,0,NA,NA,NA,NA,NA,NA,NA,NA,7,7,62,5.6,NA,NA,NA,NA,NA,NA,NA,NA,NA,NA,NA,NA,NA,NA,NA,NA,NA,NA,NA,NA,NA,NA,NA,NA,NA,NA,NA,NA,NA,NA,NA,NA,NA,NA,NA,NA,NA,NA,NA,NA,NA,NA,NA,NA,NA,NA,0,0,0,0,0,0
R499430,completed,hmp_full,34,Woman,White,Yes,no,below_median,not_college_graduate,NA,14,1,0,1,1,1,1,0,0,0,0,0,0,0,0,0,no,0,0,0,0,0,0,0,0,0,0,1,0,0,0,0,0,15,15,46.8,6.3,6,13,51.2,6.1,6,14,52.4,6,9,8,51.6,7.5,1,5,52.3,6.8,2,3,55.8,7.6,0.1278,0.36,0.0426,0.24,3.0789750397614792,-2.9706336091977077,-2.519294421505839,5.2466986579018355,4.829936403107495,2.393595919622702,-3.0711648252501016,-2.5142773492044563,6.377921742835237,4.443220021672495,4.476737783426694,9.76,4.4226532261485945,10.61,NA,NA,4.362097892656236,13.7,6.247082206930097,14.29,NA,NA,7,22,8,2,5,0
R522852,completed,hmp_full,20,Man,White,Yes,no,above_median,not_college_graduate,NA,5,0,0,0,0,0,0,0,0,0,0,0,0,0,0,0,dont_know,0,0,0,0,0,0,0,0,0,0,0,0,0,0,0,0,3,5,44.2,8.4,0,3,41.4,8.2,0,2,39.1,7.89,2,0,44.2,8.4,1,3,44.2,8.4,2,5,46.1,8.5,0.0639,1.31,0.28755000000000003,0.23,3.0900381025440424,-3.355180115176719,-2.617685198791772,7.299557318976692,3.8880988613364567,2.7429120561226896,-2.5717344333533374,-2.118826823598388,7.986744062520302,2.3238244328919286,1.2793185928868125,8.33,1.984248186680337,7.14,2.21656568348407,9.76,0.8461751603383744,10.87,1.9701029297853296,11.48,0.4934666127982372,9.68,25,14,150,5,0,15
R599788,completed,hmp_active,42,Man,White,Yes,no,below_median,not_college_graduate,NA,5,1,0,1,0,1,1,0,0,0,0,0,0,0,0,0,no,0,0,0,0,0,0,0,0,0,0,0,0,0,0,0,0,7,3,56.5,5.6,11,11,56.5,5.78,10,8,55.8,6.78,7,5,59.4,5.86,8,7,56.5,6.12,2,0,40.5,8,0.46859999999999996,0.355,0.24495,0.05,3.322995334004756,-4.87561932502449,-3.7765902528093362,6.708693837363361,6.371763203113318,2.265903819044853,0.9628864447539089,-2.7336071207573722,7.164616602103657,3.8498021014013926,1.4453076295632594,14.63,3.263944164609704,12.12,4.281741243781403,15.93,3.117956684678833,15.74,0.5042735365809636,10.16,1.8779644155806727,14.53,17,0,0,28,0,0
R843548,completed,hmp_active,23,Woman,White,Yes,no,below_median,college_graduate,NA,7,0,0,0,0,1,1,1,0,1,1,0,1,1,0,1,no,0,0,0,0,0,0,0,0,0,0,0,0,0,0,0,0,9,8,51.9,6,NA,NA,NA,NA,13,8,57.7,6,8,8,42.7,7.2,9,7,48.8,7.1,3,5,44.2,7.7,0.5751000000000001,0.21,0.4473,0.17,2.841773836976371,-2.684688220103817,-1.6818258882184551,7.1541119011013805,-1.6818258882184551,2.975263777671766,3.189182738594434,4.7798827011933,7.560734993447041,-0.3212024958250288,0.1474082778617082,3.7,NA,NA,NA,NA,NA,NA,NA,NA,0.2074147671364245,4.24,15,0,0,2,0,0
R363519,completed,uc,18,Woman,White,Yes,no,above_median,not_college_graduate,NA,9,0,0,0,0,0,0,NA,NA,NA,0,0,0,0,0,1,yes,1,0,0,0,0,0,0,0,NA,NA,NA,NA,NA,NA,NA,NA,11,9,54.3,7.3,6,5,58,7.9,NA,NA,NA,NA,8,5,59.4,7,9,6,59.4,8.2,NA,NA,NA,NA,NA,NA,NA,NA,NA,NA,NA,NA,NA,NA,NA,NA,NA,NA,NA,NA,2.9887626809685286,12.77,NA,NA,3.8298421020788833,10.53,2.516193992291349,6.1,NA,NA,NA,NA,NA,NA,NA,NA
R938847,completed,hmp_active,42,Woman,White,Yes,no,below_median,not_college_graduate,NA,10,0,0,0,0,1,1,0,0,0,0,0,0,0,0,0,no,0,0,0,0,0,1,0,0,0,0,0,0,0,0,1,0,6,3,50.4,5.3,4,5,46.3,5.56,5,3,47.6,5.78,5,6,46.3,5.33,5,5,50.4,5.8,6,2,50.4,5.6,10.40505,1.34,11.587200000000001,1.47,2.157719065420202,-3.0514800193607248,-1.7742598180486455,5.106124264137359,4.489138444542978,2.5050763952858563,-3.2794941502056654,-1.9084055781925415,5.798207335771655,5.118908935847235,2.2637966961734723,7.95,3.57338126814283,8.59,4.374699534706773,4.95,4.686124975815984,4.29,2.395448769836197,2.68,4.374882616817052,6.72,11,0,0,3,0,0
R880946,completed,hmp_full,52,Man,more_than_one,No,no,below_median,college_graduate,NA,5,1,0,1,1,1,1,1,0,0,0,0,0,0,0,0,no,0,0,0,1,0,0,0,0,0,0,0,0,0,0,0,0,4,3,54.3,2.8,7,2,42.7,4.4,6,3,48.8,5.9,7,1,50,4.5,6,4,48.8,4.33,4,2,46.3,6.2,1.0010999999999999,0.44999999999999996,3.7914,0.6,2.6573212746252577,4.135009574324098,-2.870174819688434,-2.870174819688434,5.108821551165681,2.843302291833339,5.522910633245618,-2.678515690959311,-2.678515690959311,3.910410786574208,5.117150019185667,6.57,2.810964993444599,3.86,4.1866953850744215,11.17,2.7250611587960147,8.37,4.137458378710252,7.83,3.1740911618667247,9.66,16,7,53,9,0,155
R245766,completed,hmp_active,47,Woman,White,Yes,no,below_median,not_college_graduate,NA,6,1,1,1,1,1,1,0,1,1,0,1,1,0,0,0,no,0,0,0,0,0,0,0,0,0,0,0,0,0,0,0,0,7,4,54.3,6.8,NA,NA,NA,NA,10,9,55.8,7.8,7,8,50.2,7.6,7,9,51.9,7.5,5,8,51.9,8,0.5325,0.485,4.1109,0.45,3.357565520642132,-0.8689654546318577,4.1961044610089004,5.150932670891474,3.9102704763128378,3.1292381185803753,-3.6186586526582065,5.003497238549461,4.782087367738835,5.018335878593803,3.066833181902897,9.33,NA,NA,5.354452949232469,6.1,0.7469972023838445,12.5,2.1105950923884578,9.09,7.157576573279743,6.25,6,0,0,0,0,0
R312953,completed,hmp_full,18,Woman,White,Yes,no,above_median,not_college_graduate,NA,5,0,0,0,0,0,0,0,0,0,0,0,0,0,0,0,no,0,0,0,1,0,1,0,0,0,0,0,0,0,0,0,0,1,5,42.7,8.4,2,5,44.8,9.5,5,7,52.7,9.2,3,6,52.7,8.8,3,4,54.3,8.7,1,1,42.7,9,0.35145,1.06,0.4899,0.12,2.013366913552102,0.6043597439757291,-1.8505958865702126,8.803906730854315,1.3682799382979884,1.7718092719664909,-2.6504854257024486,-1.6845089152194124,7.9467104909172885,1.979052730910234,8.337583358992221,11.54,0.5007352829455628,9.03,2.6033150478421305,18.86,1.424856967865652,10.65,3.1736660703410706,18.75,0.2316508259602972,11.73,16,15,25,1,0,0
R760663,completed,hmp_full,54,Woman,White,Yes,no,below_median,not_college_graduate,NA,18,1,1,1,1,1,1,0,1,0,0,1,0,0,0,0,no,0,0,0,0,0,0,0,0,NA,NA,NA,NA,NA,NA,NA,NA,17,12,65.3,3,17,15,59.4,3.4,15,13,66.6,3.9,10,11,55.8,5.6,10,11,55.8,5.9,9,19,63,4,NA,NA,NA,NA,NA,NA,NA,NA,NA,NA,NA,NA,NA,NA,7.558758500288762,11.76,2.657454832161628,6.06,1.71242775692062,15.48,2.378962884099696,3.26,2.5826330219305413,1.72,NA,NA,15,7,35,6,0,30
R181065,completed,uc,34,Woman,White,Yes,no,below_median,not_college_graduate,NA,8,1,0,1,0,1,1,NA,NA,NA,0,0,0,0,0,0,no,0,0,0,0,0,0,0,0,NA,NA,NA,NA,NA,NA,NA,NA,3,4,43.5,6.8,NA,NA,NA,NA,1,2,43.2,8,NA,NA,NA,NA,1,2,36,8.3,NA,NA,NA,NA,NA,NA,NA,NA,NA,NA,NA,NA,NA,NA,NA,NA,NA,NA,1.33132617275722,5.19,NA,NA,0.6640016096890936,3.93,NA,NA,1.5226469634074635,7.6,NA,NA,NA,NA,NA,NA,NA,NA
R819340,completed,hmp_full,21,Woman,Asian,No,no,above_median,not_college_graduate,NA,10,1,0,1,0,1,1,0,0,0,0,0,0,0,0,0,yes,0,0,0,0,0,0,0,0,0,0,0,0,0,1,0,0,10,6,60.2,5,6,5,51.8,5.8,7,6,53.4,5.3,6,6,52,5.3,6,6,54.3,6,6,6,54.3,6.5,0.6070499999999999,0.21,0.4473,0.11,3.07883132835072,0.9836068586416764,4.467882514992223,5.570478872675207,3.4607625667487794,2.769853055687668,0.7217971845200108,5.594339065676309,6.04581247105798,3.728428335188229,1.5657987494804726,9.47,0.7472351476528835,5.88,5.7417411629152815,8.8,1.6419182984849738,7.04,0.6454946918793963,8.08,4.909655826155681,12.27,8,20,13,2,0,10
R283323,completed,uc,32,NA,White,Yes,no,below_median,college_graduate,NA,15,1,1,1,1,1,1,0,0,0,0,0,0,0,0,0,yes,0,0,0,0,0,0,0,0,0,0,0,0,0,0,0,0,14,15,34.7,6.4,21,20,46.3,7.2,14,10,44.3,8,13,14,52.6,7.8,13,9,46.3,7.7,14,13,58,7.8,0.6603,1.72,0.23429999999999998,0.26,2.725762694066866,0.09286713509145006,0.24414091779642222,6.637843148253496,4.35063361395417,2.8145209190441904,-3.1333378858947847,0.009373125591635612,6.167998589262891,5.057090094592423,2.525376534528053,7.35,1.5080407849878024,10.43,NA,NA,4.214682426166034,9.64,0.4964403888152354,3.28,1.1765884718442885,1.99,NA,NA,NA,NA,NA,NA
R192655,withdrawn,hmp_active,47,Man,NA,No,yes,below_median,college_graduate,NA,7,1,1,1,1,1,1,NA,NA,NA,NA,NA,NA,NA,NA,NA,no,0,0,0,1,1,1,0,1,NA,NA,NA,NA,NA,NA,NA,NA,9,4,58,7.8,8,7,56,6.9,NA,NA,NA,NA,NA,NA,NA,NA,NA,NA,NA,NA,NA,NA,NA,NA,NA,NA,NA,NA,NA,NA,NA,NA,NA,NA,NA,NA,NA,NA,NA,NA,NA,NA,NA,NA,NA,NA,NA,NA,NA,NA,6,0,0,0,0,0
R538617,completed,uc,59,Man,Black,No,no,above_median,not_college_graduate,NA,6,0,0,0,0,0,0,0,0,0,0,0,0,0,0,0,no,0,0,0,0,0,0,1,0,0,0,0,0,0,0,0,0,4,1,41.1,8.56,4,0,54.3,9.4,NA,NA,NA,NA,NA,NA,NA,NA,2,0,48.8,9.33,1,0,44.2,9.1,3.164459208,NA,NA,NA,2.8894063729585024,2.5952851209391667,-2.2396095154730506,-2.2396095154730506,2.8663359584275296,2.961540948554096,2.9177975095063005,-2.349314528504219,-2.349314528504219,2.9338892002337693,0.8064260672681653,7.56,1.01338630007706,13.14,NA,NA,NA,NA,1.7059622129744427,5.65,3.5016157089998843,9.8,NA,NA,NA,NA,NA,NA
R963021,completed,hmp_active,38,Woman,White,Yes,no,above_median,college_graduate,NA,10,1,0,1,0,1,1,0,0,0,0,0,0,0,0,0,no,0,0,0,0,0,1,0,0,0,0,0,0,0,0,0,0,9,19,71.4,6.3,9,5,54.3,6.8,4,4,48.9,8.5,5,8,46.3,8,4,5,56.5,6.4,3,2,57.1,8.33,6.336749999999999,0.7150000000000001,5.05875,0.44,2.42035049097198,-2.4041084644020136,4.589892777660086,6.357744116155411,-1.65427412300365,2.6259494692249667,0.13724211566392386,5.036199825767718,5.4957873808813655,3.3298765166112956,1.1035337493674116,8.72,1.941306641825781,12.57,0.3119536333259199,12.57,2.7564983372692198,13.7,0.6442140233014954,11.79,1.2311309108719564,4.25,22,0,0,58,0,0
R420740,completed,hmp_active,43,Woman,White,Yes,no,above_median,not_college_graduate,NA,14,0,0,0,0,0,0,NA,NA,NA,0,1,0,NA,NA,NA,no,0,0,1,0,0,0,0,0,NA,NA,NA,NA,NA,NA,NA,NA,12,5,63,5.56,NA,NA,NA,NA,NA,NA,NA,NA,NA,NA,NA,NA,NA,NA,NA,NA,NA,NA,NA,NA,NA,NA,NA,NA,NA,NA,NA,NA,NA,NA,NA,NA,NA,NA,2.498361651206232,1.71,NA,NA,NA,NA,NA,NA,NA,NA,NA,NA,3,0,0,0,0,0
R267016,completed,uc,31,Woman,White,Yes,no,below_median,college_graduate,NA,11,1,0,1,1,1,1,NA,NA,NA,0,0,0,0,0,0,no,0,0,0,0,0,0,0,0,0,0,0,0,0,0,0,0,13,10,58.7,3.8,8,12,54.3,4.7,10,10,69.7,5.1,12,16,68.5,4.7,7,6,63,5,NA,NA,NA,NA,0.6176999999999999,0.14,0.41535,0.19,1.8317807315235366,1.8944464438316055,-1.7544624257485482,3.180011507382143,-1.7544624257485482,2.5427559552717374,-2.430272850373925,1.7612534360869143,6.9508713857116105,2.496364815745892,7.967857343887156,10.64,3.276387015145939,11.68,0.2099783945595745,11,1.8592111645425065,9.16,NA,NA,NA,NA,NA,NA,NA,NA,NA,NA
R878264,completed,hmp_full,32,Woman,White,Yes,no,below_median,college_graduate,NA,10,1,0,1,0,1,1,0,0,0,1,0,0,0,0,0,no,0,0,NA,0,0,0,0,0,0,0,0,0,0,0,0,0,11,11,57.9,6.5,15,5,56.5,4.8,12,12,54.3,5.3,NA,NA,NA,NA,0,2,40.5,6.5,3,0,40.3,7.4,0.26625,0.29,0.45794999999999997,0.16,2.978065386134275,-4.078524512376515,5.325745286644137,7.123100122024606,7.402176382125695,2.6646907335441816,-4.122763632789706,5.155035786498524,7.515889787616546,6.84949576680849,2.926667928433294,5.94,0.3132957428999609,6.74,4.518409423815839,11.7,NA,NA,3.0090872914473805,6.11,0.2945433719518818,2.17,15,22,25,0,0,0
R977321,completed,hmp_full,47,Man,White,Yes,no,above_median,college_graduate,NA,13,1,1,1,1,1,1,1,1,0,1,0,0,1,0,0,no,0,0,0,0,0,0,0,0,0,0,0,0,0,0,0,0,12,7,57.9,4.3,14,8,62,4.7,13,12,62,5.1,14,9,58,5.1,17,7,63,4.56,8,6,59.4,6.3,0.129185352,0.12462999999999999,1.5560433839999999,0.14398999999999998,2.0376869293648925,3.4049440731528184,-1.9341878959248695,5.370328050535285,1.20130632000428,2.3820029350725926,3.2778328522036158,-2.148291905805191,4.929206147764042,1.5652801608991171,2.705343879211203,6.19,3.0933976848797062,7.97,1.7755834491584683,4.81,1.6324758326953792,6.36,1.980021490273964,5.42,1.5385700816598942,8.74,12,7,50,1,0,0
R362330,completed,hmp_full,37,Woman,White,Yes,no,below_median,not_college_graduate,NA,18,0,1,1,1,0,1,0,0,0,0,0,0,0,0,0,no,0,0,0,1,1,1,0,0,0,0,0,1,0,1,1,0,13,10,54.9,6,15,11,49.7,4.88,6,7,64.1,6.2,3,10,52.1,6,3,2,61,7.6,1,3,55.2,6.2,21.299999999999997,2.14,14.665049999999999,1.27,3.389584755577551,4.798892641497971,6.382879943925968,5.410210442189442,6.161907403452682,3.184127843016185,5.048571093058035,4.54553348164519,6.153621203620092,6.199943000708617,0.7937425990927518,8.42,8.3355837345861,11.96,2.015887064563338,11.71,1.13436273367727,5.71,5.860276444258885,14.35,0.5438916721245791,10.26,6,65,16,0,0,0
R665105,completed,hmp_active,41,Woman,more_than_one,No,no,below_median,not_college_graduate,NA,16,1,1,1,1,1,1,0,0,0,0,0,0,0,0,0,no,0,0,0,0,0,0,0,0,0,0,0,0,0,0,0,0,15,7,59.4,5.3,11,9,63,5.6,11,8,57.9,5.6,8,4,52.7,6.4,13,5,56.5,5.1,10,7,65.3,5.8,18.94635,1.9649999999999999,18.584249999999997,0.86,2.916458976905052,-4.09908877022623,-3.0732550937142857,7.836747733268965,6.898685184456285,3.028323134669895,1.5432849575245222,-2.9388579935091794,8.069604893843643,7.361289347173376,5.60587039876598,7.58,0.2613446029098072,7.41,4.1726214727674,7.5,NA,NA,NA,NA,4.160158223236388,8.61,8,0,0,0,0,0
R890755,completed,hmp_active,49,Woman,White,Yes,no,below_median,not_college_graduate,NA,9,1,0,1,1,1,1,0,0,0,0,0,0,0,0,0,no,0,0,0,0,0,0,0,0,NA,NA,NA,NA,NA,NA,NA,NA,10,12,63,5.3,19,18,63,4.9,10,13,63,4.9,11,10,63,5.2,7,7,54.3,6.4,1,1,26.3,7.3,1.16085,6.88,NA,NA,3.0675935710561966,-0.5185721098209863,-2.973892044675721,3.454213228008875,6.4987356657322985,3.263982596045772,0.9143549264114426,-2.900187983233634,1.5424632732566828,5.44241369745056,1.820395329411824,1.16,0.73955256516401,2.49,2.374308097335357,5.95,0.4989576293444845,3.81,1.5223907327427526,9.52,1.2807398227624682,1.11,15,0,0,0,0,0
R177786,completed,hmp_active,38,Woman,NA,No,yes,below_median,college_graduate,NA,7,1,0,1,1,1,1,0,1,0,0,0,0,0,0,0,no,0,0,0,0,0,0,0,0,0,0,0,0,0,0,1,0,7,15,44.2,4,4,6,50.4,6.7,2,4,51.9,7.4,2,2,44.3,8.1,1,3,36,8.5,2,4,40.6,7.6,4.26,1.64,7.55085,1.3900000000000001,2.8094270650195816,-2.4393575984930895,-1.840311928255559,7.03693050773836,4.014759993946868,2.583580218656557,-2.332077372007339,-1.9376743612339449,8.333126348260768,3.0110855291442236,3.924783672134047,10.45,1.267815796473769,10.31,3.824163655071896,8.7,2.233351320672108,8.74,1.0175285379359909,8.45,0.4128264289994809,6.85,0,0,0,0,0,0
R249917,completed,hmp_active,33,Man,Native,No,no,below_median,NA,NA,11,1,1,1,1,1,1,0,1,1,0,1,1,0,1,1,no,0,0,1,0,0,0,0,0,0,0,0,0,0,0,0,0,14,14,72.6,6,NA,NA,NA,NA,10,13,73.4,7.5,11,16,73.8,8.5,8,9,71.2,7.5,12,9,71.9,7.6,1.8211499999999998,0.84,1.30995,0.59,2.7277480671011864,2.0313764822662934,-2.4731528597126387,-2.4731528597126387,2.58309294563567,2.5334758111377016,1.4840571994915885,-2.1885327211255117,-2.1885327211255117,4.29610251450974,2.5800395807362357,8.43,NA,NA,3.4949959353416107,8.48,5.035598187276971,10.83,1.0205897369517172,4.65,6.102629940406494,4.58,15,0,0,6,0,0
R757620,completed,hmp_active,29,Man,White,Yes,no,below_median,not_college_graduate,NA,12,1,1,1,1,1,1,1,1,1,0,0,1,0,0,1,no,0,0,0,0,0,0,0,0,NA,NA,NA,NA,NA,NA,NA,NA,7,19,54.3,3.5,NA,NA,NA,NA,16,21,54.3,6.1,8,8,52.6,4.44,8,8,54.1,4.4,8,8,58,5.5,NA,NA,NA,NA,NA,NA,NA,NA,NA,NA,NA,NA,NA,NA,3.467598368045341,12.66,NA,NA,4.845017627482883,9.15,3.8288445951977903,11.57,NA,NA,1.8718838005150955,7.82,11,0,0,1,0,0
R187928,completed,uc,31,Woman,White,Yes,no,below_median,college_graduate,NA,10,1,0,1,0,1,1,NA,NA,NA,1,0,0,1,0,0,no,0,0,0,0,0,1,0,1,0,1,0,0,0,0,0,1,11,14,70.6,5.9,NA,NA,NA,NA,5,6,51.9,6.8,10,10,67.8,7.4,5,6,54.3,6.8,NA,NA,NA,NA,0.6709499999999999,0.36,0.39404999999999996,0.12,3.1506942928894306,-2.8358122756124975,-2.2703502676373586,7.580527334626471,-2.2703502676373586,3.1581231215506573,-2.9994334776205114,-2.3087839753580757,6.68128372039558,0.826710240571074,1.0450438836635227,11.04,NA,NA,NA,NA,5.6636258824437284,7.22,4.869967127201331,11.57,NA,NA,NA,NA,NA,NA,NA,NA
R259387,completed,hmp_active,42,Man,Asian,No,no,below_median,not_college_graduate,NA,6,1,0,1,0,1,1,0,0,0,0,0,0,0,0,0,yes,0,0,0,0,0,0,0,0,0,0,0,0,0,0,0,0,6,6,52.7,7.7,8,5,57.8,7.3,7,9,54.3,8.1,8,7,55.8,7.1,8,10,54.3,8,4,9,48.7,7.4,1.50165,1.17,0.7667999999999999,0.7,2.286848876242404,3.6101515578535848,-1.298518359149249,-1.298518359149249,1.6459206200171916,2.3608328566922765,3.785248132037183,-1.4977332126518736,-1.4977332126518736,3.7117529401895473,NA,NA,0.2972291036261618,5.36,1.23956623964741,6.83,2.3524639520804644,9.85,NA,NA,NA,NA,9,0,0,2,0,0
R286302,completed,hmp_full,35,Man,Black,No,no,above_median,college_graduate,NA,8,1,0,1,0,1,1,0,0,0,0,0,1,0,0,0,no,0,0,0,0,0,0,0,0,0,0,0,0,0,0,0,0,0,0,44.2,10,0,0,44.2,8.67,0,0,46.3,10,0,0,26.3,10,0,0,46.3,9,0,0,31.4,10,2.0661,0.85,1.2993,0.66,2.2536175625371415,-2.8687552042282585,-1.8444727593018913,4.481676713853208,6.610206526725104,2.3187771879734957,-0.11133842935771976,-1.7954013407513818,5.210387678502121,6.250507401519398,3.8978057632365566,12.05,2.1395073740594834,10.6,1.4653666628243869,9.73,0.1674200961253626,8.06,0.1697794940837591,6.32,3.5616036885891664,9.77,11,47,8,7,25,0
R306438,completed,hmp_active,34,Woman,White,Yes,no,below_median,college_graduate,NA,9,1,0,1,1,1,1,1,1,0,1,1,0,1,1,0,no,0,0,0,0,0,0,0,0,0,0,0,0,0,0,0,0,7,7,44.2,7.1,6,9,43.3,3.7,3,4,41.1,6.8,11,13,43.3,6,6,7,41.1,6.4,4,5,41.4,7.1,1.0436999999999999,0.75,0.2769,0.52,3.0218986075451255,4.082584816236977,-3.0183699580874914,6.817855367389468,5.128628739302501,3.135319322720304,-0.39823313568440843,-2.890293997114626,6.361668049552375,3.8678005073131043,3.954637400977036,13.84,5.390452948152158,13.22,0.5812263260436646,5.8,1.1034132554248648,11.11,2.921825506438661,4.8,3.580602509152534,4.73,19,0,0,6,0,0
R602167,completed,hmp_full,27,Other,more_than_one,No,no,above_median,college_graduate,NA,10,1,0,1,0,1,1,0,0,1,1,0,1,1,0,1,yes,0,0,1,0,0,1,0,0,0,0,1,0,0,0,0,0,11,17,52.7,4.6,9,19,53.3,3.8,8,15,56.5,4.9,8,13,52.7,4.3,7,14,52.7,4.5,3,9,53.5,6.1,7.1854987679999995,3.08913,5.927396376,1.15434,2.1193849108002256,-2.1332902747312654,-1.9397231257723884,7.476248345766706,3.129181076447843,2.5697988707035178,5.401992287897491,-2.1225116727152584,6.906666470186815,5.577783530704858,2.261976110384406,7.59,1.8279803639443528,6.57,NA,NA,0.6892949347612128,8.75,0.7318082233365173,1.27,4.038852448579601,8.29,17,40,0,2,10,0
R112838,completed,hmp_active,45,Man,White,Yes,no,below_median,not_college_graduate,NA,9,1,1,1,1,1,1,0,0,0,0,0,0,NA,NA,NA,no,0,0,0,0,0,0,0,0,0,0,0,0,0,0,0,0,14,12,52,3.5,NA,NA,NA,NA,NA,NA,NA,NA,NA,NA,NA,NA,NA,NA,NA,NA,11,10,61.2,4.6,NA,NA,NA,NA,NA,NA,NA,NA,NA,NA,NA,NA,NA,NA,3.241584262763015,12.73,NA,NA,NA,NA,NA,NA,NA,NA,2.3031064839442656,14.9,3,0,0,0,0,0
R137118,completed,hmp_full,46,Woman,White,Yes,no,below_median,not_college_graduate,NA,6,1,0,1,1,1,1,0,0,0,0,0,0,0,0,0,yes,0,0,0,0,0,0,0,0,0,0,0,0,0,0,0,0,6,5,57.1,7.2,3,2,57.7,8.4,3,3,54.3,8.8,3,3,46.3,9.1,2,2,46.8,9.44,0,0,42.7,9.8,1.71465,0.81,3.3867,0.9299999999999999,2.438860121924696,-2.9524936858726636,4.570474153161527,-1.7080472710043169,-1.7080472710043169,2.4811497215690355,5.872864899833847,4.725135771757293,-1.7472105227436079,1.4716653021245931,3.668773475863299,6.59,1.4393426415449144,14.47,3.673792585933659,4.09,1.6683375478386415,7.14,1.7175142311316365,7.61,0.7337213142432708,2.41,9,0,58,1,0,5
R923730,completed,uc,32,Woman,White,Yes,no,below_median,not_college_graduate,NA,10,1,0,1,0,1,1,0,1,0,0,1,0,0,1,0,no,0,0,0,1,0,1,0,0,0,0,0,0,0,1,0,0,8,7,62,6.6,10,7,61.2,6.5,15,7,70.1,5.9,14,6,72.7,5.5,14,6,71.2,6.3,11,7,63.4,6.2,5.616653231999999,0.82764,3.810385968,1.04786,2.648494297753413,0.883298454828152,-2.0123233317108067,5.877135817693717,5.209512493577642,2.198245840436564,-2.591285464305791,-1.584989063827554,5.6713081758631265,4.173912710049726,1.9124717104287627,7.84,NA,NA,1.6760897152628444,0.9,3.265086669390165,5.63,0.3665024743234081,3.45,0.9189143614176644,10.56,NA,NA,NA,NA,NA,NA
R481513,completed,hmp_full,40,Woman,Asian,No,no,below_median,college_graduate,NA,13,1,1,1,1,1,1,0,0,0,0,0,0,0,0,0,no,0,0,0,0,0,0,0,0,0,0,0,0,0,0,0,0,14,5,69.4,3.89,21,11,71.3,4.5,22,12,69.5,3.5,20,8,69.6,2.9,20,9,69.6,3.3,22,11,65.9,2.6,NA,NA,NA,NA,2.814895708879875,0.4086966366319418,-1.8401747390562138,7.664699180320851,-1.8401747390562138,2.6176382786733257,5.064692609310887,-1.6916883210951439,7.75063640686073,1.352834116628279,2.185860162225917,5.17,3.6626546838405374,3.57,NA,NA,NA,NA,NA,NA,5.231918905569304,15.87,25,62,150,17,35,25
R107756,completed,hmp_active,50,Woman,White,No,yes,below_median,college_graduate,NA,6,0,0,0,0,0,0,0,0,0,0,0,0,0,0,0,no,0,0,0,0,0,0,0,0,0,0,0,0,0,0,0,0,0,2,55.8,8.9,0,5,52.7,7.9,0,1,46.3,8.4,0,4,48.9,9.1,0,4,46.3,8.7,0,0,52.7,9.6,0.24495,0.65,0.28755000000000003,0.6950000000000001,3.38339922391859,1.294971266652372,4.883373984372675,6.365241000438974,5.043157055763075,3.2285140920976954,0.8283065323241647,5.14060870730402,7.481177457019237,6.048386322857157,0.2879709577554672,7.61,0.7047881090116911,4.84,0.8676592836000999,6.09,0.4574269758516164,5.42,0.5089746611668964,7.11,1.815769192533912,7.45,0,0,0,0,0,0
R465062,completed,hmp_active,26,Woman,White,Yes,no,below_median,college_graduate,NA,8,1,0,1,0,1,1,0,1,1,0,1,0,0,1,0,yes,0,0,0,0,0,0,0,0,0,0,0,1,0,0,0,0,9,7,59.4,5.8,14,10,57.9,4,10,6,59.4,5.4,12,7,57.9,4.8,12,8,59.4,4.9,13,10,59.4,5.6,2.95005,0.14,21.299999999999997,0.475,2.6787364473967923,2.876944038684428,-2.1998254011872125,-2.1998254011872125,4.544233785124135,2.2998680500035156,4.411275864975433,-1.8317208372759461,4.331593966758695,3.610696873245847,5.77978586000178,10.13,7.952608158600255,10.56,3.263029923828336,1.46,7.932143095372744,5.79,3.6536214874139534,7.88,NA,NA,9,0,0,0,0,0
R732716,completed,hmp_full,28,Man,White,No,yes,below_median,not_college_graduate,NA,8,1,0,1,0,1,1,1,0,0,1,0,1,0,0,0,no,0,0,0,0,0,0,0,0,0,0,0,1,0,0,0,0,2,5,52,6.2,4,9,52,6.1,7,5,46.3,6.2,6,6,57.9,6.5,5,2,56.4,6.4,2,4,57.9,7.1,2.5772999999999997,0.29,0.2769,0.44,3.013598395167394,2.3704908271797405,-3.309542491272402,6.675386789850971,4.396170332622026,2.6718766847208983,5.726413075476236,-2.8281760279827943,7.483938295999078,2.5967739894986086,1.2038545970001329,6.67,1.9903717959426608,18.18,1.087989594296742,6.15,1.6606079176364537,8.76,1.484727416854258,8.56,1.7765813943188244,10.88,16,5,68,11,25,15
R867117,completed,hmp_full,29,Woman,White,Yes,no,below_median,college_graduate,NA,8,1,1,1,1,1,1,1,0,0,0,0,1,0,0,0,no,0,0,0,0,0,0,0,0,0,0,0,1,0,0,0,0,8,9,44.2,6.33,10,11,50.4,6.1,7,8,44.2,6.4,2,4,41.1,7.5,6,5,41.1,7,1,1,51.3,7.7,2.82225,0.385,2.1406499999999995,0.3,3.046737338641204,-3.1085381136888177,-2.111476549522211,6.267143992030087,5.048592658073916,3.0302874868584815,-2.9295287796742406,-2.3277854451337943,6.616634346172121,5.809317944505507,5.571639502165091,9.42,3.962056595727593,10.28,2.507300859530602,9.31,6.576631454288752,7.69,1.0079225716960327,4.46,0.9492388258822108,4.93,9,12,15,0,0,0
R867061,completed,hmp_active,22,Man,Black,No,no,below_median,college_graduate,NA,12,1,0,1,1,1,1,0,0,0,0,0,0,0,0,0,no,0,0,0,0,0,0,0,0,0,0,0,0,0,0,0,0,9,6,51.8,5,6,3,49.2,5.4,6,4,51.8,5.3,NA,NA,NA,NA,6,5,51.8,5.3,4,3,54.3,5.8,0.23429999999999998,0.18,0.13845,0.745,3.0827452586027775,-3.479750091625365,2.087713751404933,6.599501475810211,3.7937414343489833,2.457424833170409,-3.157141014320978,1.938928902866202,6.072419637598264,3.8714609259753394,4.341857468739765,5.42,4.3166935129689,5.05,3.3110466955887032,3.62,NA,NA,0.3755176889787954,8.99,5.554199715278978,9.6,15,0,0,0,0,0
R474239,completed,hmp_full,25,NA,White,Yes,no,below_median,college_graduate,NA,8,1,1,1,1,1,1,0,1,1,0,1,1,0,1,1,yes,0,0,1,0,1,1,0,0,0,0,1,0,0,1,1,0,11,7,63,4.8,14,10,63,3.9,15,12,66.1,4.2,14,8,69.3,4.7,16,9,63,5.3,11,10,54.3,2.6,2.3217,1.19,1.88505,1.01,3.0249335069826766,1.4413793492693003,-1.8870370872207483,7.019356319837619,3.311459944045078,1.963958350032538,-2.172061007961489,-1.1475187087348084,8.392628880743802,3.4676018081064512,2.721209044030412,9.85,3.50813832122763,9.22,1.327060243778195,4.44,0.5391038307138609,8.15,1.5751816067612878,5.15,0.5660824833863672,9.73,14,0,80,0,0,0
R738369,completed,hmp_full,29,Woman,White,Yes,no,below_median,not_college_graduate,NA,13,0,1,1,1,0,1,NA,NA,NA,1,1,0,NA,NA,NA,yes,0,0,0,0,0,0,0,1,NA,NA,NA,NA,NA,NA,NA,NA,13,7,63,3.4,NA,NA,NA,NA,NA,NA,NA,NA,NA,NA,NA,NA,NA,NA,NA,NA,NA,NA,NA,NA,NA,NA,NA,NA,NA,NA,NA,NA,NA,NA,NA,NA,NA,NA,NA,NA,NA,NA,NA,NA,NA,NA,NA,NA,NA,NA,5,5,8,0,0,0
R471465,completed,hmp_full,44,Woman,more_than_one,No,no,below_median,not_college_graduate,NA,10,1,0,1,0,1,1,0,0,0,0,0,0,0,0,0,no,0,0,0,0,0,1,0,0,0,0,0,0,0,0,0,0,8,3,55.6,7.3,6,3,51.8,6.1,8,4,61.3,6.4,6,5,63,6,6,2,63,7.6,2,1,52,7.8,0.5097584159999999,0.41382,1.0264998239999998,0.43076,2.7079371616405217,-2.5888977749201083,-1.9944044338545592,7.795746433342566,1.7191676328497485,2.3446682275686137,-3.0667161150580204,3.1818169984778426,4.901285356517077,3.3144614730841373,0.6163332701808766,13.51,2.7817206907461407,7.98,1.1144659692283871,4.33,1.1577038369763184,6.98,2.331541244946824,9.49,0.6544455696523155,4.62,13,122,13,6,60,0
R407947,completed,uc,22,Man,more_than_one,No,yes,above_median,not_college_graduate,NA,7,1,0,1,0,1,1,0,0,0,0,0,0,0,0,0,no,0,0,0,0,0,0,0,0,NA,NA,NA,NA,NA,NA,NA,NA,6,4,59.4,6.9,2,0,44.2,5.8,1,2,54.3,7.4,3,3,54.3,7.5,2,0,52.7,7.5,3,1,56.5,7.5,NA,NA,NA,NA,NA,NA,NA,NA,NA,NA,NA,NA,NA,NA,2.433922323059619,9.09,3.2466098199206823,4.04,1.2555667982927137,7.8,0.23440023639219,4.23,0.6628905659586382,8.33,NA,NA,NA,NA,NA,NA,NA,NA
R788731,completed,hmp_full,47,Woman,White,Yes,no,below_median,not_college_graduate,NA,16,1,0,1,1,1,1,1,0,0,1,0,0,NA,NA,NA,no,0,0,0,0,0,0,0,0,NA,NA,NA,NA,NA,NA,NA,NA,13,11,63,4.9,NA,NA,NA,NA,NA,NA,NA,NA,NA,NA,NA,NA,NA,NA,NA,NA,9,9,59.4,5.67,NA,NA,NA,NA,NA,NA,NA,NA,NA,NA,NA,NA,NA,NA,0.1664444211531691,6.9,NA,NA,NA,NA,NA,NA,NA,NA,4.869051447034996,4,8,27,8,7,25,10
R677256,completed,hmp_full,56,Woman,White,Yes,no,below_median,not_college_graduate,NA,5,1,1,1,1,1,1,NA,NA,NA,1,0,1,1,0,1,yes,0,NA,1,0,0,1,0,1,NA,NA,NA,NA,NA,NA,NA,NA,3,6,43.2,8.6,NA,NA,NA,NA,7,8,52,6.56,4,6,36.3,8.1,3,4,41.1,8.44,NA,NA,NA,NA,NA,NA,NA,NA,NA,NA,NA,NA,NA,NA,NA,NA,NA,NA,5.680917399850749,14.62,NA,NA,1.4062788624233318,13.55,2.3358772548486986,16.75,0.4965299649236089,12.06,NA,NA,7,17,33,12,15,45
R384203,completed,hmp_full,43,Woman,more_than_one,No,no,below_median,college_graduate,NA,11,1,0,1,1,1,1,1,1,0,1,0,1,1,0,0,yes,0,0,1,0,0,0,0,1,0,0,1,0,0,0,0,0,12,9,68.9,5.4,15,18,64.9,4,12,15,66.5,4.5,NA,NA,NA,NA,15,13,63.7,4,10,13,59.9,7.2,0.4473,0.28,1.065,0.07500000000000001,3.200088544079568,-2.875540494203458,-2.3309616907387314,3.3627704480639684,6.662092939407402,2.336519856598055,-1.9762419041232206,-1.4158298953249087,3.050078223329675,3.6530743068953226,0.2560673488584382,16.13,NA,NA,4.152521202952187,9.16,NA,NA,2.110697736620073,11.54,1.3458454145054992,8.48,9,25,8,3,10,0
R296170,completed,uc,46,Woman,White,Yes,no,above_median,college_graduate,NA,5,0,0,0,0,0,0,0,0,0,0,0,0,0,0,0,no,0,0,0,0,0,0,0,0,NA,NA,NA,NA,NA,NA,NA,NA,5,4,46.3,7.2,5,2,51.9,7.1,3,2,48.9,7,3,4,51.9,6.7,4,1,58,7,2,2,52.7,7.2,NA,NA,NA,NA,NA,NA,NA,NA,NA,NA,NA,NA,NA,NA,3.2703404455925407,7.69,0.5741549878571581,7.09,NA,NA,NA,NA,NA,NA,6.683933679966925,7.07,NA,NA,NA,NA,NA,NA
R778743,completed,uc,28,Man,White,Yes,no,below_median,college_graduate,NA,9,1,0,1,0,1,1,1,1,1,0,1,1,1,1,0,yes,1,0,0,0,0,0,0,0,0,0,0,1,0,0,1,0,10,6,66,6,9,6,65.9,5.1,10,7,67.5,5.1,10,7,69.4,3.9,9,3,59.4,5.2,11,5,68,5.1,5.942699999999999,0.8,6.1663499999999996,1,2.592370358639455,1.9891790837764671,-2.067394946698262,5.702828257460523,6.925162480205807,2.6035761261332615,-3.0057592779694637,-2.246552825665065,6.6905342105114585,8.033828877991192,0.5758868737465536,5.29,6.59144958493403,7.75,1.6465573888915082,9.45,4.419278617510751,10.56,4.380495314413705,4.73,5.83142739487811,7.01,NA,NA,NA,NA,NA,NA
R920293,completed,hmp_active,54,Woman,White,Yes,no,below_median,college_graduate,NA,10,0,0,0,0,1,1,1,0,0,0,0,0,0,0,0,no,1,0,0,0,0,0,0,0,0,0,0,0,0,0,0,0,9,7,63,6.3,10,8,54.3,6.8,6,6,54.3,6.4,6,5,54.3,6.9,5,7,54.3,7,9,6,55.8,6.9,15.793949999999999,1.52,15.98565,1.64,2.6098470144594046,-1.6694777723091583,-1.6575871203563624,7.056323508137561,1.8977609411330514,2.5007012393468275,-1.9311283745100791,-1.6797875758051795,6.012325763790287,3.1800248285564923,4.862542675602352,12.9,3.5304558798800927,7.59,3.1100758119142813,7.01,2.818951150975675,8.22,0.7787639973354318,6.59,0.1503097789033891,7.14,11,0,0,12,0,0
R928515,completed,hmp_active,65,Woman,White,Yes,no,below_median,not_college_graduate,NA,8,0,0,0,0,0,0,NA,NA,NA,0,0,0,0,0,0,yes,0,0,0,0,0,0,0,0,NA,NA,NA,NA,NA,NA,NA,NA,8,7,54.3,7.1,14,15,54.3,5.22,11,14,58,6.6,10,8,54.3,5.9,11,13,55.8,5,NA,NA,NA,NA,NA,NA,NA,NA,NA,NA,NA,NA,NA,NA,NA,NA,NA,NA,2.3070608569445463,10.88,1.807358138652778,11.74,2.303205216601847,13.51,2.193142142681268,9.31,2.3982872881981185,12.27,NA,NA,17,0,0,10,0,0
R656497,completed,hmp_full,35,Woman,NA,NA,no,below_median,college_graduate,NA,14,1,1,1,1,1,1,1,0,0,0,0,0,0,0,0,no,0,0,1,0,0,0,0,0,NA,NA,NA,NA,NA,NA,NA,NA,10,16,64.1,5.3,9,5,59.4,6,5,5,54.3,6.6,14,14,64.6,6,5,5,71.9,6.9,7,12,65.9,7.3,NA,NA,NA,NA,NA,NA,NA,NA,NA,NA,NA,NA,NA,NA,1.918468437372313,13.25,3.4538186689050216,12.94,3.573083174705962,12.78,2.286034924016504,11.49,4.692107890610036,10,1.46002872339627,7.18,13,37,0,1,5,0
R650974,completed,uc,30,Man,White,Yes,no,below_median,college_graduate,NA,8,1,0,1,0,1,1,0,0,0,0,0,0,0,0,0,no,1,0,0,0,0,0,0,0,1,0,0,0,0,0,0,0,5,1,41.4,6.8,6,2,50,4.5,5,0,46.4,6.2,5,2,54.3,5.2,3,0,48.9,6.6,5,1,57.9,5.2,0.2982,0.59,0.3408,0.33,2.8212018637671803,-2.735216248924655,-2.0745487870990096,7.609849484450949,4.570542182406635,2.967334441308363,-3.0388167822650622,-2.076632265867444,7.107056075111313,5.30175144712927,0.3072204518089499,6.36,NA,NA,NA,NA,NA,NA,NA,NA,5.402528627514989,8.52,NA,NA,NA,NA,NA,NA
R734549,completed,uc,55,Woman,White,Yes,no,below_median,college_graduate,NA,8,1,1,1,1,1,1,0,0,0,0,0,0,0,0,0,yes,0,0,0,0,0,1,0,0,0,0,0,0,0,0,0,0,7,4,50.2,4.9,10,5,58,6.3,10,8,52.7,5.3,9,6,52.7,6.1,8,7,47.9,7,12,9,54.3,5.6,1.8621311999999999,1.1676499999999999,2.064637968,NA,2.376499685808189,2.042984481454993,-1.696997439743856,3.5656927491610295,3.0651764950539,2.879772149943007,4.286663488300013,-2.289472771595243,5.071267131463035,7.094232499132003,NA,NA,2.725600201284042,13.48,0.6015055056195608,12.93,4.100824938090439,7.32,0.2487014026304245,0.59,4.671513202219173,6.78,NA,NA,NA,NA,NA,NA
R457758,completed,hmp_full,42,Woman,White,Yes,no,below_median,college_graduate,NA,5,1,0,1,0,1,1,0,0,0,0,0,0,0,0,0,no,0,0,0,0,0,0,0,0,0,0,0,0,0,0,0,0,5,10,51.8,6.6,4,5,56.4,7,3,4,61.9,6.9,2,4,57.9,7.2,5,5,55.8,7.4,3,6,57.1,7.7,7.1994,0.6000000000000001,10.40505,0.24,2.801447317334547,-2.5900322496480284,-1.7615485518581573,8.3146730774471,3.9048781362542746,2.8744435726136777,-2.69688061720304,-1.7906902053279259,8.404907102987133,4.709096835327928,7.231442250618279,7.14,1.871921166553003,2.9,3.537199554425145,4.14,6.711908975803564,12.03,2.2294800680934954,2.34,3.627783774368433,2.9,12,22,8,3,5,10
R600029,completed,hmp_full,40,Woman,White,No,yes,below_median,not_college_graduate,NA,5,0,1,1,1,0,1,0,0,0,0,0,0,NA,NA,NA,no,0,0,0,0,0,0,0,0,0,0,0,0,0,0,0,0,5,8,61.9,5,NA,NA,NA,NA,NA,NA,NA,NA,NA,NA,NA,NA,NA,NA,NA,NA,14,8.4,74.9,4.3,0.33751127999999997,0.363,0.361951752,0.79739,2.6083546846537495,5.375330348168772,-2.260414415395924,6.085990455040032,-2.260414415395924,2.524985162545961,5.414932263968554,-2.2467141327845086,6.445608144844179,-2.2467141327845086,6.892526925653455,11.61,NA,NA,NA,NA,NA,NA,NA,NA,4.154633094435534,12.67,4,5,0,0,0,0
R876353,completed,uc,43,Man,White,Yes,no,below_median,not_college_graduate,NA,6,1,0,1,1,1,1,0,1,0,0,1,0,0,1,1,no,0,0,0,0,0,0,0,0,0,0,0,0,0,0,0,0,5,4,51.8,5.5,7,4,54.3,4.8,3,1,48.7,6.2,2,1,48.7,7.3,3,1,44.2,6.1,5,3,51.8,5.6,6.134399999999999,1.45,11.544599999999999,0.93,2.514569171499939,3.987699608365548,-2.667182139568656,-0.10223278210711939,2.9422896556163036,2.4327922629878587,3.7443140466957887,-2.5366296047432586,-2.5366296047432586,1.270032885027061,0.2536330972295373,10,5.687452847576836,12.9,1.10617875065404,5.04,2.463092775115819,11.19,5.285484710839217,5.3,0.865060830694172,13.87,NA,NA,NA,NA,NA,NA
R836260,completed,hmp_active,27,Woman,Asian,No,no,below_median,college_graduate,NA,7,1,0,1,0,1,1,0,0,0,0,0,0,0,0,0,yes,0,0,0,0,0,0,0,0,0,0,0,0,0,0,0,0,10,2,46,5.8,9,3,46.5,5.8,6,3,46.5,7.1,6,5,44.8,5.9,7,1,42.7,5.1,5,4,48.9,6.7,1.60815,0.7,0.5751000000000001,0.66,2.3989709682359597,3.399840641637441,-2.1202574854718272,7.65249476174178,4.026071772197071,2.458134250824814,1.5355557636629715,-2.3193097479018077,8.509249867515814,2.6006711779263174,0.2722421412313818,9.3,5.422604013054455,14.14,0.19630580005467901,3.87,0.76776897174898,8.52,3.5623875819555444,6.2,6.664417812717138,7.54,15,0,0,4,0,0
R505667,completed,uc,33,Woman,more_than_one,No,no,above_median,college_graduate,NA,6,1,0,1,0,1,1,0,1,1,0,1,1,1,1,1,dont_know,0,0,0,0,0,0,0,0,0,0,0,1,1,0,0,0,3,4,54.3,5.1,8,15,55.8,6.2,10,10,57.9,5.6,6,8,59.4,5.5,5,7,64.1,6,5,8,63,6.9,21.299999999999997,2.08,2.3749499999999997,0.9850000000000001,3.1592098381960274,4.017841632305022,-2.971420918994611,5.16568247064469,5.059639261246007,2.4279754048515776,5.234237843226376,-2.7112328155993337,4.632840034973732,0.6560630143871404,1.0151060454775436,3.83,0.7171017499124546,7.39,2.398574908976575,6.63,1.7361395840204903,4.88,4.080485261511049,11.8,8.594210488390113,10.9,NA,NA,NA,NA,NA,NA
R905654,completed,hmp_active,34,Man,White,Yes,no,above_median,college_graduate,NA,7,0,0,0,0,1,1,0,0,0,0,0,0,0,0,0,no,0,0,0,0,0,1,0,0,0,0,0,0,0,0,0,0,5,5,54.3,7.4,12,6,51.3,4.9,8,6,47.7,7.6,4,3,46.3,8.4,1,1,46.1,7.4,2,1,44.2,8.9,13.482899999999999,2.35,7.69995,1.13,1.837246437853147,-2.819888353531682,-1.6401988175722566,5.172146276605222,2.291626815152069,1.6315065672739244,-2.8221251463297,-1.5159604110155185,2.0949575016287056,0.42994973803979486,1.0399947783739438,6.98,2.427810764732318,8.92,3.1062090359200365,6.61,1.7086345197773651,4.74,1.937173061489298,12.08,6.950490430227009,11.76,14,0,0,1,0,0
R730387,completed,hmp_active,46,Woman,White,Yes,no,above_median,college_graduate,NA,6,1,0,1,1,1,1,1,0,0,0,0,0,0,0,0,yes,0,0,0,1,0,0,0,1,0,0,0,0,0,0,0,0,9,8,59.4,6,9,8,54.3,5.9,NA,NA,NA,NA,10,6,59.4,6.1,7,4,54.3,7.2,4,3,54.3,6.7,23.029907616,1.91906,15.302063135999997,1.6843199999999998,3.1508270882807197,5.41310507083633,2.8852957026287367,4.51130858015705,1.7641472489382144,3.1811162356885467,3.754116081382231,2.0323456407826184,-2.621614709374905,1.6124917952223543,3.816215921026665,3.35,2.783381402894676,12.37,NA,NA,3.790224687451929,7.46,2.2983807919610357,7.89,0.2917347872425928,2.51,12,0,0,5,0,0
R343658,completed,hmp_full,33,Woman,White,Yes,no,above_median,college_graduate,NA,15,1,1,1,1,1,1,1,0,0,1,0,0,1,0,1,no,NA,NA,NA,NA,NA,NA,NA,NA,NA,NA,NA,NA,NA,NA,NA,NA,14,13,59.4,4.7,6,12,54.3,5,6,11,47.1,7.1,1,8,44.2,7.4,2,9,47.9,7.3,5,6,46.3,7,NA,NA,NA,NA,NA,NA,NA,NA,NA,NA,NA,NA,NA,NA,1.02936839202719,10,4.793745800402983,9.43,1.2227648093558556,8.43,NA,NA,2.052367843125103,13.27,1.33501316262977,8.99,11,7,38,0,0,0
R948072,completed,hmp_full,34,Woman,White,Yes,no,below_median,college_graduate,NA,6,1,0,1,1,1,1,0,1,0,0,1,0,0,1,0,no,0,0,0,1,0,0,0,0,0,0,0,0,0,0,0,0,7,12,57.1,6.2,5,7,54.3,7.1,2,3,44.4,7.3,3,2,50.4,7.9,4,4,50.2,8,3,2,41.1,8,0.18105000000000002,0.275,0.20235,0.13,2.89495700440668,-3.5324966942961353,-2.0278846180928833,6.073490053135698,1.9424072954592384,3.180554334577339,-3.3873861125792213,-2.193275248419699,5.528516528397837,2.360601643180842,0.2957390123673027,13.33,0.3193300591440336,10.19,0.1850263450132872,6.07,0.5175731657221617,4.42,1.3723143608496418,4.57,1.2641993542660328,7.84,15,42,16,19,95,0
R556112,completed,uc,59,Woman,White,NA,NA,below_median,college_graduate,NA,6,1,0,1,1,1,1,0,1,0,0,1,0,0,1,0,no,0,0,0,0,0,0,0,0,0,0,0,0,0,0,0,0,5,5,50.4,5.8,6,6,52.7,6.2,6,4,50.4,5.78,5,4,50.4,6.6,5,3,50.4,6.5,4,6,55.8,6.8,1.8743999999999998,0.345,0.9052499999999999,0.43,2.7458191331578226,-2.9735816820400456,5.702589731468196,6.766370912914136,6.140237692064845,2.632199490560095,-2.499113628177295,5.890593169709479,7.760751120214373,6.887021526441998,NA,NA,NA,NA,2.246575715708786,9.38,0.2882099674497455,7.95,0.3488016760466582,14.19,2.1890985597669657,6.36,NA,NA,NA,NA,NA,NA
R617120,completed,hmp_full,29,Woman,White,No,yes,below_median,not_college_graduate,NA,23,1,1,1,1,1,1,0,1,1,0,1,1,0,1,0,no,0,0,0,0,0,0,0,0,0,0,0,0,0,0,0,0,23,21,83.8,4.8,13,17,57.9,5,14,12,54.3,5.9,10,10,54.3,6,10,9,48.9,6.5,8,10,47.4,7.4,0.33751127999999997,NA,0.275828184,NA,NA,NA,NA,NA,NA,NA,NA,NA,NA,NA,4.3065123805938414,15.38,2.3259961737185693,12.38,5.699418689382812,8.2,3.573423290493908,11.29,2.232641092401032,8.24,3.447388484393685,10.81,6,12,5,1,0,5
R778895,completed,hmp_full,43,Woman,Black,No,yes,below_median,not_college_graduate,NA,15,1,1,1,1,1,1,0,1,1,0,1,1,0,1,1,yes,0,0,0,1,0,0,1,1,0,0,1,1,1,0,0,0,11,17,59.9,4.33,13,14,69.5,5.3,11,10,57.9,6.7,8,7,59.4,5.9,11,12,63,7.2,15,19,64.1,6.3,5.062669199999999,1.8549299999999997,1.2138767759999998,0.7429399999999999,2.0774049036703617,-2.0147524160638537,-1.1520389913072298,-1.1520389913072298,-1.1520389913072298,1.8812198895008283,3.5379368730381553,-1.401517688788211,5.451781404397867,4.292214450014488,6.412048364461046,7.09,0.4726385185003572,6.06,2.395849266560442,11.95,4.108157247314499,10.6,3.721549297518892,6.12,5.8278162943051015,10.53,11,20,10,0,0,0
R505378,completed,hmp_full,36,Man,White,Yes,no,above_median,college_graduate,NA,6,1,1,1,1,1,1,0,0,0,0,0,0,0,0,0,no,0,0,0,0,0,0,0,0,1,0,0,0,0,0,0,1,6,3,52,6.3,7,5,52.7,6.4,3,4,51.6,7.11,2,1,46.3,7.1,2,0,38,7.6,0,0,46.3,7.7,0.143151336,NA,0.32936445599999997,NA,2.4673024596577355,-3.6171447415559457,-2.2296115222451776,6.963887832534979,2.8008263991472577,2.25821722183773,4.388934677323727,-1.9785247354275808,8.214830000465666,1.24035108944062,0.25028594053847,3.42,0.9409057060044836,1.68,2.336320659180099,1.03,1.1654909623426892,9.58,2.4876165663678758,8.48,0.4999989400940464,1.05,19,27,100,60,20,460
R861030,completed,hmp_active,60,Man,White,Yes,no,above_median,college_graduate,NA,6,0,0,0,0,1,1,0,0,0,0,0,0,0,0,0,no,0,0,0,0,0,0,0,0,0,0,0,0,0,0,0,0,4,3,44.2,6.8,7,5,46.3,6.6,8,5,44.2,6.3,NA,NA,NA,NA,4,5,28.5,6.8,2,2,40.6,7.1,1.1715,0.17,0.79875,0.15,2.894625299571722,-3.944603766606742,-2.4848440663297944,7.595156539592232,5.423910672453452,2.851692257874921,-0.34660353536124955,-2.6789731837002164,7.298925866349721,4.263183521999252,2.049201627232825,7.25,NA,NA,1.4037456992835244,4.6,NA,NA,1.5662900218723463,4.74,0.8521028307696809,6.98,3,0,0,5,0,0
R255948,completed,hmp_active,54,Woman,White,Yes,no,below_median,not_college_graduate,NA,17,1,1,1,1,1,1,0,1,0,0,1,1,0,1,1,no,0,0,0,0,0,0,0,0,0,0,0,0,0,0,0,0,11,9,55.6,5.6,4,7,41.1,6.9,5,3,44.2,8.2,6,3,37.6,7.2,2,4,44.2,7.3,1,0,43.5,9.1,2.2152,1.25,1.79985,0.73,3.1489676720520343,-3.986828481510223,-3.006616059096248,6.807110886232256,4.6135987114782075,3.0653480691116894,-2.173920806803839,-2.8680726886163925,8.0951303869579,5.494803142415488,3.4561008472122503,13.57,1.7344138662023791,9.4,1.940601973003672,12.71,2.1778293913682045,10.53,1.5639577906271764,15.02,4.132469852308297,8.84,16,0,0,16,0,0
R267339,completed,hmp_active,47,Man,White,Yes,no,above_median,college_graduate,NA,7,0,0,0,0,1,1,0,0,0,0,0,0,0,0,0,yes,0,0,0,0,0,1,0,0,0,0,0,0,0,1,0,0,5,2,54.3,8.1,NA,NA,NA,NA,NA,NA,NA,NA,NA,NA,NA,NA,3,2,61.2,7.9,6,6,63.2,8.1,4.4304,0.48,0.99045,0.05,2.2546567668066753,5.5522747224756674,-1.5588129120003877,6.543167819852806,-1.5588129120003877,2.2264268363896975,5.252948922836447,-1.4620506752497737,7.6461462230577055,6.479244895656758,3.673777621015404,8.64,NA,NA,NA,NA,NA,NA,NA,NA,2.4557354725071723,8.62,11,0,0,16,0,0
R791770,completed,uc,25,Woman,White,Yes,no,above_median,college_graduate,NA,14,1,1,1,1,1,1,0,1,0,1,0,0,1,0,0,no,0,0,0,0,0,0,0,0,NA,NA,NA,NA,NA,NA,NA,NA,14,14,46.3,4.7,13,13,50.2,5.5,13,11,46.3,5.6,14,13,51.9,5.5,12,11,49.5,4.7,7,6,57.9,5.5,NA,NA,NA,NA,NA,NA,NA,NA,NA,NA,NA,NA,NA,NA,4.288326627857071,5.59,4.335751524658082,15.15,1.5455124593209746,10.4,1.79805950912519,11.22,3.74848259289373,11.98,3.3531409024764294,10.6,NA,NA,NA,NA,NA,NA
R263050,completed,hmp_active,31,Woman,Black,No,no,above_median,college_graduate,NA,6,1,0,1,0,1,1,0,0,0,0,0,0,0,0,0,yes,0,0,0,0,0,0,0,0,0,0,0,0,0,0,0,0,4,8,48.9,6.7,2,1,44.2,7.1,2,2,36,6.8,1,0,34.4,6.3,1,2,37.8,7.4,0,2,50.5,6.6,1.4271,3.13,3.8446499999999997,NA,2.3280055095355054,-2.536673770824648,-1.8241781380888016,7.631536834042913,1.6098090663963447,2.1570270446880926,4.374414624782309,-1.933322497121102,2.4361253553459195,0.6316268603404345,1.977667517580388,6.76,3.594732121343955,9.84,0.3891587768781045,8.99,4.993576973911132,7.77,5.9766553901568775,10.84,4.074924378854275,10.08,4,0,0,2,0,0
R419705,completed,hmp_full,28,Woman,more_than_one,No,no,below_median,college_graduate,NA,5,0,0,0,0,1,1,0,0,0,0,0,0,NA,NA,NA,yes,0,0,0,0,0,0,0,0,0,0,0,0,0,0,0,0,5,9,42.7,5.9,NA,NA,NA,NA,NA,NA,NA,NA,NA,NA,NA,NA,NA,NA,NA,NA,11,4,57.9,5.1,0.6070499999999999,NA,0.07455,0.16,2.6045127571400712,1.1093753340858177,-2.6886041965529652,5.272417269330404,4.119330747146961,3.0077587055979613,-3.9872589259151336,-2.9633099971773986,7.272103760132023,6.31534301498087,4.609225545918696,10.17,NA,NA,NA,NA,NA,NA,NA,NA,1.0470237997519174,13.29,13,70,8,1,0,0
R789153,completed,hmp_full,26,Woman,White,Yes,no,below_median,college_graduate,NA,5,1,0,1,0,1,1,1,1,0,1,1,0,1,1,0,yes,0,0,0,0,0,0,0,1,0,0,0,1,0,0,0,0,4,1,47.9,7.6,3,2,47.4,7.9,6,3,54.3,6,9,4,50.4,5.8,8,4,46.3,6.8,4,1,42.7,6.6,0.1065,0.52,0.13845,0.12,2.7689341141033066,-2.709272306586331,-2.0046917913105067,4.840123687897756,3.288613033413985,2.282460832176854,-2.6572223563158484,-1.909065748366626,5.12355851266138,2.0982674368658447,0.2964890935528455,10.29,1.3407940673542555,2.45,0.6815767997591737,5.41,5.001073991668148,9.09,0.3726168670188737,10.24,7.621692360817997,6.58,12,10,15,0,0,0
R228319,completed,hmp_full,29,Woman,White,NA,NA,below_median,not_college_graduate,NA,8,0,0,0,0,1,1,0,0,0,0,0,0,0,0,0,no,0,0,0,0,0,0,0,0,NA,NA,NA,NA,NA,NA,NA,NA,10,6,57.3,6.12,5,5,50.9,6.3,5,10,52.4,6.5,8,12.6,59.9,7.4,6,3,46.1,8.5,2,2,49.4,9.3,NA,NA,NA,NA,NA,NA,NA,NA,NA,NA,NA,NA,NA,NA,3.506162359679522,10.96,NA,NA,NA,NA,NA,NA,NA,NA,3.967125820583358,6.75,5,0,35,1,0,0
R115093,completed,hmp_active,46,Man,Black,No,no,below_median,not_college_graduate,NA,8,0,1,1,1,0,1,0,0,0,0,0,0,0,0,0,no,0,0,0,0,0,0,0,0,0,0,0,0,0,0,0,0,7,7,55.8,7.9,7,7,52.7,8.6,6,5,46.3,9.1,6,6,50.4,9.3,4,2,46.3,9.1,5,6,50.4,8.5,1.8016119359999998,0.58322,2.20546164,0.65945,2.3526742648038597,2.3944551777952365,-2.26558770742433,8.120356858077333,1.2897603540650842,2.8432039568030643,0.928578943212397,-3.109677290217521,7.512357122511268,3.543185739135826,NA,NA,NA,NA,NA,NA,2.199085142965304,9.64,1.7362379392249088,11.76,NA,NA,24,0,0,35,0,0
R563779,completed,hmp_full,31,Woman,White,Yes,no,above_median,college_graduate,NA,6,0,0,0,0,0,0,0,0,0,0,0,0,0,0,0,no,0,0,0,0,0,0,0,0,0,0,0,0,0,0,0,0,7,6,55.8,6.8,7,7,63,7.8,5,6,57.1,8,5,6,55.8,8,5,3,48.8,8.3,2,3,50.2,8.8,0.8717101679999999,NA,1.1382276959999997,0.11131999999999999,3.1320942620871084,1.0253801305843555,2.9119487135406055,6.958479956139502,5.61161251499907,2.989525550266255,-3.985240350878971,4.05765176240671,7.7059390387767275,7.86675368344718,2.2529810168123663,8.16,4.985371935915522,6.32,1.3181834886331991,4.81,3.873942500285912,5.91,1.88793977491017,3.17,0.3557708725124982,7.39,11,5,5,4,10,0
R508330,completed,hmp_full,57,Woman,White,Yes,no,above_median,not_college_graduate,NA,5,0,0,0,0,0,0,0,0,0,0,0,0,0,0,0,no,0,0,0,0,0,0,0,0,0,0,0,0,0,0,0,0,6,3,52.7,7.6,4,4,47.9,6.6,6,4,54.3,6.4,NA,NA,NA,NA,3,4,47.9,6.6,0,0,42.2,7.9,9.8406,0.58,10.2027,1.55,2.6150989926406614,4.270101137136916,-1.180539600808757,7.811769131739393,-1.180539600808757,2.6611912315861863,-1.6137199570344718,-1.3524659861908623,8.08874798316144,7.311594281034928,3.125441892707101,13.27,0.9043729871031444,7.87,2.9253032011266256,14.63,NA,NA,3.208783185657888,6.41,1.2844923743518528,2.84,13,47,78,16,100,80
R941086,completed,uc,20,Man,White,Yes,no,above_median,not_college_graduate,NA,11,1,0,1,0,1,1,1,0,0,1,0,0,0,0,0,dont_know,0,0,1,0,0,0,0,0,1,0,1,0,0,0,0,0,9,3,68.4,5,6,9,63,5.8,6,9,59.4,5.4,9,5,63,4.7,11,4,63,3.8,9,8,58,6.3,0.18105000000000002,0.075,0.6603,0.15,2.6000500290250934,-3.7592900866912005,6.658632430813881,8.777361338878665,5.491472478535057,2.831060085534501,-4.058511278223409,5.720431384137333,7.961597084435613,7.082277880781474,1.364784522824754,8.12,0.6319374113595044,9.2,1.4359435116129344,6.93,4.059794576433796,11.39,4.569906173403416,16.39,5.50973009349862,8.15,NA,NA,NA,NA,NA,NA
R119224,completed,hmp_active,56,Woman,White,Yes,no,above_median,college_graduate,NA,8,1,1,1,1,1,1,NA,NA,NA,0,1,0,NA,NA,NA,yes,1,0,0,0,0,0,0,1,NA,NA,NA,NA,NA,NA,NA,NA,11,5,57.1,3.8,10,5,59.4,4.9,NA,NA,NA,NA,NA,NA,NA,NA,NA,NA,NA,NA,NA,NA,NA,NA,NA,NA,NA,NA,NA,NA,NA,NA,NA,NA,NA,NA,NA,NA,2.5862586350019843,14.93,3.667773511404788,13.69,NA,NA,NA,NA,NA,NA,NA,NA,11,0,0,2,0,0
R973930,completed,hmp_full,53,Man,White,Yes,no,above_median,not_college_graduate,NA,5,0,0,0,0,0,0,0,0,0,0,0,0,0,0,0,no,0,0,0,0,0,0,0,0,0,0,0,1,0,1,0,0,6,6,63,5,6,3,61.9,5.1,NA,NA,NA,NA,NA,NA,NA,NA,4,1,62,6.5,5,1,63,5.1,2.4494999999999996,0.29500000000000004,2.1619499999999996,0.29,2.611743098128521,-3.0009542938333817,5.458814455377809,6.076775823402141,1.2800412135389174,3.0277115335990676,0.5476026791348119,5.02072709499227,4.739659139758529,5.647666845119055,1.4967484882775772,4.62,6.891782559052271,8.6,NA,NA,NA,NA,3.3925870282638897,12.77,0.94154253773059,0.6,5,7,30,0,0,0
R979689,completed,hmp_active,23,Woman,White,Yes,no,below_median,not_college_graduate,NA,13,0,0,0,0,1,1,0,0,0,0,0,1,0,0,1,dont_know,0,0,0,0,0,0,0,0,0,0,0,0,0,0,0,0,11,12,62,6.1,NA,NA,NA,NA,NA,NA,NA,NA,9,11,61.2,6.2,12,8,57.9,6.1,8,14,56.5,5.3,7.74255,3.28,9.8193,0.33,NA,NA,NA,NA,NA,NA,NA,NA,NA,NA,5.043376473312247,11.25,NA,NA,NA,NA,3.4543551876347167,8.18,4.074381646883415,9.27,3.335579490191189,10.64,7,0,0,0,0,0
R179656,completed,hmp_active,51,Woman,White,Yes,no,above_median,college_graduate,NA,8,1,0,1,0,1,1,0,1,1,0,1,0,0,1,1,no,0,0,1,0,0,0,0,0,0,0,0,1,0,0,1,0,11,6,56.5,6.2,5,3,48.9,6.6,6,2,54.3,6.8,10,2,56.5,6.8,9,4,48.9,7.3,6,3,48.9,7.7,0.69225,0.8300000000000001,0.5751000000000001,0.07,2.9353152712788853,-3.5895724808425435,-2.950052196258492,7.841223727679079,3.092580637423889,2.9799772124948722,-3.7003832953810525,-2.9265817064911337,7.66048237366499,3.130202306737491,1.2537698341947707,7.41,1.8409825568298968,6.86,2.9652789020033263,12.77,3.335701875797829,10.99,2.520833043315417,7.85,2.191993833835241,4.6,24,0,0,67,0,0
R265089,completed,hmp_full,29,Woman,White,Yes,no,below_median,college_graduate,NA,5,1,0,1,1,1,1,NA,NA,NA,0,0,0,0,0,0,no,0,0,0,0,0,0,0,0,NA,NA,NA,NA,NA,NA,NA,NA,5,8,55.8,7.1,4,4,50.1,8.2,4,4,47.4,8.3,4,3,40.6,8.4,3,2,47.4,8.67,NA,NA,NA,NA,NA,NA,NA,NA,NA,NA,NA,NA,NA,NA,NA,NA,NA,NA,3.4218782562675103,3.05,0.1972061881767209,2.68,2.1887080651746635,6.99,0.914228100177391,3.05,1.6528315810181438,1.11,NA,NA,14,35,0,0,0,0
R748032,completed,uc,27,Woman,more_than_one,No,no,above_median,college_graduate,NA,6,0,0,0,0,1,1,NA,NA,NA,0,0,0,NA,NA,NA,no,1,0,0,0,0,0,0,0,NA,NA,NA,NA,NA,NA,NA,NA,4,7,50.4,5.6,5,16,59.4,6.6,NA,NA,NA,NA,NA,NA,NA,NA,NA,NA,NA,NA,NA,NA,NA,NA,NA,NA,NA,NA,NA,NA,NA,NA,NA,NA,NA,NA,NA,NA,0.927082023157369,3.03,NA,NA,NA,NA,NA,NA,NA,NA,NA,NA,NA,NA,NA,NA,NA,NA
R146375,completed,hmp_active,53,Woman,White,Yes,no,below_median,not_college_graduate,NA,9,0,0,0,0,0,0,0,1,0,1,1,1,0,1,0,no,1,0,0,0,0,1,0,0,0,0,1,0,0,1,0,0,6,10,57.9,6.5,9,10,57.9,7.56,7,5,57.9,8.1,5,4,57.9,7.4,4,5,56.5,7.3,5,6,54.3,7,0.54315,1.075,0.56445,0.09,2.7222524873470295,-3.9315614617859094,1.701557479144864,6.607703337777746,5.376516969120775,2.710418712739204,0.08447609771133768,-2.5178519785281352,5.59257525904689,-0.3206274011919157,4.234646073680108,15.03,2.035719126347837,9.66,3.813979004917191,14.07,1.1889929401822237,11.29,3.082411715700845,12.64,0.4807936929864719,7.84,20,0,0,2,0,0
R354265,completed,hmp_full,34,Woman,White,Yes,no,above_median,not_college_graduate,NA,8,1,1,1,1,1,1,1,0,0,0,0,0,1,0,0,no,0,0,1,0,0,1,0,0,0,0,0,0,0,0,0,0,4,6,46.3,7.8,12,13,63,6.78,14,14,77.7,6.4,17,16,79.9,5.1,15,11,77.9,5.9,14,16,83.8,7.6,1.69335,3.625,0.5218499999999999,2.72,2.6937732399481784,-3.2516370577680003,1.5612608933598264,1.3017496978747416,2.659873182027936,2.8241242941932274,-3.615735293172709,3.471737791472213,1.2745132141359934,3.1146337550574703,4.585413879963601,7.08,2.280287956676464,10.88,3.3091440622229045,9.62,NA,NA,1.0855587161199545,8.12,1.3028566910947177,5.58,6,127,13,0,0,0
R762053,completed,hmp_active,29,Man,Black,No,NA,below_median,not_college_graduate,NA,20,1,0,1,1,1,1,0,0,0,0,0,0,0,0,0,no,0,0,0,0,0,0,0,0,0,0,0,0,0,0,0,0,20,20,69.8,6.7,9,8,64.8,6.8,11,14,65.4,7.3,9,13,70.4,7.1,0,4,59.4,8.7,7,14,61.5,7.9,0.77745,0.21,0.9585,0.19,3.18528335853163,2.0378066710063143,-2.03078584845133,6.249418384828644,5.024526994888422,2.3785662160744905,-1.9206096284519578,-1.3487722486734541,-1.3487722486734541,-1.3487722486734541,1.0180980955324554,7.32,2.1000387113481898,8.96,2.770459047566286,8.73,3.8222747353260673,13.7,2.570691043086545,10.07,2.9138462140822727,10.84,4,0,0,0,0,0
R522091,completed,hmp_active,20,Woman,White,Yes,no,below_median,not_college_graduate,NA,8,1,1,1,1,1,1,NA,NA,NA,0,0,0,NA,NA,NA,yes,0,0,0,0,0,0,0,0,NA,NA,NA,NA,NA,NA,NA,NA,9,4,57.9,5.7,10,12,55.8,5.8,11,11,63,5.6,NA,NA,NA,NA,NA,NA,NA,NA,NA,NA,NA,NA,NA,NA,NA,NA,NA,NA,NA,NA,NA,NA,NA,NA,NA,NA,1.7807990140341785,5.67,0.2926345396759791,6.69,NA,NA,NA,NA,NA,NA,NA,NA,21,0,0,0,0,0
R358303,completed,hmp_full,29,Woman,White,Yes,no,below_median,college_graduate,NA,9,1,0,1,1,1,1,1,1,0,1,1,0,NA,NA,NA,no,0,0,0,1,0,0,0,0,0,0,0,0,0,0,0,0,10,3,62,4.7,NA,NA,NA,NA,9,7,59.4,4.6,NA,NA,NA,NA,NA,NA,NA,NA,6,3,57.5,6.8,2.7903,0.55,1.4484000000000001,0.17,2.9218970013424506,-3.2649743724805065,-2.301939142827059,6.454428416975915,3.524060964553391,2.9369916912624503,-3.1677512837555737,-2.1074539734228415,6.682358412768131,-2.1074539734228415,4.891101789582362,8.29,NA,NA,5.600729015978596,8.61,NA,NA,NA,NA,0.9172728385225036,5.63,6,7,35,0,0,0
R847135,completed,hmp_active,63,Woman,White,Yes,no,below_median,college_graduate,NA,14,1,1,1,1,1,1,0,0,1,1,0,0,NA,NA,NA,no,1,0,NA,1,0,0,1,1,1,0,1,1,0,0,1,1,16,12,71.9,3.5,NA,NA,NA,NA,17,11,64.6,3.4,NA,NA,NA,NA,NA,NA,NA,NA,19,12,68.9,2.9,0.330528288,0.25289,0.594718152,0.41744999999999993,2.852629039739749,-3.332825186331886,-2.3137724499975105,4.775470705030004,5.53672073087363,2.40556422085101,-2.175504590040231,-1.8427680608264794,7.65357797922054,7.501840931954737,NA,NA,NA,NA,NA,NA,NA,NA,NA,NA,NA,NA,24,0,0,46,0,0
R265800,completed,hmp_active,34,Woman,White,Yes,no,above_median,college_graduate,NA,10,0,0,0,1,1,1,1,0,0,1,0,0,NA,NA,NA,yes,1,0,0,0,0,0,0,1,0,0,0,0,0,0,0,0,10,12,52,4.3,2,3,41.1,6.3,3,8,41.1,5.9,5,2,41.1,6,NA,NA,NA,NA,0,0,41.1,7.5,0.92655,0.46,0.77745,0.31,2.9830522083053586,-2.8964131130271147,-2.1161714758754075,6.78287695800986,3.0254920806272523,3.229685319577479,-3.3151891295152143,-2.3400812609227226,6.704558655275742,4.793214693973345,3.743131650425661,7.32,0.2379043653490854,3.61,0.3709669456866517,10.97,0.7111237394867519,10.84,NA,NA,0.3476524090563627,5.41,6,0,0,11,0,0
R583438,completed,hmp_full,52,Woman,White,Yes,no,above_median,college_graduate,NA,10,1,0,1,0,1,1,0,0,0,0,0,0,0,0,0,yes,0,0,0,1,1,0,0,0,0,0,0,0,0,0,0,0,10,4,54.3,4.5,9,5,59.5,5.3,11,3,50.1,4.4,11,5,63,4.9,11,5,54.3,4.9,10,5,51.9,5,7.508249999999999,2.18,16.9122,0.7,2.5703984793391785,2.7720728833982915,-1.3114661411452488,6.349119320558008,-1.3114661411452488,2.6940261660558003,4.928818996314659,-1.543678653206753,-1.543678653206753,-1.543678653206753,3.7177355456647416,3.31,2.4611262450730522,12.05,3.526655726798864,14.29,4.690854742024798,7.35,7.047954046154489,8.38,1.6183641135229916,5.62,13,5,25,2,0,5
R825214,completed,uc,41,Woman,White,Yes,no,below_median,not_college_graduate,NA,11,1,1,1,1,1,1,0,0,0,0,1,0,0,1,0,no,0,1,1,0,0,0,0,1,1,0,1,0,0,1,1,0,20,16,77.5,4.86,17,12,69.2,6.2,15,13,68.6,5.7,19,18,63.6,5.1,16,18,74.5,5.4,15,16,68.9,5.4,2.22585,0.47,2.7264,0.495,3.382969177354865,-1.4306293296095465,-2.836797471396068,-2.836797471396068,5.273028804622408,3.3409804694676177,-3.414444744244154,-2.4923867082158138,-2.4923867082158138,5.124881105412533,2.767955316746576,8.29,3.1168371270564483,5.96,3.1514563289337287,10.24,2.403161116486767,6.64,2.135287024915055,8.08,3.631202863934122,7.21,NA,NA,NA,NA,NA,NA
R919850,completed,hmp_full,30,Woman,more_than_one,No,no,below_median,not_college_graduate,NA,7,1,1,1,1,1,1,NA,NA,NA,1,0,1,1,1,0,no,0,0,0,0,0,0,0,0,NA,NA,NA,NA,NA,NA,NA,NA,19,18,58.5,3.5,NA,NA,NA,NA,NA,NA,NA,NA,NA,NA,NA,NA,8,11,46.3,6.4,NA,NA,NA,NA,NA,NA,NA,NA,NA,NA,NA,NA,NA,NA,NA,NA,NA,NA,4.925991923025286,12.14,NA,NA,NA,NA,NA,NA,1.2103854047282592,3,NA,NA,5,20,18,2,5,5
R565423,completed,hmp_active,43,Woman,White,Yes,no,below_median,not_college_graduate,NA,8,1,0,1,0,1,1,0,0,0,0,0,0,0,0,0,no,0,0,0,0,0,0,0,0,0,0,0,0,0,1,0,0,18,12,43.3,3.7,10,1,71.5,5.2,3,1,64.1,7.2,7,3,70.6,5.9,10,1,68.4,4.1,7,6,70.1,4.6,0.1491,0.2,0.1704,0.32,3.0054558072097795,0.888221932471509,-2.4039601659299383,-2.4039601659299383,4.007858101779958,2.9580451318733436,3.5416968676811176,-2.171307361761644,-0.5618694493275436,5.08074659009117,3.490824622746327,8.89,1.981485104062639,7.32,0.225569489780209,10.69,0.8969469675594692,8.33,3.440710092430826,15.73,4.346719482744052,17.39,5,0,0,0,0,0
R694070,completed,hmp_full,53,Man,Black,No,no,below_median,not_college_graduate,NA,6,1,0,1,0,1,1,1,1,0,0,1,0,0,1,0,no,0,0,0,0,0,1,0,0,0,0,0,0,0,0,0,0,10,10,65.3,5,5,9,70.4,4.9,6,4,65.3,5.9,NA,NA,NA,NA,7,7,55.7,5.5,3,3,65.3,7.3,0.5737691759999999,NA,2.4277535519999995,NA,3.1796335120446297,-3.540411206996983,-3.23355284149361,7.425892358013138,4.387642321316235,3.2548242709028066,4.301555859638845,-3.4299148652903315,6.838319962075401,5.158482085132238,NA,NA,1.3117990054748492,18.99,0.9768181091931082,5.23,NA,NA,NA,NA,0.5859851430885654,7.58,6,0,560,0,0,0
R108375,completed,uc,37,Woman,White,Yes,no,below_median,college_graduate,NA,8,1,0,1,0,1,1,0,0,0,1,0,0,0,0,0,yes,1,0,0,0,0,0,0,0,1,0,0,0,0,0,0,0,8,6,46.3,6.9,6,7,61.2,7,2,6,51.6,6.9,10,9,49.5,6.2,10,11,46.3,6,7,6,49.6,7.6,2.11935,0.24,1.6827,0.26,2.8405009334820845,-3.4312229128988645,-2.460250773259311,8.254278100431875,2.530181813519425,3.0678812290644895,1.0101975437603499,-3.1750688436131003,7.84324877561397,3.365961155576803,3.875169259227917,6.45,4.144627041381114,4.88,6.236375439634263,11.19,7.120229616041543,13.75,5.041315067617017,5.43,3.3425085247775543,10.34,NA,NA,NA,NA,NA,NA
R619482,completed,hmp_full,53,Woman,White,Yes,no,above_median,college_graduate,NA,8,1,0,1,1,1,1,0,1,0,0,1,0,0,1,0,no,1,0,0,0,0,0,0,0,0,0,0,0,0,0,0,0,7,7,47.9,5.7,6,9,44.2,4.9,3,5,46.3,5.3,5,5,42.7,5.4,4,5,50.4,5.5,6,1,54.3,6.3,0.05325,0.28,1.05435,0.46,2.466752437127613,-1.8452741851085532,-1.8481153044502663,4.825182663317388,2.9801984328520352,2.6641526008081278,-2.552402298971287,-1.995855398153806,4.60673249403553,3.800202352611566,1.5004554603806135,10.68,0.7164597607382156,7.98,1.1511411613768774,7.98,1.0376710392268735,10.26,3.3705034917042376,7.19,3.3384253442989364,7.19,13,50,0,4,20,0
R959306,completed,hmp_full,19,Woman,White,No,yes,below_median,not_college_graduate,NA,9,1,1,1,1,1,1,0,1,0,0,1,0,0,1,0,yes,0,0,0,0,0,0,0,0,0,0,0,0,0,0,0,0,10,6,59.4,6.2,4,4.67,54.3,7.9,5,3,54.3,7.8,4,3,54.3,8.43,3,3,55.8,8.2,3,0,41.1,8.1,0.0426,0.24,0.15974999999999998,0.17,2.721437382111698,-2.7316757990586815,2.449877041603539,8.135292639389665,6.822520713176358,2.4751942282855963,-2.909337162909361,-1.741168568548213,7.4213461739453646,-1.741168568548213,0.4042420885635781,8.07,0.7845597708289255,5.39,0.4428325212784518,5.42,2.7840222464393225,4.65,5.841487863411497,13.37,2.115874433437341,5.58,18,20,20,0,0,0
R358505,completed,hmp_active,30,Woman,White,Yes,no,below_median,not_college_graduate,NA,9,1,0,1,1,1,1,1,1,1,1,1,1,1,1,1,yes,0,0,0,0,0,0,0,0,0,0,0,0,0,0,1,0,7,7,57.9,7.3,8,9,44.2,6.6,10,10,45.1,6.2,6,10,45.2,6.6,6,7,54.3,6.9,6,11,43.2,7.6,1.5122999999999998,1.78,7.252649999999999,1.72,2.989627656140285,-2.6673466079224184,-2.1785714834660923,6.629648181652316,7.263436010765178,3.018505765249086,-2.796850894598598,-2.2252071496964896,7.604364719889471,6.319795742359014,1.4461306679136532,8.26,0.2524703438027346,8.78,0.5500376648507637,5.49,3.051374175905058,8.05,0.727174115547141,11.64,2.390329442843246,9.95,12,0,0,4,0,0
R356380,completed,hmp_active,42,Woman,White,Yes,no,below_median,not_college_graduate,NA,10,1,0,1,1,1,1,0,0,0,0,0,0,0,0,0,yes,0,0,0,0,0,0,0,0,0,0,0,0,0,0,0,0,7,6,55.8,5.5,NA,NA,NA,NA,NA,NA,NA,NA,NA,NA,NA,NA,6,4,54.3,7,5,6,52,6.6,NA,NA,NA,NA,NA,NA,NA,NA,NA,NA,NA,NA,NA,NA,1.4051400847624735,8.16,NA,NA,NA,NA,NA,NA,1.4015492753749148,8.77,1.8309614589187724,12.12,5,0,0,4,0,0
R515251,completed,hmp_full,48,Woman,Black,No,yes,above_median,college_graduate,NA,5,1,1,1,1,1,1,NA,NA,NA,0,0,1,0,1,1,no,1,0,0,1,0,NA,1,0,NA,NA,NA,NA,NA,NA,NA,NA,8,7,62,5.2,10,7,62,3.9,7,8,59.5,3.44,7,7,55.8,5.8,6,2,55.8,7,NA,NA,NA,NA,NA,NA,NA,NA,NA,NA,NA,NA,NA,NA,NA,NA,NA,NA,NA,NA,3.5173254140105303,7.55,2.6222651195447733,4.67,NA,NA,3.1488987950926512,10.38,NA,NA,8,42,13,0,0,0
R209349,completed,hmp_full,32,Woman,White,No,yes,below_median,college_graduate,NA,13,1,1,1,1,1,1,0,0,0,NA,0,0,0,0,0,no,0,0,0,1,0,0,0,0,1,0,0,0,0,0,0,0,18,14,65.3,6.7,13,11,62,4.7,11,14,62,6.3,9,7,56.5,6.9,9,10,60.2,7,14,11,58.4,7.2,4.0896,0.905,6.666899999999999,0.83,3.028273747000549,7.5506716647236125,-3.110059272832809,6.998367126362684,6.674137858511996,3.347044679789241,5.478280411078874,-3.432565636445212,5.567670797724565,3.7936433736554602,1.8962194656581064,10.53,NA,NA,3.11357709238221,13.56,0.9772009989123972,12.95,0.8594504121653854,8.38,1.932700447098344,6.29,11,0,35,0,0,0
R223218,completed,hmp_active,38,Woman,White,NA,NA,below_median,not_college_graduate,NA,11,0,1,1,1,1,1,1,1,1,1,1,1,NA,NA,NA,no,0,0,0,0,0,1,0,0,NA,NA,NA,NA,NA,NA,NA,NA,16,15,57.1,3.4,20,18,55.8,2.2,12,15,54.3,4.1,NA,NA,NA,NA,NA,NA,NA,NA,19,15,54.3,3.5,NA,NA,NA,NA,NA,NA,NA,NA,NA,NA,NA,NA,NA,NA,NA,NA,NA,NA,NA,NA,NA,NA,NA,NA,NA,NA,0,0,0,0,0,0
R256077,completed,uc,52,Woman,White,Yes,no,below_median,college_graduate,NA,8,1,0,1,0,1,1,0,0,0,0,0,0,0,0,0,no,0,0,1,1,0,1,0,0,0,0,0,1,0,1,0,0,7,6,55.8,6.5,5,6,55.8,5.4,10,10,54.3,6.2,7,4,54.3,6.5,7,5,54.3,6.1,7,8,55.8,6.1,0.5112,1.14,0.6603,NA,2.5490988210707197,3.8237865812862593,1.9800396271356293,-2.027293558096842,-2.027293558096842,2.4575266743615987,4.773082844037965,-1.6633511250098834,-1.6633511250098834,-1.6633511250098834,2.808067324048188,9.66,0.6261795978802572,5.93,0.2268254903108008,6.01,3.252089368716152,6.9,1.136516658820143,10.32,5.000279614385583,7.65,NA,NA,NA,NA,NA,NA
R785796,completed,hmp_active,18,Man,White,Yes,no,above_median,not_college_graduate,NA,25,1,1,1,1,1,1,1,1,1,1,1,0,1,0,1,yes,1,0,0,1,0,1,1,1,1,1,0,0,0,1,0,0,18,12,63.4,4.2,16,7,64.7,3.9,16,11,64.7,3.4,17,7,61.2,3.6,18,8,59.4,4.8,11,6,55.5,5.4,0.5964,0.28,3.0885,0.36,3.1068474689587395,-3.2035339785997956,-2.643591095978549,6.222144056146233,2.2908828371521426,2.932119376636372,0.656891535447087,-2.5089696713544996,6.848151431829878,4.206413714980181,NA,NA,3.7701662136797314,9.72,3.033119361968748,9.17,1.525508378362893,11.38,NA,NA,3.776939298875887,5.81,10,0,0,2,0,0
R185383,completed,hmp_active,64,Woman,White,Yes,no,above_median,college_graduate,NA,6,0,0,0,0,0,0,0,1,0,0,1,0,0,1,0,yes,0,0,0,0,0,0,0,0,0,0,0,0,0,0,0,0,4,1,57.9,7.9,3,3,55.8,7.67,3,2,52.7,8.1,2,1,52.7,8.1,3,2,50.4,8,5,7,54.3,6.2,3.9831,1.35,13.536150000000001,1.76,2.5163424820238056,7.077277290398548,-1.7292285817545885,5.890004834472218,4.408498472331646,2.659792867513997,5.86828897901,-1.950293041003441,2.6648274758378188,3.52617051092807,2.637376512385252,11.86,1.4054005951699906,6.88,0.7542835444788955,8.45,1.6503555985562028,6.25,NA,NA,NA,NA,25,0,0,59,0,0
R431815,completed,hmp_active,27,NA,White,No,yes,below_median,college_graduate,NA,15,1,1,1,1,1,1,NA,NA,NA,0,1,0,NA,NA,NA,no,1,0,0,0,0,1,0,0,NA,NA,NA,NA,NA,NA,NA,NA,13,17,67.3,6.6,NA,NA,NA,NA,NA,NA,NA,NA,NA,NA,NA,NA,NA,NA,NA,NA,NA,NA,NA,NA,NA,NA,NA,NA,NA,NA,NA,NA,NA,NA,NA,NA,NA,NA,NA,NA,NA,NA,NA,NA,NA,NA,NA,NA,NA,NA,2,0,0,0,0,0
R833706,completed,uc,26,Man,White,Yes,no,below_median,college_graduate,NA,7,0,0,0,0,0,0,0,0,0,0,0,0,0,0,0,no,0,0,0,0,0,0,0,0,0,0,0,0,0,0,0,0,13,13,47.9,7.1,9,3,55.8,7.7,5,6,46.3,7.8,8,9,46.3,8.1,9,6,46.3,8.1,6,7,46.3,7.9,0.24495,0.08,0.22365,0.13,2.740327600261398,-2.902637783624435,-1.9715468620233443,7.411990228414235,-1.9715468620233443,3.0723040009160063,3.0895584993934673,-2.5198649184065713,6.898708392148067,4.082722973782765,0.2826212578590618,5.47,0.1676349288379936,5.62,4.864668995118453,7.05,1.923056875503698,2.24,0.5670672065400154,6.96,0.2321752134197173,6.43,NA,NA,NA,NA,NA,NA
R985818,completed,hmp_full,34,Woman,Asian,No,no,below_median,college_graduate,NA,14,1,1,1,1,1,1,NA,NA,NA,0,1,0,NA,NA,NA,no,0,0,0,0,0,0,1,0,NA,NA,NA,NA,NA,NA,NA,NA,16,7,55.8,4.9,NA,NA,NA,NA,15,8,55.8,4.5,9,7,56.5,4.5,NA,NA,NA,NA,NA,NA,NA,NA,NA,NA,NA,NA,NA,NA,NA,NA,NA,NA,NA,NA,NA,NA,2.900459983775905,4.41,NA,NA,1.9680839595755224,9.44,4.609012673684544,8.24,NA,NA,NA,NA,8,20,8,2,5,0
R917214,completed,hmp_full,24,Woman,White,Yes,no,below_median,college_graduate,NA,9,1,0,1,0,1,1,0,1,1,1,1,0,1,1,0,yes,0,0,0,0,0,0,0,0,0,0,0,0,0,0,0,0,5,11,57.9,8.3,4,5,46.3,7.8,3,5,47.4,8.5,2,6,46.3,8.2,3,2,46.3,8.7,3,4,47.4,8.8,3.67425,1.49,20.623725,0.555,2.720550921514422,-2.4822177500088536,6.24906915922767,6.729041090803076,4.136409517231726,2.645346243968408,-2.52251080758593,6.218714745434822,6.334444489576454,2.226601696175406,3.364980405559897,10.95,1.8067355844946371,7.98,1.4359947258183885,12.5,0.4449502660435973,7.37,5.906725641795086,9.47,1.160132306155411,10.48,9,7,100,0,0,0
R165866,completed,hmp_active,39,Man,White,Yes,no,above_median,college_graduate,NA,6,0,0,0,0,1,1,NA,NA,NA,0,1,1,NA,NA,NA,no,0,0,0,0,0,0,0,0,0,0,0,0,0,NA,0,0,6,8.17,54.3,7.8,2,4,44.2,7.6,1,0,44.2,7.8,NA,NA,NA,NA,NA,NA,NA,NA,NA,NA,NA,NA,1.7678999999999998,0.25,3.16305,0.39,3.1549063730923113,-2.9709129667354572,4.81119395751868,5.312177890283614,2.168303737047714,2.643484899289032,-3.4496330687850967,5.037640535746991,4.385770095792953,1.9324516693131706,5.505193011727391,11.83,NA,NA,NA,NA,NA,NA,NA,NA,NA,NA,8,0,0,5,0,0
R338816,completed,hmp_active,27,Woman,White,Yes,no,below_median,not_college_graduate,NA,17,1,1,1,1,1,1,NA,NA,NA,0,1,1,NA,NA,NA,no,0,1,0,1,0,1,0,0,NA,NA,NA,NA,NA,NA,NA,NA,13,13,58,5.3,11,14,63,6.6,15,15,77.2,6,NA,NA,NA,NA,NA,NA,NA,NA,NA,NA,NA,NA,NA,NA,NA,NA,NA,NA,NA,NA,NA,NA,NA,NA,NA,NA,2.7737896423786803,12.12,4.6134674160302,4.21,NA,NA,NA,NA,NA,NA,NA,NA,12,0,0,6,0,0
R312260,completed,hmp_active,40,Woman,Black,No,no,below_median,not_college_graduate,NA,8,1,0,1,0,1,1,0,0,NA,0,0,0,0,0,0,no,0,0,1,0,0,0,0,0,0,0,0,0,0,0,0,0,8,2,63.4,6.7,3,2,59.4,6,2,0,54.3,6.5,2,0,50.2,6.9,2,0,54.3,6.8,2,1,50.4,7,3.7594499999999997,1.02,3.1098,1.19,3.1330055273321245,-3.567893130947099,-2.287881543087124,6.288523507960959,5.517185501171365,3.0798278354001463,0.8155280498950663,-2.3214830714799235,6.388147010471362,6.073090406388403,0.5403205611031073,10.39,2.7819170932949366,7.48,0.4654161562608583,9.92,1.348066818381413,6.52,0.2471203731891445,12.94,0.4602401985241718,8.47,16,0,0,3,0,0
R624890,completed,hmp_active,20,Man,White,Yes,no,below_median,not_college_graduate,NA,22,1,1,1,1,1,1,0,0,1,0,1,0,0,1,0,yes,0,0,1,0,0,1,0,0,1,0,1,1,0,1,0,0,11,10,63,8.3,14,14,65.9,8.8,8,12,54.3,6.56,7,6,54.3,8.8,8,7,68.4,8.4,11,7,62,7.5,NA,NA,NA,NA,NA,NA,NA,NA,NA,NA,NA,NA,NA,NA,1.9587156279984816,11.82,1.3685614467452665,8.96,NA,NA,3.965300734033165,10.76,NA,NA,2.750281474921689,12.24,23,0,0,4,0,0
R246282,completed,hmp_active,25,Man,more_than_one,No,no,below_median,not_college_graduate,NA,17,0,0,0,0,0,0,0,0,0,0,0,0,0,0,0,no,0,0,0,0,0,0,0,0,0,0,0,0,0,1,0,0,12,11,55.8,6,11,17,55.8,6.4,11,13,61.9,3.3,4,6,55.8,7.6,7,7,53.2,6.2,7,10,59.9,4.9,NA,NA,NA,NA,NA,NA,NA,NA,NA,NA,NA,NA,NA,NA,2.630203886700177,6.85,1.4672007036455252,2.97,NA,NA,NA,NA,0.2031587125660754,0.75,0.2797437277243181,5.77,5,0,0,0,0,0
R275307,completed,hmp_full,38,Woman,Black,No,no,below_median,college_graduate,NA,7,0,1,1,1,0,1,0,0,0,0,0,0,0,0,0,no,0,0,0,0,0,1,0,0,0,0,1,0,0,0,0,0,7,6,64.1,6,7,6,61.3,4.2,13,9,64.1,4,7,5,59.6,3.7,10,7,64.1,3.6,8,7,64.1,5,1.704,0.38,1.2460499999999999,NA,2.5734245959649362,-2.56738256133698,-1.7073474020008432,8.91959827758982,-1.7073474020008432,2.5918047916946834,2.735829955838218,-1.4142414178444507,8.232739679708345,2.0822661436220296,5.351940519932358,12.09,3.172582105588683,15.79,2.2615101831645217,10.08,1.2451709154787418,6.8,5.043060446094542,6.54,6.344422445293846,11.63,14,0,48,17,60,130
R462125,completed,hmp_full,28,Woman,White,Yes,no,below_median,college_graduate,NA,12,1,0,1,1,1,1,NA,NA,NA,1,0,0,0,0,0,yes,0,0,0,0,0,0,0,0,NA,NA,NA,NA,NA,NA,NA,NA,11,6,66.6,5.8,NA,NA,NA,NA,12,3,56.5,7.8,NA,NA,NA,NA,11,6,68.1,6.9,NA,NA,NA,NA,NA,NA,NA,NA,NA,NA,NA,NA,NA,NA,NA,NA,NA,NA,0.3770897496492909,9.03,NA,NA,0.5205132466278672,8.18,NA,NA,4.8195223792307855,13.55,NA,NA,12,0,45,5,0,20
R817452,completed,hmp_full,27,NA,White,Yes,no,below_median,college_graduate,NA,7,0,0,0,0,0,0,0,0,0,0,0,1,0,0,0,no,0,0,0,0,0,0,0,0,0,0,0,1,0,0,0,1,6,12,58,5.3,6,8,50.4,6.8,4,9,47.7,5,4,8,50.2,5.6,5,7,51.6,5.6,10,14,52.5,5.7,0.9052499999999999,0.43,1.1502000000000001,0.32,2.322430959930783,-3.5488343991947318,-1.7978922589061068,7.272151027531353,-1.7978922589061068,2.532289963774929,-2.9337256600027084,-1.7615880543715114,5.438090291319661,4.003603048413333,4.335912443486594,7.74,3.4418455940050725,8.2,0.2202928336621554,7.59,0.2527123041076954,6.2,2.5982221016337457,6.27,2.4795630266956548,9.71,18,20,10,0,0,0
R612768,completed,hmp_active,27,Woman,White,Yes,no,below_median,college_graduate,NA,8,0,0,0,1,1,1,NA,NA,NA,0,1,0,0,1,0,yes,0,0,0,0,0,0,0,0,NA,NA,NA,NA,NA,NA,NA,NA,7,2,54.3,5.3,8,1,48.7,5.7,2,1,45.2,6.7,4,0,44.4,6.4,2,0,56.5,6.7,NA,NA,NA,NA,NA,NA,NA,NA,NA,NA,NA,NA,NA,NA,NA,NA,NA,NA,3.773555681276988,8,3.8960511836404574,5.56,3.3733840619044457,10.24,0.3239126065322527,9.2,3.1199151097318767,8.4,NA,NA,10,0,0,1,0,0
R617972,completed,uc,22,Woman,White,Yes,no,above_median,college_graduate,NA,6,1,0,1,1,1,1,1,1,1,1,0,1,1,1,1,no,0,0,1,0,0,0,0,0,0,0,1,0,1,0,0,0,8,8,50.2,7.5,7,11,48.7,7.2,9,10,50.4,7.5,6,11,52,8,7,10,50.4,7.9,8,8,50.4,7.5,0.1278,0.35,0.13845,0.36,3.0867679126080008,0.4430522384832378,0.7969605215131548,5.6608777627089975,2.5505871210457656,3.0878073401621826,-3.6833056476419146,-2.856745745367995,5.119506198377628,3.3796238448357094,0.3698560820670127,7.78,4.158668397752925,10.67,3.122208746128962,8.74,5.23906145651628,11.54,8.951280280333853,8.89,8.527168457636208,12.38,NA,NA,NA,NA,NA,NA
R756838,completed,hmp_full,29,Woman,White,Yes,no,below_median,not_college_graduate,NA,14,1,1,1,1,1,1,1,1,1,1,1,1,1,1,1,no,0,0,0,0,0,1,0,0,NA,NA,NA,NA,NA,NA,NA,NA,10,18,52.7,6.2,10,12,45.5,6.3,8,9,52.7,6.7,NA,NA,NA,NA,4,5,42.2,7.2,3,5,47.9,8,NA,NA,NA,NA,NA,NA,NA,NA,NA,NA,NA,NA,NA,NA,0.5408624761250972,0,2.0278143327728104,13.1,1.31481609896581,6.84,NA,NA,NA,NA,3.453209631720012,7.61,11,22,13,4,25,10
R398619,completed,uc,54,Man,Black,No,no,below_median,college_graduate,NA,8,1,1,1,1,1,1,NA,NA,NA,0,0,0,0,0,0,yes,0,0,NA,0,0,0,0,0,NA,NA,NA,NA,NA,NA,NA,NA,6,2,55.8,5.6,6,1,42.7,5.5,5,2,46.3,5.2,5,0,52,5.2,4,0,44.2,5.11,NA,NA,NA,NA,NA,NA,NA,NA,NA,NA,NA,NA,NA,NA,NA,NA,NA,NA,2.504752148392558,7.69,2.8470134383083283,7.94,1.1215596600266866,4.52,1.647413563183384,5,2.206087782716075,7.18,NA,NA,NA,NA,NA,NA,NA,NA
R467842,completed,hmp_full,19,Woman,more_than_one,No,no,below_median,not_college_graduate,NA,5,0,0,0,0,0,0,0,0,0,0,0,0,0,0,0,no,0,0,0,0,0,0,0,0,0,0,0,1,0,0,0,0,2,3,44.2,6.7,1,0,35.8,6.5,NA,NA,NA,NA,NA,NA,NA,NA,0,1,41.1,7.9,2,1,42.7,6.9,0.8094,0.15,0.24495,0.21,2.866098536705107,0.3627794680591545,-2.3836080669963167,6.949215389194414,5.611698553294505,2.5888077282084763,0.8078972907049664,-2.494035065295274,5.9184640550062975,3.343695381870666,5.496183143589975,10.42,0.5896664205912028,6.33,NA,NA,NA,NA,0.1648136869004036,4.12,7.6927501426932,9.35,10,15,16,3,10,0
R314170,completed,hmp_full,37,Man,White,Yes,no,above_median,college_graduate,NA,5,1,0,1,1,1,1,0,0,0,0,0,0,1,0,0,no,0,0,0,1,0,1,0,0,0,0,0,0,0,1,0,0,5,7,59.6,5.6,NA,NA,NA,NA,4,5.83,54.3,7,5,5,54.3,5.8,6,6,55.8,6.25,5,4,55.8,5.8,NA,NA,NA,NA,NA,NA,NA,NA,NA,NA,NA,NA,NA,NA,4.297815880695856,9.83,NA,NA,4.952746940949555,9.86,2.705091494170567,10.98,5.060817492035718,11.43,5.756389974849288,8.82,0,0,0,0,0,0
R563560,completed,hmp_active,52,Man,White,Yes,no,below_median,not_college_graduate,NA,20,0,1,1,1,0,1,0,0,0,1,1,0,0,0,0,no,0,0,0,0,0,1,0,0,0,0,1,1,0,1,0,0,8,2,55.8,3.56,3,2,54.3,5.1,1,0,54.3,5.9,2,1,54.3,5.2,1,0,57.1,5.3,4,2,60.7,5.6,8.838140207999999,NA,4.359714672,NA,2.9263034189432675,6.530965961275427,-2.927159951440169,6.799888707460161,4.334767141262582,2.8018106956408073,7.913471443639663,-2.8446480107211296,6.958079538663849,4.081929022501596,0.7014625889264927,4.17,1.237655024269393,9.68,1.5556141821699188,3.45,1.9638917293100844,6.94,NA,NA,0.9541776147935545,7.25,2,0,0,0,0,0
R238042,completed,hmp_full,54,Woman,White,Yes,no,below_median,college_graduate,NA,5,0,1,1,1,0,1,0,0,0,0,0,0,0,0,0,yes,0,0,0,0,NA,0,NA,0,0,0,0,0,0,0,0,0,10,7,60.5,5.5,10,1,68,5.5,7,4,71.6,5.7,8,8,69.4,5.5,6,2,69.4,6.33,6,2,66.4,5.1,NA,NA,NA,NA,NA,NA,NA,NA,NA,NA,NA,NA,NA,NA,4.020850630283036,8.27,3.338277766324449,10.61,2.5916705491533008,8.07,3.546395809928424,11.34,3.626984598890538,12,4.4382300070455125,12.04,11,15,36,0,0,0
R834906,completed,hmp_full,54,Woman,White,Yes,no,below_median,college_graduate,NA,6,1,0,1,0,1,1,0,1,0,1,1,0,0,1,0,no,0,0,0,0,0,0,0,0,1,0,0,0,0,0,0,0,10,7,55.8,5.8,7,9,52.7,5,5,9,44.3,7.11,6,9,46.3,7.2,2,3,41.1,7.1,1,1,35.6,8.1,0.8094,0.44,1.2779999999999998,0.24,3.0565225561476104,0.8108971867498429,4.045895199526251,6.941159461065929,7.738831976868319,3.220863804381513,2.812343085145818,3.9664377191989244,6.236853064523626,5.960075467661045,3.088796779911984,12.02,0.6858555779520628,6.81,3.991154010466232,9.2,1.0042539828539034,11.57,1.2577391703409035,10.69,1.1371471078313673,14.12,14,15,28,12,0,65
R162139,completed,uc,24,Man,Asian,No,no,above_median,college_graduate,NA,13,0,1,1,1,0,1,0,0,0,0,0,0,0,0,0,yes,0,0,0,0,0,0,0,0,0,0,0,0,0,0,0,0,8,15,51.8,5.8,7,7,57.9,6.7,6,7,54.3,6.4,7,11,62,6.7,7,7,63,6.8,4,7,51.9,7.5,10.4583,1.45,1.0863,0.56,2.152230487311362,2.2069626006566123,5.383816487833187,4.335214619739738,3.546757259375468,2.166410292428557,1.3464543320346816,5.112825060203602,4.808727932344777,2.3133133049583616,1.3652079709572629,4.71,2.096349610391444,11.29,0.4114275650389272,4.95,4.197634241103908,10.19,4.303181768219382,11.11,1.56463168943776,8.11,NA,NA,NA,NA,NA,NA
R337346,completed,uc,22,Woman,White,Yes,no,above_median,not_college_graduate,NA,12,1,1,1,1,1,1,0,0,0,0,0,1,0,0,0,yes,0,0,0,1,0,0,0,0,0,0,1,0,1,1,0,0,12,5,73.8,5.7,9,11,64.1,6.4,10,4,63,6.8,9,7,67.3,6.5,8,7,69.3,7.4,6,7,63,8,3.6422999999999996,0.61,2.50275,0.52,2.308120758603284,2.5618322776451308,-2.5005715926840106,-2.5005715926840106,4.996635630519307,2.6149975006964845,5.047890454785154,-2.7152382119710703,-2.7152382119710703,5.386136459257512,2.9974858371464075,6.29,3.617432452420779,13.07,1.744323308390219,10.9,7.859490178948768,14.22,1.5664536923879817,4.32,2.64106359473688,3.85,NA,NA,NA,NA,NA,NA
R315180,completed,hmp_full,36,Man,Black,No,no,below_median,not_college_graduate,NA,16,1,1,1,0,1,1,0,0,0,0,0,0,1,0,0,yes,0,0,1,0,1,0,0,0,1,0,1,0,0,0,0,0,8,5,57.9,7.22,NA,NA,NA,NA,NA,NA,NA,NA,NA,NA,NA,NA,14,6,64.6,6.2,9,6,64.1,5,1.07072544,0.43317999999999995,0.22112808,0.12825999999999999,3.299242272211021,-3.2537476341123788,4.6439657630692865,6.167288757560795,3.775519078189106,3.2035416096036893,-3.168899692520768,5.180386617852572,6.700147562362943,2.423027661063836,4.670814179102063,4.43,NA,NA,NA,NA,NA,NA,0.4564789229334474,8.15,3.353179783425235,11.76,4,7,34,1,0,10
R398913,completed,hmp_active,43,Woman,White,Yes,no,above_median,college_graduate,NA,9,0,0,0,1,1,1,0,0,0,0,0,0,0,0,0,no,0,0,0,0,0,0,0,0,0,0,0,0,0,0,0,0,10,9,54.3,4.9,3,1,44.2,6.7,2,0,41.1,7.3,0,0,41.1,7.9,2,0,41.1,7.3,0,0,41.1,9,0.8946,0.77,1.7678999999999998,0.17500000000000002,2.472018266926446,2.8126877416947096,-1.6845890645589272,3.421356409341653,3.2057600636628263,1.7769251746306294,3.327263439640274,-1.0512561705060444,-1.0512561705060444,-1.0512561705060444,0.8857200380809735,2.75,NA,NA,NA,NA,NA,NA,NA,NA,NA,NA,4,0,0,0,0,0
R801643,completed,hmp_active,37,Man,Black,No,NA,below_median,not_college_graduate,NA,7,1,1,1,1,1,1,1,0,0,0,0,0,0,0,0,no,0,0,0,0,0,0,0,0,0,0,0,0,0,0,0,0,7,5,61.2,5.1,5,7,61.2,7.2,5,7,54.9,5,4,7,55.8,6.7,6,8,61.2,6.2,2,3,78,7.4,0.36210000000000003,0.22,0.5218499999999999,0.25,2.6265275332329274,-2.7452436238024127,2.5350800014670503,3.662265662579216,-1.6990265031302094,2.712310564196806,-2.970786480121659,5.226816974676963,5.80677862360562,1.6482962615496468,1.7665680277786937,7.58,0.15670178842323,5.56,NA,NA,0.1902099420200899,3.97,NA,NA,0.2919637651895236,6.45,15,0,0,1,0,0
R877323,completed,hmp_active,42,Woman,White,Yes,no,below_median,not_college_graduate,NA,7,0,0,0,0,1,1,0,0,0,0,0,0,NA,NA,NA,no,0,0,0,0,1,1,0,0,0,0,0,0,0,0,0,0,8,9,59.6,4,5,2,51.8,3.6,3,1,51.3,3.5,2,2,50.2,4.5,NA,NA,NA,NA,5,5,50.2,5.3,0.089615064,NA,0.15828115199999998,0.43922999999999995,2.705352653638253,-2.839375457422363,-2.4442760062270206,7.4514313589901455,4.266247103225408,2.940608948539578,-2.902616429127568,-2.4778746485138314,7.4561906044864354,3.1018551774723906,2.941455667014717,8.72,1.1969302206125476,9.7,1.7045036759968235,8.25,2.6150764141899945,6.06,NA,NA,4.493839222979852,5.52,9,0,0,4,0,0
R717168,completed,hmp_active,32,Woman,White,Yes,no,below_median,not_college_graduate,NA,12,1,0,1,1,1,1,NA,NA,NA,0,0,0,0,0,0,no,0,0,0,0,0,0,0,0,NA,NA,NA,NA,NA,NA,NA,NA,9,2,26.3,4.9,9,6,26.3,3.7,7,3,26.3,4.2,7,4,26.3,4.3,8,5,26.3,4.8,13,4,30.8,3.5,NA,NA,NA,NA,NA,NA,NA,NA,NA,NA,NA,NA,NA,NA,5.405345859404085,10.81,NA,NA,NA,NA,1.7033167136877063,10.83,4.620316199802654,8.22,NA,NA,9,0,0,0,0,0
R756720,completed,hmp_active,25,NA,White,Yes,no,below_median,not_college_graduate,NA,18,1,1,1,1,1,1,NA,NA,NA,1,1,0,NA,NA,NA,no,0,0,0,0,0,0,0,0,NA,NA,NA,NA,NA,NA,NA,NA,12,12,63,5.6,NA,NA,NA,NA,18,17,56.5,4.9,NA,NA,NA,NA,NA,NA,NA,NA,NA,NA,NA,NA,NA,NA,NA,NA,NA,NA,NA,NA,NA,NA,NA,NA,NA,NA,1.0308679138247527,6.51,NA,NA,3.3990701657427014,6.1,NA,NA,NA,NA,NA,NA,18,0,0,0,0,0
R152531,completed,hmp_full,58,Woman,White,Yes,no,below_median,college_graduate,NA,17,1,1,1,1,1,1,0,0,0,0,0,0,0,0,0,yes,1,0,0,0,0,0,1,1,1,0,0,0,0,0,0,0,21,16,59.4,5.1,16,16,57.1,5.4,13,11,55.8,5.7,14,14,55.8,5.7,12,12,59.4,5.6,9,9,55.8,6.1,2.63055,0.89,2.6837999999999997,0.91,2.9228867664645906,3.6328682699098476,-2.172398896631752,7.339896207082932,1.0464769282364492,2.8271389335740174,4.613676297642681,-2.1692234494661804,3.201414578661482,0.7752155297002601,1.6018481665652144,2.02,5.192275038253593,7.43,1.7556369322598746,7.02,NA,NA,NA,NA,3.474480934915813,5.77,14,17,65,61,0,510
R379728,completed,hmp_active,36,Woman,more_than_one,No,no,above_median,college_graduate,NA,8,1,1,1,1,1,1,NA,NA,NA,0,0,0,0,0,0,no,1,0,0,1,0,0,0,0,NA,NA,NA,NA,NA,NA,NA,NA,9,12,44.4,5.1,16,10,50,5,14,12,51.8,5.3,15,11,50.9,5.1,10,14,51.8,5.6,NA,NA,NA,NA,NA,NA,NA,NA,NA,NA,NA,NA,NA,NA,NA,NA,NA,NA,0.7293681723637083,6.94,2.4595787083715903,12.71,3.0756713296410143,4.65,4.369835640786073,8.4,NA,NA,NA,NA,16,0,0,0,0,0
R813919,completed,hmp_active,58,Woman,White,Yes,no,below_median,college_graduate,NA,5,1,0,1,0,1,1,1,1,0,0,1,0,1,1,0,yes,0,0,0,0,0,0,0,0,0,0,0,0,0,0,0,0,3,5,54.3,7.5,4,5,55.8,7.5,4,7,51.9,8,5,3,51.9,7.3,4,5,50.2,8.2,6,4,44.3,7.9,2.5522835759999998,0.56144,0.8961506399999999,0.36905,3.131865171947337,2.91547346761032,-0.7050822439826716,5.312537260602162,2.4812703891799694,2.835254808486242,4.09545784239093,-2.113182026028737,-2.113182026028737,2.397677480488113,4.866991480561069,11.25,4.027561361518946,7.62,0.8076243553659781,7.69,2.7229051866214,12.5,1.0448073930368,9.63,0.9321843221021546,6.3,8,0,0,1,0,0
R286654,completed,uc,20,Woman,White,No,yes,below_median,not_college_graduate,NA,8,1,1,1,1,1,1,0,1,0,0,1,1,0,1,0,no,0,0,0,0,0,0,0,0,0,0,0,0,0,0,0,0,14,11,67.7,8.1,16,6,57.9,5.5,14,5,56.5,5.9,10,7,57.4,6,13,5,52.7,6,13,9,64.1,7.4,1.71465,0.71,1.99155,0.33,2.7838049648299843,-2.565983843487787,-1.9631689259599914,6.6367096320748535,5.166929584165586,2.632534591717234,-2.5806815008057518,-1.9965124751905283,6.904990282261082,-1.9965124751905283,2.030075430834517,10.82,1.7831651602229155,12.32,2.0355219151839727,6.28,1.6205862611868016,9.84,6.284285914620279,9.47,1.0031281817508346,7.42,NA,NA,NA,NA,NA,NA
R979815,completed,hmp_active,51,Woman,White,Yes,no,below_median,college_graduate,NA,6,0,0,0,0,0,0,0,0,0,0,0,0,0,0,0,yes,0,0,0,0,0,0,0,0,0,0,0,0,0,0,0,0,7,2,55.9,6.5,4,1,57.9,6.2,4,2,59.4,6.4,3,4,59.4,6.2,3,4,55.8,6.1,2,2,35.4,5.9,1.4271,1.005,1.60815,0.29,2.2776844959548805,3.2514076365609417,-1.5094482722158649,-1.5094482722158649,4.210863504391547,2.391494004672847,2.048529306457259,-1.9764931882680115,8.525363723295925,-1.9764931882680115,2.9070716658939664,8.24,0.1403468950725582,0,5.523885360353318,6.86,0.2921955024236818,5.13,1.1338442616359627,10,2.784252826864803,5.52,15,0,0,1,0,0
R775352,completed,uc,31,Woman,White,Yes,no,above_median,college_graduate,NA,8,0,0,0,0,1,1,1,1,0,0,1,0,0,1,0,yes,0,0,0,0,0,0,0,0,0,0,0,0,0,0,0,0,11,5,57.9,7,8,4,59.4,7.1,10,3,61.5,7.2,10,2,58.2,6.6,11,0,67.7,6.3,10,5,67.7,6.6,0.24495,0.36,0.23429999999999998,NA,2.8036491439380002,1.0508143582389335,-2.288766457495403,5.996494676573545,2.2651104341051376,3.0743021124615093,-3.519707712983611,-2.6070311870553127,-2.6070311870553127,6.091316213402873,3.782418970619213,6.76,3.91420442128854,14.52,3.3199155709948385,11.27,4.69678642299441,11.61,0.1863964350724672,4.21,0.1716002676403036,5.44,NA,NA,NA,NA,NA,NA
R468262,completed,uc,21,Woman,White,No,yes,below_median,not_college_graduate,NA,13,1,1,1,1,1,1,0,0,0,0,0,0,0,0,0,no,0,0,0,0,0,0,0,0,0,0,0,0,0,0,0,0,15,6,67.7,4.6,16,8,65.5,4.2,16,9,62,3.7,13,6,61.8,4,13,9,66.5,4.1,4,2,55.8,6.1,0.22365,0.25,0.20235,0.04,2.8631270695945252,-2.57272656591051,-1.7498956653829407,7.042957623257752,5.403938136195903,2.8582318558938824,-2.4807910969858034,-1.924111949651767,7.84005606263495,7.152811308884065,0.991122991645278,10.19,2.78384332711185,7.17,4.169144774751842,5.74,2.5065628335398937,5.98,NA,NA,1.568497765441522,7.88,NA,NA,NA,NA,NA,NA
R946394,completed,hmp_active,46,Man,Black,No,no,below_median,not_college_graduate,NA,21,1,0,1,0,1,1,NA,NA,NA,1,0,1,NA,NA,NA,no,0,0,1,1,0,1,0,0,NA,NA,NA,NA,NA,NA,NA,NA,11,21,56.5,2.7,NA,NA,NA,NA,NA,NA,NA,NA,NA,NA,NA,NA,NA,NA,NA,NA,NA,NA,NA,NA,NA,NA,NA,NA,NA,NA,NA,NA,NA,NA,NA,NA,NA,NA,NA,NA,NA,NA,NA,NA,NA,NA,NA,NA,NA,NA,4,0,0,0,0,0
R827495,completed,hmp_active,39,Woman,White,No,yes,above_median,not_college_graduate,NA,6,0,0,0,0,0,0,1,0,0,0,0,0,0,0,0,yes,0,0,0,0,0,0,0,0,1,0,1,1,0,0,0,1,6,7,54.3,7.9,7,7,52.7,7.8,6,5,50.4,8.5,8,7,54.3,9,6,5,47.9,8.2,7,5,57.9,8.2,0.304923984,0.17060999999999998,0.4015220399999999,NA,2.3606813778733535,-2.326951916383168,-1.8702171966205174,5.83819347063685,1.0742217825459233,2.883934227527488,1.5111946585781582,-2.06299305532788,4.4605692508216315,-2.06299305532788,0.1996729598514136,8.1,1.5598831440883798,3.36,0.2502079614152273,2.76,0.28132444002425,6.83,1.0869945490743262,9.82,3.169000742954341,6.7,14,0,0,3,0,0
R567574,completed,uc,24,Woman,White,Yes,no,below_median,college_graduate,NA,10,1,0,1,0,1,1,0,0,1,1,0,1,1,1,1,yes,0,0,1,0,0,0,0,1,0,0,0,0,0,1,0,1,10,9,60.7,6.4,11,14,59.3,6.4,8,10,55.6,7.1,8,5,56.5,6.9,12,8,64.6,6.8,8,8,56.5,6,2.1891679920000002,0.8397399999999999,2.3288278319999995,0.37631,2.8388285100683843,2.5549520691374084,-2.2439946394904196,7.43928255570894,2.5681897158819984,2.8764355953351126,-3.1923808480289053,-2.089126981641788,-2.089126981641788,2.7391867556605134,0.8499479008605618,6.59,2.1337193553241383,9.9,0.3474917736538172,8.28,3.823362470397284,8.54,3.3627138839041018,11.46,3.5202584453126917,10.91,NA,NA,NA,NA,NA,NA
R365197,completed,hmp_full,42,Woman,White,Yes,no,above_median,college_graduate,NA,6,1,0,1,0,1,1,1,1,0,1,1,0,NA,NA,NA,yes,0,0,0,0,0,0,0,0,0,0,0,0,0,1,0,0,6,8,51.8,7.4,2,4,44.3,7.2,4,0,47.9,7.7,3,4,41.1,7.6,NA,NA,NA,NA,2,2.33,37.6,7.7,12.74805,0.93,11.34225,1.3,2.2918267570426054,0.4584953892791983,-1.8444091548953399,6.221798413110924,1.9622533348749795,1.763827854871199,-2.7919479479471,-1.778417495311977,7.851356633999766,1.588878334674497,7.135384287473485,8.11,2.1528653137272835,8.11,NA,NA,NA,NA,NA,NA,0.2779549752383182,6.67,11,30,8,3,5,0
R414861,completed,uc,35,Woman,White,Yes,no,below_median,not_college_graduate,NA,24,1,1,1,1,1,1,0,0,0,0,0,0,1,0,0,yes,0,0,0,0,0,0,1,1,0,0,0,1,0,0,1,1,22,19,68.9,4,22,18,65.3,3.8,NA,NA,NA,NA,21,18,64.7,4.4,19,18,63,4.8,23,19,81.5,3.2,0.0426,0.11000000000000001,0.05325,0.23,2.650771349454151,-2.605532705445279,3.4321661063816915,7.2798951022615865,6.160389902296142,2.7838405235656185,1.9210496146218918,1.8322383992847817,6.61013137542398,7.670963871408438,5.013648777869039,13.39,3.1296811356643985,12.73,NA,NA,2.994039129683207,10.53,2.392052094936014,12.03,5.271776436799849,9.74,NA,NA,NA,NA,NA,NA
R412402,completed,hmp_active,61,Man,Asian,No,no,below_median,not_college_graduate,NA,6,1,0,1,1,1,1,0,0,0,0,0,0,0,0,0,yes,0,0,0,0,0,1,0,1,0,1,0,0,0,1,NA,1,11,8,66.1,8.3,7,7,59.6,8.6,8,7,59.4,8,4,2,54.3,8.8,5,5,55.8,8.6,2,3,47.4,9.3,2.1619499999999996,0.51,3.0671999999999997,0.59,3.1259490668127534,-3.0461081371863172,4.36029859945054,4.12944452616529,6.325003130604735,3.2354290624768725,4.703848890478877,5.025144833838295,3.731659807680832,6.012223597720882,1.2931088339866992,8.77,NA,NA,3.528946619937241,5,NA,NA,NA,NA,NA,NA,14,0,0,0,0,0
R404475,completed,hmp_active,60,Woman,White,Yes,no,below_median,not_college_graduate,NA,5,1,0,1,0,1,1,0,0,0,0,0,0,0,0,0,yes,0,0,0,0,0,1,0,1,0,0,0,0,0,1,0,0,5,6,59,5.4,6,4,61.2,4.8,5,5,57.9,5.1,4,5,50.4,5.4,3,2,54.3,5,4,3,60.2,7.2,3.726590064,0.66671,3.598568544,1.04786,2.8568448656372913,-3.4306719499597853,-2.4231668191894027,5.423423156101784,4.842961960367048,3.213843772022299,2.991809566218352,-3.4623451662372093,5.2462944897499835,4.5125317343216675,0.2940902480986463,10.77,4.916652899357186,4.17,3.41034110372702,7.32,3.518487368780883,14.06,0.1733420363135172,7.14,0.159712212123179,11.11,8,0,0,1,0,0
R685014,completed,uc,22,Woman,White,Yes,no,below_median,college_graduate,NA,19,1,0,1,1,1,1,0,0,1,0,0,0,0,0,0,no,0,0,0,0,0,0,0,0,0,0,0,0,0,0,0,0,11,16,55.7,6.5,15,13,51.9,4.8,12,13,46.3,6.9,10,13,51.3,5.7,14,15,50.5,6.2,8,14,46.3,7.3,0.41535,0.74,3.0885,0.665,3.0775785941366904,0.7101024984507376,-3.039027566734397,8.060728185742114,2.9892509534963017,2.608537642193104,1.1749873424866744,-2.631046026119095,8.94786378927363,1.9228308654814459,4.3751776980892805,12.33,2.3224845571464527,9.7,1.6986098783408117,9.89,6.205925487268928,11.25,1.3322031498077336,8.78,0.8297597126129991,9.9,NA,NA,NA,NA,NA,NA
R225698,completed,uc,35,Man,White,Yes,no,below_median,college_graduate,NA,9,1,0,1,0,1,1,0,0,0,0,0,0,0,0,0,no,0,0,0,0,0,0,0,0,0,0,0,0,0,0,0,0,5,3,55.8,6.1,4,6,54.3,6.3,7,6,50.4,5.7,3,4,46.3,6.8,3,3,54.3,6.9,6,5,54.3,6.7,0.41535,0.5,0.6389999999999999,0.11,3.1743922183307967,-3.529512675248985,1.0902674043515608,6.782844475165601,0.368132686918363,2.3762521223319166,-3.2164174117458977,-2.371117147709426,6.08185747138016,2.30171168675248,0.2714834906113109,5.15,5.712695852218356,4.71,4.334421195748318,8.12,0.7935139827333583,7.8,NA,NA,2.4474602131492773,9.02,NA,NA,NA,NA,NA,NA
R745658,completed,hmp_active,29,Woman,more_than_one,No,no,below_median,not_college_graduate,NA,22,1,1,1,1,1,1,1,0,0,1,0,1,1,0,1,yes,0,0,0,0,0,0,0,0,0,0,0,0,0,0,0,0,17,20,59.4,4.5,14,18,72.7,3.9,14,20,59.4,4.7,15,14,72.7,4.7,14,11,71.8,5.1,9,8,57.6,5.7,0.213,0.185,0.33015,0.05,2.7031014765103603,-3.38622885080084,2.992355688121391,5.630324680970418,3.4553551499235553,2.236720883945602,-2.8362696238436316,-1.8989215541476678,8.250761793232822,0.809128646954542,4.559934498187919,9.7,2.260305706412768,9.72,NA,NA,3.651128450508628,14.77,2.993091817379617,10.37,0.8035007429122446,12.9,22,0,0,3,0,0
R889423,completed,hmp_active,30,Woman,White,Yes,no,below_median,not_college_graduate,NA,9,1,1,1,1,1,1,0,0,0,0,0,0,0,0,0,no,0,0,0,0,0,0,0,0,0,0,0,0,0,0,0,0,5,8,55.8,7.1,9,4,54.3,6,10,6,64.1,6.2,13,10,64.1,6.3,10,7,64.1,6.2,8,7,52.7,6.3,0.62835,0.24,0.426,0.24,2.7098853953964666,-2.9752091783827335,-2.129248733492044,7.9768939079309575,5.419833977320241,2.8572847212557555,-3.565745569392538,-2.434490220755863,7.69879867075854,5.767169970052817,0.3306741973629428,5.75,NA,NA,4.340893004382068,6.59,0.3782362801509573,6.29,0.2163116993456554,10.42,NA,NA,9,0,0,0,0,0
R802466,completed,hmp_active,50,Woman,White,Yes,no,below_median,college_graduate,NA,21,1,0,1,1,1,1,NA,NA,NA,0,1,0,0,1,1,yes,0,0,0,0,0,0,0,0,NA,NA,NA,NA,NA,NA,NA,NA,8,14,58,1.1,8,14,71.2,3.6,17,18,78.1,2.1,22,20,68.9,3.1,17,20,79.1,2.8,NA,NA,NA,NA,NA,NA,NA,NA,NA,NA,NA,NA,NA,NA,NA,NA,NA,NA,0.3728254840389809,3.55,0.3944949760950227,6.56,1.221066783965877,7.89,1.4526217194295146,8.18,1.550590364228811,9.4,NA,NA,11,0,0,2,0,0
R230558,completed,hmp_active,34,Woman,NA,NA,NA,below_median,NA,NA,12,0,0,0,1,1,1,0,0,0,0,0,0,0,0,0,yes,0,0,0,1,0,0,0,0,0,0,0,0,0,0,0,0,11,8,51.8,4.7,4,6,48.8,4.7,5,4,52,4.9,5,4,44.2,5.4,4,2,45.1,5.6,5,3,46.3,5.4,0.07914057599999999,NA,0.195523776,NA,2.597181077178034,-2.3644011270922114,0.7425709999151247,8.366701585576413,1.1220606216200286,3.0166447554574285,-2.503275666189038,-2.0979175473750056,6.95588596678095,-2.0979175473750056,1.955804212330564,6.08,1.354359573319504,6.52,4.713756353583015,9.46,7.281694823838972,7.65,6.955497661494346,4.4,NA,NA,27,0,0,0,0,0
R753298,completed,hmp_full,43,Man,White,Yes,no,above_median,not_college_graduate,NA,8,1,0,1,0,1,1,NA,NA,NA,0,1,1,NA,NA,NA,no,0,0,0,0,0,0,0,0,0,0,0,0,0,0,0,0,8,11,62,5.9,NA,NA,NA,NA,7,7,57.1,6.3,NA,NA,NA,NA,NA,NA,NA,NA,NA,NA,NA,NA,0.96915,0.16,0.36210000000000003,0.07,2.616628619577201,-3.4381266802417323,-2.9886804789598567,4.648071633475922,3.575175047572271,2.5901580358878813,-0.47837290225013307,-2.591934254677457,7.771790641813815,3.280183534797959,2.645988913246136,6.83,NA,NA,NA,NA,NA,NA,NA,NA,NA,NA,1,0,0,0,0,0
R987123,completed,uc,29,Woman,White,Yes,no,below_median,not_college_graduate,NA,27,1,1,1,1,1,1,1,1,1,0,1,1,0,1,1,no,0,0,0,1,0,1,0,0,0,0,0,1,0,0,0,0,24,19,71.8,5.1,18,21,69.3,4.2,21,20,53,3.7,14,13,68.9,5.4,21,20,70.6,5,24,18,61.2,2.22,0.41535,0.84,1.50165,0.59,3.176553915522444,0.7713894370190366,-2.5383952779159706,7.520342349890717,0.5061271598074522,2.8400124738434185,1.1249759238737589,-2.489788210399694,6.7745667498827276,1.006719351066786,NA,NA,1.4378172757921126,5.56,3.303236453793933,10.16,3.190230820876392,10.82,6.18273307497722,11.58,3.1472235266442543,8.59,NA,NA,NA,NA,NA,NA
R746907,completed,hmp_active,28,Woman,White,Yes,no,below_median,college_graduate,NA,14,1,1,1,1,1,1,0,0,1,0,0,0,0,1,0,no,0,0,0,0,0,0,0,0,0,0,0,0,0,0,0,0,12,8,63,5.5,14,6,63,4.5,9,7,59.4,5.4,12,4,52.7,5.6,10,7,58,6.4,11,4,55.8,5.2,1.79985,0.20500000000000002,1.3206,0.22,2.562882039179008,-2.2606616188064317,-1.801877026079587,8.156714052682565,2.4322294785176726,2.426987450181684,-2.330285425668909,-1.6907438231888108,8.789666034688159,-1.6907438231888108,0.6517569884608354,10,3.4781388269832534,11.76,3.094510985119836,8.24,1.7628656370983222,7.35,0.3778483462746645,2.86,3.3713802952975445,9.91,19,0,0,1,0,0
R598801,completed,hmp_full,19,Man,White,Yes,no,below_median,not_college_graduate,NA,5,0,0,0,0,0,0,0,0,0,0,0,0,0,0,0,no,0,0,0,0,0,0,0,0,0,0,0,0,0,0,0,0,3,3,52.7,7.7,2,2,50.2,7.1,1,1,52.7,7.3,2,1,55.8,6.8,1,0,46.3,7.8,0,0,48.7,6.8,0.24495,0.29,0.4047,0.135,3.0251727394222496,-3.569818806124027,-2.5131348472502726,7.0783096319211385,1.2004372194540351,3.2467338331592046,0.16323380628433526,-2.556525702180189,6.244793245485052,-2.556525702180189,1.6530827144969629,11.94,0.5975820572392329,7.46,1.7010866323419342,9.57,0.4729767915154136,8.89,NA,NA,1.2554555390538036,7.95,11,7,61,0,0,0
R772033,completed,hmp_active,23,Woman,White,Yes,no,below_median,college_graduate,NA,8,1,1,1,1,1,1,0,0,0,0,0,0,0,0,0,yes,0,0,0,0,0,0,0,0,0,0,0,0,0,0,0,0,10,4,50.5,5.5,7,4,47.9,4.2,7,5,46.3,5.7,10,3,49.5,4.7,7,3,48.9,5.9,9,13,46.3,7,1.28603436,0.31944,1.121934048,0.29645,2.611050218205059,-2.0058471738575485,-1.9376687137515551,8.278839656501457,-1.9376687137515551,2.8392912598532165,3.0971045595260294,-2.407881314994887,4.998829415182754,3.2790940413449334,4.164850972610461,5,4.490878651856532,9.94,NA,NA,5.99297726937837,9.71,3.8909834188855177,5.53,4.518130656238502,9.33,27,0,0,0,0,0
R529792,completed,uc,21,Man,White,Yes,no,below_median,not_college_graduate,NA,15,0,0,0,0,1,1,0,0,0,0,0,0,0,0,0,no,0,0,0,0,0,0,0,0,0,0,0,0,0,0,0,0,16,10,63,5.4,14,6,65.3,7,11,11,59.4,6.3,10,9,55.8,7.8,11,13,63,7.9,11,10,56.5,6.9,2.35365,0.45,2.0661,0.11499999999999999,2.845950938409029,-3.385557408594173,4.95861852095657,8.178025766057816,6.029837987749373,2.903009022935589,-3.2280242083662714,5.307159080337792,7.0294454759672185,5.256818913664636,1.1862440937186254,10,1.675955819452848,8.13,0.4734848282623627,9.66,5.260129649868448,11.69,3.4583319675327884,11.48,5.144325866393202,12.12,NA,NA,NA,NA,NA,NA
R694702,completed,hmp_active,51,Woman,White,Yes,no,below_median,not_college_graduate,NA,14,0,1,1,1,0,1,0,0,0,0,0,0,0,0,0,no,0,0,1,0,0,0,0,0,0,0,0,0,0,0,0,0,15,15,69,6.5,12,15,64.1,5.6,12,11,57.9,5.5,10,11,55.8,5.6,8,10,53.5,6.1,0,0,34.9,7.7,0.1491,0.4,0.45794999999999997,0.31,2.805825945804679,-4.181923890569656,5.11213292188925,5.888992736099231,3.6245886492631354,3.5160765016345716,0.07192220038826935,5.218371815539884,6.7288758996501326,5.744767862730868,4.542263400108271,7.69,2.8785901654037103,7.25,0.8077441393719973,11.43,2.242219936209672,9.49,0.8579512128948518,4.35,NA,NA,21,0,0,50,0,0
R935740,completed,hmp_full,27,Man,White,Yes,no,above_median,not_college_graduate,NA,6,1,1,1,1,1,1,0,0,0,0,0,1,0,0,0,yes,0,0,0,0,0,0,0,0,0,0,0,0,0,0,0,0,6,11,59.6,6.1,4,9,54.3,6.4,NA,NA,NA,NA,5,14,57.1,7.6,6,11,55.8,6.9,4,1,61.2,7.7,0.6709499999999999,0.45999999999999996,0.8839499999999999,0.51,3.2526461032873586,-3.0076402794093133,-2.5386880924963005,6.2422530210760865,6.102667741540359,2.427238081937844,3.397643492018334,-1.9847058845439975,7.099504210287973,6.486862128845964,2.709482814382424,3.76,2.202109620857014,5.85,NA,NA,7.303644868533131,12.72,NA,NA,8.703982270063443,9.44,7,22,25,0,0,0
R448319,completed,hmp_full,24,Woman,White,Yes,no,above_median,college_graduate,NA,5,1,0,1,0,1,1,NA,NA,NA,0,1,0,NA,NA,NA,no,0,0,0,0,0,0,0,0,NA,NA,NA,NA,NA,NA,NA,NA,6,6,52.7,6.4,4,5,55.8,6.5,5,6,54.3,6.7,NA,NA,NA,NA,NA,NA,NA,NA,NA,NA,NA,NA,NA,NA,NA,NA,NA,NA,NA,NA,NA,NA,NA,NA,NA,NA,1.0993619672180093,7.83,3.810136955822094,8.56,NA,NA,NA,NA,NA,NA,NA,NA,6,22,8,0,0,0
R592542,completed,hmp_full,39,Woman,White,Yes,no,below_median,college_graduate,NA,17,1,1,1,1,1,1,0,0,0,0,0,0,0,0,0,yes,0,0,0,0,0,0,0,0,NA,NA,NA,NA,NA,NA,NA,NA,16,10,59.4,6.7,20,9,61.8,5.1,11,9,55.6,6.1,15,8,63,6.4,9,11,58,6.7,10,7,54.9,7,NA,NA,NA,NA,NA,NA,NA,NA,NA,NA,NA,NA,NA,NA,2.6519813599023467,9.72,1.66208601468965,7.8,3.3669495570506,7.53,1.8909619215311824,9.93,4.095438281365195,9.57,5.447427719677338,10.74,13,25,0,1,0,0
R481254,completed,uc,23,Woman,White,Yes,no,below_median,college_graduate,NA,11,1,1,1,1,1,1,0,0,0,0,0,0,0,0,0,no,0,0,0,0,0,0,0,0,0,0,0,0,0,0,0,0,7,4,55.8,5.1,9,6,57.1,6.4,8,6,59.4,6.8,9,3,60.6,6.3,9,4,61.9,4.6,8,4,61.3,5.5,0.11714999999999999,0.7,0.23429999999999998,0.88,2.5729725488737016,-2.00067786492697,-1.746127237333678,5.436984464409603,4.628897582494418,2.364139792861926,-1.9157647620378504,-1.5697694258546355,4.794981330997276,1.374669553311805,6.2625651725366724,13.89,4.535780903428191,5.56,0.3454646619261837,6.48,2.5917276847229087,6.21,NA,NA,3.771036750439433,16.18,NA,NA,NA,NA,NA,NA
R258717,completed,hmp_active,57,Woman,more_than_one,No,no,below_median,not_college_graduate,NA,17,0,0,0,1,1,1,0,0,0,0,0,0,0,0,0,no,0,0,0,0,0,0,0,1,0,0,0,0,0,1,0,0,18,9,62.8,2.2,19,12,62.7,2.3,18,11,62.5,2.6,21,13,62.5,2.3,20,13,65.4,2.6,18,14,65.6,3.2,0.9052499999999999,0.435,0.5751000000000001,0.2,2.7719116794046275,0.9907318341312825,-2.24875764056527,7.530922516242786,6.13673105985354,2.621260303324486,-3.0492743285256623,-2.044807659880437,7.537441036675068,4.454979380775417,5.51285137501168,14.81,NA,NA,2.8194525684794374,2.89,2.8803513933119227,13.77,0.3240354526827591,6.67,3.330858146628905,8.59,19,0,0,37,0,0
R165212,completed,hmp_full,37,Woman,White,Yes,no,below_median,not_college_graduate,NA,18,1,1,1,1,1,1,1,1,1,0,1,1,1,1,1,dont_know,0,0,0,0,0,0,0,0,0,0,0,0,0,1,0,0,18,15,67.8,4.6,12,6,55.8,5.1,17,12,70.1,5,13,11,61.2,5.1,13,10,64.4,4.9,18,13,71.9,4.2,1.05435,0.33,3.0671999999999997,0.5,2.511824656174974,-2.8181878098186175,-1.8661158602112096,-1.8661158602112096,2.3082714096844277,2.260533197720784,0.05114528238048366,-1.587129006114527,-1.587129006114527,3.9303238903501803,NA,NA,2.6808004348298846,8.7,5.4557600607619205,7.3,5.238453065017387,9.64,2.77278955796976,10.65,5.746943452377852,11.39,0,0,0,0,0,0
R358366,completed,hmp_full,40,Man,White,Yes,no,below_median,not_college_graduate,NA,7,1,1,1,1,1,1,0,0,0,0,0,0,0,0,0,no,0,0,0,0,0,0,0,0,0,0,0,0,0,0,0,0,11,11,57.9,3.4,11,12,63,3.3,9,12,56.5,3.6,12,10,64.1,4,5,3,54.3,3.8,2,4,52.7,6.9,1.56555,0.27,2.7370499999999995,0.24,2.7834012768317287,-3.490982743846563,-2.909881835211389,6.403285846564264,3.9391844474220687,2.7481179899894963,-3.082509028071092,-2.7103957547298196,7.5697801311430535,4.178176704835543,1.753950023649381,10.96,1.365772352415429,8.23,2.385942012825411,7.21,2.619853456369217,15.68,0.3177908158958517,10,0.9972259948853754,11.98,3,7,83,0,0,0
R759711,completed,hmp_full,55,Woman,White,Yes,no,below_median,not_college_graduate,NA,6,1,1,1,1,1,1,1,0,1,1,0,1,0,0,1,no,0,0,1,0,0,0,0,0,0,0,0,0,0,0,0,0,5,8,54.3,6.1,3,7,44.2,7.1,3,7,46.3,6.8,2,6,44.2,7.1,1,5,48.8,8.44,3,4.67,54.3,7.33,0.20832592799999997,0.27225,2.51387712,NA,2.5478647245943407,2.4713476714261184,-2.809569835446425,6.566708614073189,2.8216419463749403,2.6483225416493634,-3.8142826017897113,-2.638607709683074,6.752636547999443,5.599136094207858,2.7177338843955083,10.32,1.2234590217291843,5.65,1.49941037404156,7.35,0.2933077900458718,9.81,4.0474300146590965,8.25,3.846867895431792,4.68,21,225,0,27,195,0
R495246,completed,hmp_active,32,Man,White,Yes,no,below_median,college_graduate,NA,8,1,1,1,1,1,1,NA,NA,NA,1,1,1,NA,NA,NA,no,0,0,0,0,0,0,0,0,NA,NA,NA,NA,NA,NA,NA,NA,9,10,54.3,3.6,NA,NA,NA,NA,NA,NA,NA,NA,NA,NA,NA,NA,NA,NA,NA,NA,NA,NA,NA,NA,NA,NA,NA,NA,NA,NA,NA,NA,NA,NA,NA,NA,NA,NA,3.5412957274115024,8.15,NA,NA,NA,NA,NA,NA,NA,NA,NA,NA,5,0,0,1,0,0
R700646,completed,hmp_full,31,Woman,White,Yes,no,below_median,college_graduate,NA,6,0,0,0,1,0,1,0,0,0,0,0,0,0,0,0,no,0,0,0,0,0,0,0,0,0,0,0,0,0,0,0,0,8,5,59.4,5.9,5,4,50.2,6.1,5,6,52.7,5.4,4,7,48.8,6.7,3,1,50.4,5.6,4,3,54.3,5.7,3.58905,0.5549999999999999,2.8435499999999996,0.21,3.2462172337894253,-3.2333483944740093,2.8512060843228624,5.97849632807352,5.429488972653864,2.9810500576330496,-2.428550783532201,1.134349869145381,-1.8100891100210594,4.2698440850745305,2.8113053668780625,4.44,2.361400330610421,5.56,2.030986456045573,6.78,4.032865538972659,11.21,1.1476028359902464,9.17,4.882207712993962,10.26,13,60,0,9,35,0
R622096,completed,hmp_full,64,Man,White,Yes,no,above_median,college_graduate,NA,12,1,0,1,0,1,1,0,0,0,0,0,0,0,0,0,no,0,0,0,0,0,1,0,0,0,0,0,0,0,1,0,0,7,5,71.9,8.2,10,1,71.2,7.7,10,3,70,7.8,10,2,71.2,7.9,9,3,71.2,7.8,9,2,62,6.7,0.86265,0.47,0.96915,0.38,2.7383975401045895,1.356838896742921,6.1192179324374685,-2.9820885185145793,2.960710856612122,2.687249840459025,2.192220650112673,6.105942051643905,5.491048679837927,6.2528929668679725,2.499150687045492,9.22,1.1362604759404136,12.77,NA,NA,5.666304605105103,13.16,0.2565235827315618,5.99,2.510995393541542,12.8,12,52,8,1,5,0
R915910,completed,uc,24,NA,White,NA,info_not_provided,below_median,not_college_graduate,NA,11,0,1,1,1,0,1,1,0,0,1,0,1,0,0,1,no,0,0,0,0,0,1,1,1,NA,NA,NA,NA,NA,NA,NA,NA,8,13,52.7,6.9,NA,NA,NA,NA,2,10,35,8.2,13,16,47.4,8.1,11,16,46.3,8.1,3,11,54.3,8.7,NA,NA,NA,NA,NA,NA,NA,NA,NA,NA,NA,NA,NA,NA,0.3128876178238027,13.19,NA,NA,NA,NA,0.70018390728811,14.66,1.1880661210770072,9.43,6.196947539588889,9.02,NA,NA,NA,NA,NA,NA
R233262,completed,hmp_full,44,Woman,more_than_one,No,yes,above_median,not_college_graduate,NA,7,1,1,1,1,1,1,0,0,0,0,0,0,0,NA,0,yes,1,0,0,0,0,NA,1,0,NA,NA,NA,NA,NA,NA,NA,NA,7,5,59.4,5.4,5,2,53.4,7.9,NA,NA,NA,NA,16,13,58,7,2,5,44.2,8.1,5,6,55.6,8.5,NA,NA,NA,NA,NA,NA,NA,NA,NA,NA,NA,NA,NA,NA,NA,NA,NA,NA,NA,NA,0.76106218990768,7.6,NA,NA,NA,NA,1,7,18,0,0,0
R219259,completed,hmp_full,46,Woman,Black,No,no,below_median,not_college_graduate,NA,23,1,1,1,1,1,1,1,1,0,1,1,0,1,1,0,no,0,0,0,0,0,0,0,1,0,0,0,0,0,1,0,1,14,16,81.5,5.5,17,13,71.2,2.7,12,11,72.7,4.3,11,11,51.3,2.8,10,6,55.8,4,8,8,55.8,5.9,1.6401,0.83,1.60815,0.39,2.795366178438235,-2.267981405578108,-1.5573578315914127,4.936396008260274,2.374467801132913,2.9875261597136262,-2.5393560432346796,-1.816941401539808,6.313117638452988,2.5525064509272135,4.680815761698728,12.86,4.171122487811522,20.89,3.0145913498688306,12.31,1.653872816917032,13.33,2.6866278731874966,14.52,1.8294823537871607,11.26,5,47,8,2,5,0
R999890,completed,hmp_active,53,Man,White,Yes,no,below_median,not_college_graduate,NA,6,0,0,0,0,0,0,0,0,0,0,0,0,0,0,0,no,0,0,0,0,0,0,0,0,0,0,0,0,0,0,0,0,5,6,59.4,7.11,6,7,52.7,6.89,8,8,54.3,5.2,6,6,54.3,NA,5,5,52,6.8,5,6,52.7,7.5,12.332699999999999,1.5899999999999999,11.2038,NA,3.3323832485148888,0.7530742761615166,-3.1257363309561863,5.611876705852664,6.458991193557299,3.0876453304565192,1.654528690010749,-3.496795671164138,4.804974091953028,6.9134191182118165,2.7566001511839517,3.52,NA,NA,1.6638845949968104,8.24,1.5624652991339163,11.28,3.605952708981333,15.7,4.112600388947274,10.53,2,0,0,0,0,0
R687183,completed,hmp_full,61,Woman,White,Yes,no,below_median,not_college_graduate,NA,8,1,0,1,1,1,1,0,0,0,0,0,0,0,0,0,yes,0,0,0,0,0,0,0,0,0,0,0,0,0,0,0,0,11,10,52.7,2.8,13,8.17,56.5,4.3,10,4,54.3,5.2,12,5,54.3,4.4,11,7,56.5,5.2,10,3,56.5,6.7,6.9012,0.94,10.63935,1.065,2.7197890425616493,7.597585508820824,3.5469801130863914,6.733895492465346,5.519942522634144,3.0592124776665868,4.531995664624143,2.2458921673513306,5.114596042382869,3.191665251789993,NA,NA,NA,NA,NA,NA,NA,NA,2.5994578837537934,8.13,4.9326888583064665,9.09,13,117,68,7,100,5
R132451,completed,uc,48,Man,more_than_one,No,no,below_median,not_college_graduate,NA,14,1,1,1,1,1,1,NA,NA,NA,0,0,0,0,0,1,dont_know,0,0,0,0,0,0,0,0,NA,NA,NA,NA,NA,NA,NA,NA,9,11,63,7.7,12,17,79.3,4.4,9,11,72,5.5,8,9,73.3,6.5,7,7,75.6,6.1,NA,NA,NA,NA,NA,NA,NA,NA,NA,NA,NA,NA,NA,NA,NA,NA,NA,NA,3.3008019805129067,10.16,3.960171499065552,14.13,2.5460779263919573,9.41,1.813775586111544,12.7,1.0007029129884866,2.56,NA,NA,NA,NA,NA,NA,NA,NA
R612072,completed,hmp_active,35,Man,White,Yes,no,above_median,college_graduate,NA,12,0,0,0,1,1,1,0,1,1,0,1,1,1,1,0,no,0,0,1,0,0,0,0,0,0,0,0,0,0,1,0,0,10,9,55.8,6,8,9,53.5,6.1,8,8,53.5,6.6,7,6,50.4,7,5,3,47.9,7.2,10,9,51.8,5.7,4.26,0.7,1.3632,0.46499999999999997,2.5879512048738373,-2.730912748688535,-1.7596682448311767,5.417350521078723,6.640766385974865,2.279631672934783,-2.6060026856079204,-1.7348187733424734,6.663816081949629,6.014072563913058,4.119608116029245,6.9,2.9485100737391816,6.67,3.413720588926499,1.16,NA,NA,1.6084233409227615,1.89,1.72349265787157,3.23,20,0,0,3,0,0
R547500,completed,hmp_full,35,Man,White,Yes,no,above_median,college_graduate,NA,5,1,0,1,0,1,1,1,1,0,1,1,0,1,1,1,no,0,0,0,0,1,0,0,0,0,0,0,0,0,0,0,0,5,5,41.1,8.8,0,2,42.7,7.8,4,4,42.7,8,1,6,42.7,8.2,2,2,41.1,8.4,2,0,41.1,9.2,0.213,0.46499999999999997,0.71355,0.51,1.9650279671461823,-2.7631055696141082,-1.9260730656774996,5.944474778830212,2.2483142042181377,2.378078992167184,1.2928641077946703,-2.2513368386691983,6.968656790335123,1.1159589913172758,1.1388711637664444,7.53,1.2708625962997573,6.83,4.625529576680318,4.52,1.2416180463553528,6.02,3.4096862286043423,1.46,2.243846103468864,6.73,9,25,0,1,5,0
R694496,completed,hmp_active,37,Man,White,Yes,no,above_median,college_graduate,NA,11,1,1,1,1,1,1,0,0,0,0,0,0,0,0,0,no,0,0,0,0,0,0,0,0,0,0,0,0,0,0,1,0,10,6,62,5.2,7,7,62,5.2,7,5,63,5.5,6,4,55.8,6.1,5,4,55.8,6.5,5,2,52.7,6.1,0.31949999999999995,0.235,0.09584999999999999,0.105,3.118643341448161,1.5242532383825065,3.246712994927541,6.803880686169569,1.798797499701476,3.061791590963479,-3.6971043183028964,2.5878966935075502,7.224177874520693,2.504515084568499,3.4581547436325457,10.97,1.115714538173041,6.99,1.2860785548135916,6.44,3.42538312533261,7.57,1.105960276300629,2.69,0.2473399874526627,3.05,24,0,0,0,0,0
R750513,completed,hmp_active,22,Woman,more_than_one,No,no,below_median,college_graduate,NA,19,0,1,1,1,0,1,1,0,0,0,0,0,0,0,0,no,0,0,0,0,0,0,0,0,0,0,0,0,1,0,0,0,15,13,65.4,6.1,17,12,60.5,4,15,17,57.8,4.9,16,15,58.9,5.5,15,11,53,5.4,7,8,47.2,4.9,0.0852,0.31,0.1491,0.61,2.980339128091574,-3.363484543255693,-2.412401477627495,5.676774201210066,4.402141419632463,3.2202435792619144,1.1791776942639087,-2.727668862516338,6.677497887392273,6.84027602121651,6.246701537057012,15.07,2.222496293740852,14.79,2.673986707618901,13.89,3.782589451628067,9.42,3.1572314423498278,12.14,0.8630144102967736,6.13,6,0,0,5,0,0
R606061,completed,hmp_full,60,Man,White,Yes,no,above_median,college_graduate,NA,16,0,1,1,1,0,1,NA,NA,NA,0,0,0,0,0,0,no,0,0,0,0,0,0,0,0,0,0,0,0,0,0,0,0,17,15,47.9,4.8,13,12,41.1,5.12,11,15,41.1,5.56,10,9,41.1,6,9,9,41.1,5.8,NA,NA,NA,NA,2.0235,0.69,4.26,1.09,3.1298500254550086,0.25339280158657074,-2.4911226269029236,7.259272019499379,0.7277531979652774,2.9900803440310217,-3.0802596251078946,-2.137703393890034,7.281681605020856,-2.137703393890034,1.6607963899150382,2.56,0.2491079548428391,5.95,5.633426196502767,4.84,NA,NA,2.640059582818012,1.29,NA,NA,13,14,48,13,5,85
R983785,completed,hmp_full,29,Woman,White,Yes,no,below_median,college_graduate,NA,20,1,1,1,1,1,1,NA,NA,NA,1,1,0,1,1,0,no,0,0,0,0,0,0,0,0,NA,NA,NA,NA,NA,NA,NA,NA,16,17,68.1,4.6,6,7,46.3,6.1,NA,NA,NA,NA,6,9.33,64.1,6.7,6,8,53.2,5.9,NA,NA,NA,NA,NA,NA,NA,NA,NA,NA,NA,NA,NA,NA,NA,NA,NA,NA,4.937821928835923,12.12,5.129727433483236,11.97,NA,NA,2.4414086190517903,5.37,NA,NA,NA,NA,8,22,20,1,0,0
R477502,completed,hmp_active,30,Woman,White,No,yes,below_median,college_graduate,NA,18,1,1,1,1,1,1,0,1,1,0,1,1,0,1,1,no,1,0,1,1,0,1,1,0,1,0,1,1,0,0,0,1,17,9,63.4,3.8,16,15,64.6,3.7,NA,NA,NA,NA,13,9,61.2,4.9,17,8,61.2,4.6,15,9,61.2,4.2,2.4707999999999997,0.38,2.3643,0.3,2.078549421658897,-2.4103486739697253,-1.6090588824704113,9.10782251572002,4.47544053060476,2.5446943239482307,-2.924902167472974,-1.9085497157126472,7.721881616567019,3.233113840790013,2.350047028486686,11.29,1.8626972308166645,6.03,NA,NA,4.680443578440414,8.77,NA,NA,3.233446397680372,6.82,0,0,0,0,0,0
R218470,completed,hmp_full,29,Woman,White,Yes,no,above_median,college_graduate,NA,10,0,0,0,1,1,1,1,1,0,1,0,0,1,1,0,dont_know,0,0,0,0,0,0,0,0,0,0,0,0,0,0,0,0,13,15,54,5,11,11,54.3,4.5,10,11,50.4,3.6,NA,NA,NA,NA,6,9,50.4,4.8,6,10,47.9,5.1,0.6816,0.26,0.7667999999999999,1,3.215372194355193,-3.366418969263398,-2.5641164790573776,-0.16622120625900716,4.374168004959582,2.9965343797032022,-2.53902786104592,-1.927551509494303,6.144291640114855,0.6373978479672335,6.662150885787198,9.73,6.604441795074798,11.11,7.62332774503385,8.33,NA,NA,5.888068990228039,7.19,7.98136388449082,13.66,13,30,10,4,30,0
R844657,completed,uc,38,Woman,White,Yes,no,below_median,college_graduate,NA,5,1,0,1,1,1,1,0,0,0,0,0,0,0,0,0,yes,0,0,0,0,0,0,0,0,0,0,0,0,0,0,0,0,3,4,55.8,7.3,7,5,55.8,6.7,4,5,51.9,8.5,3,6,51.9,9,2,5,54.3,8.7,2,4,50.9,9,4.18545,1.2,4.26,0.57,2.80758637706181,-4.123805493293219,-3.0946660513878674,6.634527636041535,2.6256457252195444,2.5006161334612345,-3.90305429184725,0.445535427731957,7.715768779879776,2.4076402627072504,5.619447285822711,4.29,3.4048532956550357,9,1.6013150524072748,9.09,6.874523753658367,7.91,1.025716147163282,4.49,1.1269664654849072,6.5,NA,NA,NA,NA,NA,NA
R766424,completed,hmp_active,36,Woman,White,Yes,no,above_median,college_graduate,NA,16,0,1,1,1,0,1,0,0,0,1,1,0,1,1,0,yes,0,0,1,1,1,1,0,0,0,0,0,0,0,0,0,0,17,7,65.5,4,17,9,68.3,3.5,12,8,58,3.5,16,11,67.7,2.4,17,11,62,1.6,6,3,52.7,4.5,0.5005499999999999,0.52,0.28755000000000003,0.24,2.4714304743903117,2.395627752965014,-1.787017810902233,6.383450767428441,7.0262719515668035,2.505510222686916,-1.8893512801515984,-1.3653325220405887,6.463900015503003,7.346275473856986,2.9738715644766978,14.81,2.0356128160501243,9.27,3.0600344435184765,12.66,3.909382900085545,11.39,2.780896158923083,8.43,4.659938240762452,8.9,17,0,0,10,0,0
R871584,completed,uc,32,Woman,White,Yes,no,below_median,not_college_graduate,NA,18,1,1,1,1,1,1,0,0,0,0,0,0,0,0,0,no,1,0,0,0,0,0,0,0,0,0,0,0,0,0,1,0,10,9,63,5,16,14,61.9,4.5,10,10,64.1,5.3,13,13,65.3,4,17,7,75.1,5.8,13,7,63,5.62,1.37385,0.235,1.45905,0.62,2.6666265591135683,-2.990021119278523,-1.9298753825508417,5.25323631919244,3.3833305964909455,2.984487497296175,0.12540273762412246,-2.014309372267015,5.97423361047068,3.9846271896796686,1.6414735926611426,7.41,NA,NA,NA,NA,3.4430978379012664,10.48,4.918925705688616,7.91,1.0565394699580144,14.46,NA,NA,NA,NA,NA,NA
R632742,completed,uc,27,Woman,Asian,No,no,below_median,college_graduate,NA,10,1,1,1,1,1,1,1,1,0,1,1,0,1,1,0,no,0,0,0,0,0,0,0,0,0,0,0,0,0,0,0,0,11,9,59.4,5.6,12,16,54.3,3,9,10,47.9,5,NA,NA,NA,NA,9,12,52,5.5,14,16,56.5,4.3,NA,NA,NA,NA,2.6180692555307217,2.8305790711571133,-2.267004349603209,8.124296052389838,6.123037056152544,3.0233741728589956,-3.503931251931122,-2.483963169692218,1.0713848917971958,2.7890363888715286,6.601211971858646,8,2.915070496322638,10.67,2.30686079078374,5.15,NA,NA,1.1833955371820482,9.58,4.774711893895231,8.91,NA,NA,NA,NA,NA,NA
R230111,completed,hmp_active,56,Woman,White,Yes,no,above_median,college_graduate,NA,11,1,1,1,1,1,1,1,1,1,1,1,0,1,1,0,yes,0,0,0,0,0,0,0,0,1,0,0,0,0,0,0,0,9,12,57.1,4.5,4,6,57.1,4.5,5,9,54.3,5.9,5,8,56.5,5.5,4,5,46.3,5.9,9,10,67.7,3.7,0.54315,0.35,0.5112,0.17,3.070800316354716,-2.4137784742443458,-2.338528931786248,6.287159855783289,5.862033865222315,3.30082901036969,-2.6790381195761186,-2.4190815939575896,6.891375569353366,2.951556434170073,3.826504066961782,11.02,4.354187648126532,18.11,2.408645344504752,6.88,5.208920308482499,14.14,4.077467129933532,9.66,1.878642210821528,10.77,13,0,0,9,0,0
R928025,completed,uc,27,Man,White,Yes,no,below_median,college_graduate,NA,7,1,0,1,0,1,1,0,1,0,0,1,0,0,1,0,no,0,0,0,0,0,0,0,0,0,0,1,0,0,0,0,0,8,7,69.3,NA,8,4,67.7,5.44,11,10,66.1,5.7,7,2,63,6.5,7,5,59.4,6.4,13,12,54.3,3.8,0.2769,0.25,1.9809,0.56,2.9494513898763666,0.7497741335295163,-2.8451593580442047,6.91774341367805,3.429602663197734,2.987123219144781,1.5632861066959345,-3.00920485828959,6.803427575902451,6.451816407993891,6.612213526651338,11.11,4.671126157286784,10,2.7500633449480114,4.76,1.6999521974205547,12.08,2.9804165754555347,10.85,5.5803477811187046,8.78,NA,NA,NA,NA,NA,NA
R809209,completed,hmp_full,40,Woman,White,Yes,no,above_median,college_graduate,NA,14,0,1,1,1,0,1,0,1,0,0,1,0,0,1,0,yes,0,0,1,1,0,0,0,0,0,0,0,1,0,0,0,0,15,11,70.6,3.6,17,12,69.3,3.9,18,14,66.7,4.3,18,13,67.7,3.9,16,10,70.6,4,9,6,59.4,4.4,NA,NA,NA,NA,2.622274491299668,3.567710778211995,-2.3119254344558007,-2.3119254344558007,5.858543143874873,2.6031448586626387,4.940774745704845,-2.068116699773909,-2.068116699773909,5.728763643009613,NA,NA,5.734549788251037,9.4,2.2373009546579814,9.05,4.0614439532509925,13.46,3.4078241425974203,9.44,2.352911807578155,3.64,16,0,75,0,0,0
R358132,completed,hmp_active,50,Man,White,Yes,no,above_median,college_graduate,NA,17,1,0,1,1,1,1,0,1,1,0,1,1,0,1,0,no,1,0,1,0,0,0,0,0,1,0,1,0,0,0,0,1,20,7,71.2,2,17,7,69,3.3,12,7,63,3.5,14,6,67.7,3.67,17,4,66.5,3.78,10,3,63,3.8,1.395434568,0.74052,2.075112456,1.13135,2.5661774216453344,-3.0704294839353565,-2.391439461512979,4.779449016999527,7.0565783315544515,1.5362186288587065,-2.849198209102981,0.6230002121208487,5.606079824594326,3.3613557627183877,2.3049935889594875,2.63,2.8354998960077595,3.36,0.6172989972184828,4.94,0.8952641141182764,6.03,2.37415124374268,5.05,1.929728650423128,8.11,15,0,0,0,0,0
R558257,completed,hmp_full,40,Woman,White,Yes,no,above_median,college_graduate,NA,5,1,0,1,0,1,1,0,0,0,0,0,0,0,0,0,no,0,0,0,0,0,0,0,0,0,0,0,0,0,0,0,0,6,4,56.5,7.4,4,1,40.5,7.9,3,5,55.8,7.2,2,2,30.1,8.6,2,5,36.7,7.8,1,1,46.3,8.4,0.26625,0.17,0.2556,0.08499999999999999,2.9170440020936192,-2.3715675722852527,5.120066680229533,6.496909445856242,-1.6564403121426503,3.2523303919425026,-3.348915545806851,5.541317472766101,3.8569525435657837,2.1534505574076057,0.5031385681694136,3.88,1.89270871395075,5.52,0.8921680188727882,11.5,1.5275789814431524,11.22,NA,NA,NA,NA,14,7,90,9,0,70
R597526,completed,hmp_active,55,Woman,White,Yes,no,below_median,not_college_graduate,NA,5,1,0,1,0,1,1,0,0,0,0,1,0,0,0,0,no,0,0,0,0,0,0,0,0,0,0,0,0,0,0,0,0,5,2,56.5,6,10,9,63,4.62,8,4,59.4,5.7,7,3,59.4,6.75,9,5,58,6,5,2,59.4,6.2,0.79875,0.63,0.82005,0.21,2.53430460117166,3.914924975869469,-1.6926274896375164,2.5978319515108748,1.6032093763668125,2.359232379045116,5.521977631800632,-1.3798315524830451,-1.3798315524830451,-1.3798315524830451,0.4271811638832846,6.48,4.593611751382308,14.84,3.3873642473837213,5.22,0.4492352830923308,2.56,NA,NA,NA,NA,19,0,0,0,0,0
R520259,completed,hmp_full,39,Woman,White,Yes,no,below_median,college_graduate,NA,7,1,0,1,1,1,1,1,0,0,1,1,0,1,1,0,no,0,0,0,0,0,0,0,0,0,0,0,0,0,0,0,0,6,7,42.7,6.8,6,7,47.9,7.4,4,0,38.4,7.5,4,1,44.7,7.3,4,2,46.3,7.2,2,2,50.2,8.6,0.1278,0.07,0.3408,NA,2.758471405250619,-2.18515475481631,-1.637184692781182,3.957526686820657,-1.637184692781182,3.0319160782727153,0.44614883796331917,2.223199590874512,6.564723989841361,-1.8198516769600377,0.7222354842578715,6.74,2.121312699360799,10.18,2.907058406741591,9.84,1.1338749929431682,10.1,0.4925339806646418,9.69,4.730678213454151,11.9,12,5,20,6,10,25
R241853,completed,uc,36,Woman,White,Yes,no,below_median,not_college_graduate,NA,8,1,1,1,1,1,1,1,0,1,1,0,1,1,0,1,yes,0,0,0,0,0,0,0,0,NA,NA,NA,NA,NA,NA,NA,NA,11,7,65.3,5,10,6,65.7,5.6,7,7,59.4,5.1,10,6,63,4.5,10,7,63,4.6,6,4,63,4.6,0.1278,0.11,0.20235,0.155,3.3142590010319566,0.8752822204888044,-2.5865965289149355,6.980508782950222,2.9064649144256127,3.0222348937035473,-2.8906648411432423,-2.345062510098873,4.616233535811294,2.886046106755714,2.951381456820502,21.31,8.734989815275176,8.49,5.142081624863277,9.72,8.53716687530377,9.62,NA,NA,3.0992304353035647,9.57,NA,NA,NA,NA,NA,NA
R365108,completed,uc,24,Woman,White,Yes,no,below_median,not_college_graduate,NA,5,1,0,1,0,1,1,NA,NA,NA,0,0,0,0,0,0,no,NA,NA,NA,NA,NA,NA,NA,NA,NA,NA,NA,NA,NA,NA,NA,NA,6,4,49.7,7.1,6,3,54,6.5,6,2,56.4,7.5,3,4,58.3,6.7,6,3,56,7.5,NA,NA,NA,NA,NA,NA,NA,NA,NA,NA,NA,NA,NA,NA,NA,NA,NA,NA,3.5007156437462563,4.49,3.177692413958005,8.06,0.19384966189218,4.19,1.07166783684642,9.4,1.429418826771684,14.81,NA,NA,NA,NA,NA,NA,NA,NA
R740979,completed,hmp_active,49,Woman,White,Yes,no,below_median,college_graduate,NA,14,1,1,1,1,1,1,0,1,0,NA,1,1,0,1,0,yes,0,0,0,0,0,0,0,0,0,0,0,0,0,0,0,0,17,20,61.2,4.6,18,18,52.7,4.1,12,12,56.2,5.2,16,19,59.4,5.1,15,12,63,6.1,4,6,51.3,6,4.80315,6.88,4.5582,4.89,2.470463960599033,-2.7501294308085553,6.401678378857374,-2.11571479256153,5.371458901652209,2.631028813720324,-2.6421720588379887,5.704778975377895,6.626212662166828,5.929801258192255,2.872021496494355,12.37,NA,NA,2.4639928521752394,14.13,3.829186183830308,10.67,4.590296098151627,12.96,1.291690483536398,3.81,11,0,0,13,0,0
R807799,completed,uc,24,NA,White,Yes,no,below_median,college_graduate,NA,15,1,1,1,1,1,1,0,0,0,0,0,0,0,0,0,no,0,0,0,1,0,0,1,0,0,0,0,0,0,0,0,0,12,13,55.8,5.4,12,11,57.9,5.6,NA,NA,NA,NA,8,16,51.9,6.1,8,14,52,6.1,11,15,30.1,5.9,0.0639,0.13,0.7880999999999999,0.05,2.74044413276274,1.380603613998475,-1.8145167938476425,6.31848342473597,5.616190288698325,2.9576312718707407,0.38400289399668,-2.192211404754729,5.749795403735127,3.855160774291549,6.509824840627093,11.27,0.6197092211585992,8.02,NA,NA,3.1463782616121816,12.02,5.706750735539978,1.39,3.9188777745272185,11.64,NA,NA,NA,NA,NA,NA
R911287,completed,hmp_active,34,Woman,White,Yes,no,below_median,college_graduate,NA,7,0,0,0,0,0,0,NA,NA,NA,0,1,1,NA,NA,NA,no,1,1,1,1,0,0,0,0,NA,NA,NA,NA,NA,NA,NA,NA,6,13,51.3,4.78,NA,NA,NA,NA,NA,NA,NA,NA,NA,NA,NA,NA,NA,NA,NA,NA,NA,NA,NA,NA,NA,NA,NA,NA,NA,NA,NA,NA,NA,NA,NA,NA,NA,NA,2.3916255218368345,6.35,NA,NA,NA,NA,NA,NA,NA,NA,NA,NA,3,0,0,2,0,0
R308204,completed,hmp_full,35,Woman,White,Yes,no,below_median,college_graduate,NA,16,1,1,1,1,1,1,0,0,0,1,0,0,1,0,0,yes,0,0,0,0,0,0,0,0,0,0,0,0,0,0,0,0,16,10,44.7,6.9,12,10,47.9,6.4,15,15,62,5.7,10,5,62,6.8,5,4,55.8,7.1,5,5,44.7,6.9,0.1704,0.205,0.0852,0.08,2.830257136128266,-2.792007704787272,-1.8636246977646436,6.44949200505461,2.530824456907795,3.0039477267351473,2.1106157481155607,-1.9123521011772713,5.607882455297356,6.45518031568456,2.674744508285765,5.43,5.633570638978687,8.89,8.242543582508162,9.09,NA,NA,3.1141457359560407,8.77,0.8095093602249362,7.2,14,0,125,5,0,150
R213495,completed,hmp_active,24,NA,White,No,yes,below_median,not_college_graduate,NA,8,1,0,1,1,1,1,NA,NA,NA,0,0,0,NA,NA,NA,no,0,0,0,0,0,0,0,0,NA,NA,NA,NA,NA,NA,NA,NA,11,9,47.1,4.6,15,10,53.5,4.4,NA,NA,NA,NA,NA,NA,NA,NA,NA,NA,NA,NA,NA,NA,NA,NA,NA,NA,NA,NA,NA,NA,NA,NA,NA,NA,NA,NA,NA,NA,0.1936876815224409,3.23,1.3387052421549372,6.29,NA,NA,NA,NA,NA,NA,NA,NA,5,0,0,0,0,0
R762102,completed,hmp_full,29,Woman,White,Yes,no,below_median,not_college_graduate,NA,20,1,1,1,1,1,1,0,0,1,0,0,0,0,0,1,no,0,0,0,0,0,0,0,0,1,0,0,1,0,1,0,0,23,20,69.3,2.89,18,20,72.3,4.38,15,8,71.5,5.38,14,14,61.2,5.3,9,9,71.3,5.5,12,20,79.7,6.89,9.180299999999999,0.845,7.59345,0.545,2.9162431182277553,2.996866556565208,-2.5577162100505406,-2.5577162100505406,3.6139843873603743,2.7792702396113667,-3.1844460668725842,-2.4469645602837256,-2.4469645602837256,3.078488378848059,3.133717630265297,15.54,5.563422147932274,8.64,NA,NA,3.244037227123035,11.39,NA,NA,2.244270535428962,10.43,12,20,35,2,10,0
R563214,completed,hmp_full,34,Woman,White,Yes,no,above_median,college_graduate,NA,13,1,0,1,0,1,1,0,1,1,1,1,1,1,1,1,NA,0,0,0,1,0,0,0,1,NA,NA,NA,NA,NA,NA,NA,NA,12,14,54.3,5.8,11,17,55.8,5.7,12,13,54.3,5.8,NA,NA,NA,NA,10,10,56.5,5.88,5,6,52.7,7.67,NA,NA,NA,NA,NA,NA,NA,NA,NA,NA,NA,NA,NA,NA,3.8671711389762304,9.5,2.256739079860949,11.73,1.524701191500601,12.12,NA,NA,5.859364495633839,14.85,1.5557385056185784,9.34,8,7,68,0,0,0
R364468,completed,hmp_full,33,Woman,White,Yes,no,above_median,college_graduate,NA,11,1,0,1,1,1,1,1,1,1,1,1,1,1,1,1,no,0,0,0,0,0,0,0,0,0,0,0,0,0,0,0,0,9,5,54.3,4.5,9,6,62,4.7,8,1,59.4,4.1,10,7,61.2,3.8,7,4,54.3,4.7,5,7,44.5,5.2,0.62835,0.595,2.69445,1.74,2.7529630023536438,2.1625628493697366,3.305240108699609,7.113260240261083,0.5795683062475792,2.8413840953981113,-2.777035931633574,2.087098513000045,7.536767614926399,2.743341136624539,0.3328481845197764,7.25,2.4172545453025425,7.92,0.55151802846482,5.1,6.581402559766186,16.3,NA,NA,6.1775139353068615,13.49,13,20,48,2,0,10
R405619,completed,hmp_active,35,Woman,White,Yes,no,below_median,not_college_graduate,NA,11,1,1,1,1,1,1,NA,NA,NA,0,0,0,NA,NA,NA,no,0,0,1,1,0,0,0,0,NA,NA,NA,NA,NA,NA,NA,NA,8,6,57.9,4.56,8,4,60.2,4.8,10,6,62,5.3,NA,NA,NA,NA,NA,NA,NA,NA,NA,NA,NA,NA,NA,NA,NA,NA,NA,NA,NA,NA,NA,NA,NA,NA,NA,NA,0.4095339703119527,0,NA,NA,NA,NA,NA,NA,NA,NA,NA,NA,20,0,0,19,0,0
R420642,completed,hmp_full,62,Woman,White,Yes,no,below_median,not_college_graduate,NA,12,1,1,1,1,1,1,NA,NA,NA,0,1,0,0,1,1,yes,0,0,0,0,0,1,0,0,NA,NA,NA,NA,NA,NA,NA,NA,16,14,62.1,3.2,11,11,65.3,4.7,15,12,64.9,3.8,16,14,65.3,3.5,12,16,59.5,3.2,NA,NA,NA,NA,NA,NA,NA,NA,NA,NA,NA,NA,NA,NA,NA,NA,NA,NA,3.0542416154488525,10.95,0.3682632083772827,8.43,1.393700909742888,9.73,1.84653426315182,8.54,1.803112141020713,7.11,NA,NA,2,5,0,1,0,0
R217830,completed,hmp_full,29,Woman,White,Yes,no,below_median,college_graduate,NA,17,1,1,1,1,1,1,0,0,0,0,0,0,0,0,0,no,0,0,0,0,1,0,0,0,0,0,0,0,0,0,0,0,14,9,44.2,5.4,15,12,41.1,5.3,NA,NA,NA,6,NA,NA,NA,NA,13,13,47,5.5,7,6,41.1,6.3,0.5325,0.345,2.2365,0.505,2.984036061747552,-0.43557801828845566,-2.0170863899468685,7.436121726191255,1.3502094400396056,2.698813747269195,4.01133707111458,-2.178352683595621,7.051103805572792,0.6548606604605951,4.956529588847779,7.32,3.807222448276743,10.23,NA,NA,NA,NA,3.9771890658346383,13.36,3.328458357155429,9.09,11,5,40,0,0,0
R497211,completed,hmp_active,45,Woman,White,Yes,no,above_median,college_graduate,NA,9,0,0,0,1,1,1,NA,NA,NA,1,1,0,NA,NA,NA,no,0,0,0,0,0,0,1,0,NA,NA,NA,NA,NA,NA,NA,NA,11,5,57.9,4.6,10,7,55.5,3.4,NA,NA,NA,NA,NA,NA,NA,NA,NA,NA,NA,NA,NA,NA,NA,NA,NA,NA,NA,NA,NA,NA,NA,NA,NA,NA,NA,NA,NA,NA,NA,NA,5.841414259654668,2.76,NA,NA,NA,NA,NA,NA,NA,NA,11,0,0,3,0,0
R291408,completed,uc,40,Woman,Native,No,no,above_median,college_graduate,NA,6,1,1,1,1,1,1,1,0,0,1,0,0,1,0,0,yes,0,0,1,0,1,0,0,0,0,0,1,0,0,0,0,0,10,7,54.3,5,8,6,54.3,4.1,10,6,54.3,6.11,6,6,54.3,7,9,7,54.3,5.67,8,6,54.3,NA,1.1715,1.18,2.8435499999999996,0.34,3.2545320811636245,-0.12940744463582865,-2.8383261648794123,5.474299860795551,2.4139472631672176,2.7016351544627697,1.332952356182631,-2.562283018111441,7.896037474183674,2.7209207106265474,0.8439707149756664,9.23,NA,NA,NA,NA,5.738388485958224,13.22,2.854142562672436,11.89,NA,NA,NA,NA,NA,NA,NA,NA
R949245,completed,hmp_active,22,Man,more_than_one,No,no,below_median,not_college_graduate,NA,13,1,0,1,0,1,1,NA,NA,NA,0,1,0,NA,NA,NA,no,0,0,0,1,0,0,0,0,NA,NA,NA,NA,NA,NA,NA,NA,12,6,54,5.1,NA,NA,NA,NA,NA,NA,NA,NA,NA,NA,NA,NA,NA,NA,NA,NA,NA,NA,NA,NA,NA,NA,NA,NA,NA,NA,NA,NA,NA,NA,NA,NA,NA,NA,3.862807778259134,11.82,NA,NA,NA,NA,NA,NA,NA,NA,NA,NA,0,0,0,0,0,0
R339346,completed,hmp_active,35,Woman,White,Yes,no,below_median,not_college_graduate,NA,7,1,1,1,1,1,1,0,0,0,0,0,0,0,0,0,no,0,0,0,0,0,0,0,0,1,0,0,0,0,0,0,0,7,9,64.1,4.1,12,13,63,3.7,6,4,54.3,3.3,NA,NA,NA,NA,6,7,61.3,3.6,6,3,51.8,4.8,11.59785,1.28,13.5894,0.79,2.924094047719838,2.472488524961387,3.4500960000517003,4.732973480722335,3.9196131296527152,2.8219725597204386,3.4251147777763036,5.223293538322557,-1.762348279316651,4.16989690813136,0.20503584958284,10.53,5.8429395137478135,11.76,0.1789374674031336,4.59,NA,NA,5.161999418685967,0,6.7758814480233225,11.57,6,0,0,0,0,0
R361484,completed,hmp_active,44,Man,White,Yes,no,below_median,not_college_graduate,NA,8,0,0,0,0,0,0,0,0,0,0,0,0,0,0,0,no,NA,NA,NA,NA,NA,NA,NA,NA,0,0,0,0,0,0,0,0,7,6,59.2,4.7,6,6,63,5.1,16,15,65.3,4.67,8,6,61.8,3.4,14,14,73.5,5.2,6,8,58,5.1,1.1502000000000001,0.5,4.2067499999999995,0.18,2.1581945874040076,2.7201346538359212,-1.7231211843032899,-1.7231211843032899,2.911607803926346,2.0293667839324834,2.182329739656777,-1.634846857976909,7.576592909442574,-1.634846857976909,NA,NA,1.1572418213472613,4,NA,NA,NA,NA,NA,NA,NA,NA,9,0,0,0,0,0
R358867,completed,hmp_active,39,Woman,White,Yes,no,above_median,college_graduate,NA,13,0,1,1,1,0,1,1,0,0,1,0,0,1,0,0,no,0,0,0,0,0,0,0,0,0,0,0,0,0,0,0,0,12,13,46.3,5.8,12,16,46.3,5,13,15,46.3,5.6,14,16,47.9,5.9,15,18,54.3,6.1,14,17,48.9,5.1,0.05325,0.4,0.07455,0.500891498931634,2.9632144698657346,-3.320369468494757,-2.307997674400729,7.536217466670328,2.8567882995227856,2.6027270533296223,3.114283993613775,-2.573393761215703,4.654268737512952,2.952059177916081,0.2875423095379437,7.22,1.7867288847893,5.36,5.568903523751272,4.92,0.6729909074816756,6.16,0.1906290582568936,6.28,0.512823083320672,10.98,9,0,0,0,0,0
R198830,completed,hmp_full,43,Woman,White,Yes,no,above_median,college_graduate,NA,9,1,1,1,1,1,1,0,0,0,0,0,0,0,0,0,no,0,0,0,0,0,0,0,0,0,0,0,0,0,0,0,0,8,0,50.4,6,2,1,44.2,6.9,3,0,41.1,7.3,3,0,41.1,7.5,2,0,41.1,7.7,0,0,26.3,8.3,2.56665,0.6699999999999999,1.26735,0.28,3.049063673247106,0.19058469781443632,-3.4974352055068043,6.791280733636052,2.162047010252817,0.10808096169909188,-2.010012039118117,-0.7943850204438532,-0.7943850204438532,2.5014518455604757,NA,NA,NA,NA,NA,NA,NA,NA,NA,NA,NA,NA,6,77,8,1,40,0
R894014,completed,uc,57,Man,White,Yes,no,below_median,not_college_graduate,NA,5,1,0,1,1,1,1,1,0,0,1,1,0,1,1,1,no,0,0,0,1,0,0,0,0,0,0,0,0,0,0,0,0,5,2,58,3.6,5,2,60.2,3.9,NA,NA,NA,NA,6,4,54.3,3.6,6,8,56.5,1.5,13,3,62,1.8,1.114951056,1.62382,1.1009850719999998,NA,2.563520232203013,-2.5299536975979473,-1.7014526315640701,3.218528294264055,1.8538954299253438,2.3285198994139162,-2.1331501251043354,-1.4154025087635358,4.889046293658446,-1.4154025087635358,1.7077753296009566,4.17,4.803850155524335,11.33,NA,NA,1.4005345605218718,8.17,6.606871933756255,10.17,6.428181511882657,18.42,NA,NA,NA,NA,NA,NA
R112540,completed,hmp_active,46,Woman,White,Yes,no,below_median,not_college_graduate,NA,11,1,1,1,1,1,1,1,1,0,1,1,1,1,1,1,no,0,0,0,0,0,0,0,0,0,0,0,0,0,0,0,0,12,10,60.2,4.7,7,9,57.4,5.6,6,6,54.3,6.6,5,8,51.8,6.2,4,6,50.4,6.9,3,3,42.7,7.8,4.26,1.2999999999999998,0.8839499999999999,0.33,2.7771046598644245,3.933148953413523,-2.681359316572371,6.017655306596139,2.641650662566037,2.6281981181097436,3.180722559852775,-2.7170850044265538,-2.7170850044265538,3.688143453604288,3.536873217973427,9.82,2.953414619286451,10.34,2.120668550839111,4.84,2.1684545143701364,11.04,1.9428946789897252,4.35,1.783769940762289,11.3,11,0,0,0,0,0
R281436,completed,uc,40,Woman,White,Yes,no,below_median,not_college_graduate,NA,9,1,0,1,0,1,1,0,0,1,0,0,1,0,0,0,yes,0,0,0,0,0,0,0,0,1,0,1,0,0,1,0,0,11,9,58,4.9,6,3,43,6.3,7,3,51.9,6.4,4,0,54.3,7,5,2,49.5,6.3,6,4,46.3,6.3,1.3845,0.2,12.172949999999998,0.86,2.341589951578171,0.23173471466659912,5.857681473177057,-1.3223884011257385,-1.3223884011257385,2.411621544664683,5.172586128209678,5.128792592713609,-1.1901755210328258,-1.1901755210328258,7.2408087967866654,6.67,NA,NA,9.942252064744626,14.29,2.973904584078718,9.46,6.852556729202402,5.45,0.1755690880930636,8.47,NA,NA,NA,NA,NA,NA
R545642,completed,uc,40,Woman,NA,No,yes,above_median,not_college_graduate,NA,7,1,0,1,1,1,1,1,0,0,0,0,0,0,0,0,no,0,0,0,0,0,0,0,0,NA,NA,NA,NA,NA,NA,NA,NA,4,2,52.7,7.6,6,5,40.3,4.8,5,4,26.3,5.1,NA,NA,NA,NA,6,7,42.7,4.7,5,6,41.1,6,NA,NA,NA,NA,NA,NA,NA,NA,NA,NA,NA,NA,NA,NA,3.0843925397714256,6.29,0.8278420792934797,8.26,4.670041157170824,11.94,NA,NA,1.0503544848472408,10.32,0.1925064002121291,2.37,NA,NA,NA,NA,NA,NA
R660267,completed,hmp_full,26,Man,White,Yes,no,below_median,college_graduate,NA,5,1,0,1,0,1,1,0,0,0,1,0,0,1,0,0,no,1,0,0,0,0,0,0,0,1,0,0,0,0,0,0,0,7,5,55.8,5.9,6,6,65.9,5.1,5,7,52.7,5.7,5,7,56.3,5.4,7,4,63,6.2,8,7,55.8,6.4,0.11714999999999999,0.23,0.213,0.1,3.236262243633371,-3.7818672634464323,2.949689711824605,5.87158546958993,5.771768633264156,3.236682542307266,-3.695788468073977,3.6410907751141606,6.935188785163438,5.634005412465362,1.521657624107314,4.32,1.2544215168930837,7.18,4.826197407568205,6.67,2.1434369935212163,4.64,1.7096302730461592,7.93,4.904184426077363,12.12,10,47,18,0,0,0
R849227,completed,hmp_active,37,Woman,White,No,yes,above_median,not_college_graduate,NA,12,0,0,0,1,0,1,0,0,0,0,0,0,0,0,0,no,0,0,0,0,0,0,0,0,1,0,0,0,0,0,0,0,11,7,57.4,4,12,8,48.7,4,7,6,50.4,4.8,5,4,48.7,5.5,4,4,46.1,6.1,5,6,42.7,7,0.05325,0.15,0.30884999999999996,0.32,2.9743287051640883,1.2612295140036904,-2.2755278446722524,5.9862568348425,3.1755106088934486,3.035099665579818,-3.3715648084472982,-2.404097156440265,4.423532078062587,3.1213557826915195,3.6044921548829754,10,1.7475953912997335,3.54,1.1598365833690465,11.79,3.216738082364936,7.36,0.3158586796156836,7.31,2.2898193030392267,10.66,21,0,0,9,0,0
R444681,completed,hmp_active,43,Woman,White,Yes,no,above_median,college_graduate,NA,6,1,0,1,0,1,1,0,0,0,0,1,0,0,1,0,no,NA,0,0,0,0,0,0,0,0,0,0,0,0,0,0,0,10,8,66.5,7.6,4,4,55.8,7,8,6,55.8,7.5,NA,NA,NA,NA,7,4,57.9,7.7,2,6,63,7.1,21.299999999999997,0.52,7.678649999999999,1.0550000000000002,2.3542724404077675,-2.1899007347338606,-1.6079353374764622,-1.6079353374764622,-1.6079353374764622,2.671321523288929,-2.290769023967977,-1.9982381011779164,7.489506708838913,1.3690577288085577,2.585205085686695,10.99,3.3689059813111704,4.2,NA,NA,NA,NA,1.9831471007901929,5.17,NA,NA,4,0,0,1,0,0
R912433,completed,hmp_active,51,Woman,White,Yes,no,above_median,college_graduate,NA,5,0,0,0,0,0,0,0,0,0,0,0,0,0,0,0,no,0,0,1,0,0,0,0,0,0,1,0,0,0,0,0,0,7,2,63,5.3,11,5,74.6,5.7,10,2,69.3,5.7,9,2,48.9,6,5,2,54.3,6.5,2,0,47.9,6.9,1.8039395999999999,0.32307,5.265175968,0.5687,2.3782823230132806,-2.107995006997332,1.2489162938251968,5.351124592507512,1.85982537614817,2.9996621082069757,-2.4500826278733148,-2.1960028891507553,5.744580937953488,3.0872008395872332,0.3963322477416446,2.22,4.776305181072483,9,0.1366624769103745,3.13,0.1970425425745482,5.92,1.2643908558476782,5.13,1.4326669928777749,4.76,25,0,0,54,0,0
R441099,completed,hmp_active,45,Woman,White,Yes,no,above_median,college_graduate,NA,7,1,1,1,1,1,1,NA,NA,NA,0,0,1,NA,NA,NA,no,0,0,1,0,0,0,0,0,NA,NA,NA,NA,NA,NA,NA,NA,7,6,54.3,4.9,6,1,54.3,5.3,NA,NA,NA,NA,NA,NA,NA,NA,NA,NA,NA,NA,NA,NA,NA,NA,NA,NA,NA,NA,NA,NA,NA,NA,NA,NA,NA,NA,NA,NA,5.877529044313612,11.04,5.213127208438198,10.44,NA,NA,NA,NA,NA,NA,NA,NA,0,0,0,0,0,0
R624133,completed,hmp_full,42,Man,White,Yes,no,below_median,college_graduate,NA,8,1,0,1,1,1,1,0,1,1,0,1,0,0,1,0,no,0,0,0,0,0,0,0,0,1,0,0,0,0,0,0,0,7,7,57.9,5.5,8,12,59.5,3.56,10,7,54.3,5.4,6,8,55.8,5.5,5,4,52.7,6.5,6,6,46.3,6.6,21.299999999999997,2.78,21.299999999999997,1.81,2.5791768898634415,-1.7064538892338468,-1.0687105768928689,4.945004579149933,-1.0687105768928689,2.8973241465567634,-2.617614711689859,-1.6271674216030567,7.397204752658974,1.9837504910411674,1.7078097233497274,8.74,2.1216319485326647,8.67,5.6133009682922665,11.73,0.1800347514597482,11.39,0.1643706733300173,11.68,2.996909458667399,9.26,16,5,33,0,0,0
R985843,completed,uc,35,Woman,White,No,yes,above_median,college_graduate,NA,7,1,0,1,1,1,1,0,1,0,0,1,0,0,1,0,no,0,0,0,0,0,0,0,0,0,0,0,0,0,0,0,0,8,12,63.4,6.2,8,6,55.8,5.9,8,8,49.2,6.6,5,6,54.3,7,8,7,61.2,6.6,13,8,57.9,6.2,0.35145,0.255,0.6389999999999999,0.04,3.007825979826219,-2.6303767431719547,-2.0907154445549048,4.807999089775083,4.089301209097668,2.607567593804113,-2.220387416941473,-1.7463215339354639,5.6985117399567295,2.331215909970256,2.1041312125320872,4.28,2.047876202028188,7.48,NA,NA,3.016972506277499,13.29,7.031057237834435,11.24,3.541002869949963,10.94,NA,NA,NA,NA,NA,NA
R659399,completed,hmp_full,24,Woman,White,Yes,no,above_median,college_graduate,NA,11,1,0,1,0,1,1,NA,NA,NA,0,0,0,0,0,0,dont_know,0,0,1,1,0,1,0,0,NA,NA,NA,NA,NA,NA,NA,NA,11,10,71.5,6.7,14,15,70.6,5.3,NA,NA,NA,NA,17,17,64.9,6,14,12,70.6,5,NA,NA,NA,NA,NA,NA,NA,NA,NA,NA,NA,NA,NA,NA,NA,NA,NA,NA,0.1542757730930981,8.89,3.094053315660188,2.5,NA,NA,4.454491441852448,2.65,1.6675489541701554,6.43,NA,NA,9,20,36,1,0,5
R657609,completed,uc,58,Woman,White,Yes,no,below_median,college_graduate,NA,8,1,1,1,1,1,1,0,0,0,0,0,0,0,0,0,no,0,0,0,0,0,0,0,0,0,0,0,0,0,0,0,0,6,6,63,5.9,8,6,62,6.11,6,8,56.5,6.29,9,6,54.3,5.7,4,6,57.9,6.4,4,5,55.8,6.2,0.932229432,0.5069899999999999,1.22784276,0.42712999999999995,2.6391986061209036,0.7177144079425792,3.679357694591144,4.0968211007661095,0.36098466356440206,2.896724932604616,2.152778554417281,3.459867498273794,4.7920481859111135,-2.2405760751168926,2.7275840735951853,2.47,3.6058413223121457,6.98,3.759359235118601,6.92,4.516178103883486,10,1.6536455470675435,9.62,3.818186476028213,9.72,NA,NA,NA,NA,NA,NA
R319800,completed,hmp_full,22,Woman,White,No,yes,below_median,college_graduate,NA,9,1,0,1,1,1,1,NA,NA,NA,1,0,1,NA,NA,NA,no,0,0,0,0,0,0,0,0,NA,NA,NA,NA,NA,NA,NA,NA,9,5,59.4,7.6,9,18,54,5.9,NA,NA,NA,NA,NA,NA,NA,NA,NA,NA,NA,NA,8,6,NA,8.4,NA,NA,NA,NA,NA,NA,NA,NA,NA,NA,NA,NA,NA,NA,2.182287336305337,10.66,NA,NA,NA,NA,NA,NA,NA,NA,NA,NA,1,0,8,1,0,0
R145392,completed,hmp_active,61,Woman,White,Yes,no,NA,not_college_graduate,NA,8,1,0,1,0,1,1,0,1,0,0,1,0,0,0,1,yes,0,0,0,0,0,0,0,1,0,0,0,0,0,0,0,0,5,3,46.1,7.1,6,6,50.4,7.1,6,1,48.8,7.4,4,3,44.4,7.5,5,3,44.7,7.8,6,6,44.2,7.9,3.9298499999999996,0.4,3.5784,0.48,2.8548411482289033,3.833727958000816,5.419595604931416,7.488169858063242,4.446876070047919,3.0104903327099732,1.512324927333729,5.079128028046614,7.608823828779183,6.436812488471755,1.2094195924212392,6.01,1.5126819394186586,9.14,1.074550479185708,10.63,2.1519080220939744,4.81,1.5101813068824983,5.26,1.3765610495035756,9.44,0,0,0,0,0,0
R251178,completed,uc,23,Woman,White,Yes,no,above_median,college_graduate,NA,9,1,0,1,1,1,1,0,0,0,0,0,0,0,0,0,no,0,0,0,0,0,0,0,0,0,0,0,0,0,0,0,0,9,6,67.8,6.3,7,4,60,5.7,7,5,59.4,6,6,4,57.8,6.6,6,4,58,7.4,6,7,51.9,7.6,2.82225,0.18,7.476299999999999,0.575,2.5890312536686766,4.766133968406049,-1.7810102300698483,8.452464289398488,3.8714789501988025,2.6360313862077454,-2.190964949314644,-1.7814533161507216,8.14031610006342,5.4092227181814865,0.2884786817583881,10.36,4.170274316261789,10.87,0.3605885578122654,9.09,2.325567177990282,9.12,0.8792143018321591,8.02,0.4295941243515245,12.36,NA,NA,NA,NA,NA,NA
R349904,completed,hmp_full,46,Woman,White,Yes,no,below_median,not_college_graduate,NA,17,1,1,1,1,1,1,1,1,0,0,1,1,0,1,0,yes,0,0,0,1,0,0,0,0,0,0,0,1,0,0,0,0,14,7,57.7,2.9,11,8,52.7,2.3,14,9,48.7,3.4,19,12,41,1.5,13,7,46.1,1.7,9,7,48.4,2.4,10.61805,1.065,11.9919,0.86,2.5469657411077478,2.1581679821238406,-1.9352313978727214,-1.9352313978727214,-1.9352313978727214,2.102915047278513,4.691442573985226,-1.7096147100205745,1.9539469361090718,-1.7096147100205745,NA,NA,NA,NA,NA,NA,NA,NA,NA,NA,NA,NA,12,20,5,2,0,0
R835401,completed,hmp_full,22,Woman,Asian,No,no,above_median,college_graduate,NA,10,1,1,1,1,1,1,0,0,0,1,0,0,1,0,0,no,0,0,0,0,0,0,0,0,0,0,0,0,0,0,0,0,10,8,64.1,4.8,5,6,63,5.9,6,6,59.4,6,9,6,63,6.3,7,6,57.9,6.56,8,4,52.7,5.1,0.18105000000000002,0.09,2.3217,0.5,2.8067056019070495,3.864830476836113,-1.864190179411103,6.919818891775529,4.793820866459646,2.8825820150197115,1.4037283807870908,-1.9907881017641653,7.387183111595968,4.377399084586327,3.918913730485173,10.67,NA,NA,1.7970945548520072,4.26,3.3179513368205176,8.67,5.903006632443413,7.26,8.58268262315752,9.85,12,10,48,2,0,20
R110834,completed,uc,29,Woman,White,Yes,no,below_median,college_graduate,NA,8,1,0,1,1,1,1,0,0,0,0,0,0,0,0,0,no,0,0,0,0,0,0,0,0,0,0,0,0,0,1,0,0,7,6,54.3,6.4,12,11,59.4,5.7,11,8,54.3,6.1,13,9,56.5,5,9,9,54,4.9,7,3,54.3,5.5,1.2993,0.19,1.6401,0.58,2.681086010611977,-2.812662762165623,-2.2003846391266726,7.342635071232021,3.030723977727914,2.52297717971144,-3.097514757354232,-2.0942703284593165,7.140860212324085,4.68451456922586,2.341383768038608,6.57,1.3590421584949763,7.83,2.761225613349687,6.8,3.893917648978944,5.61,2.2169995593106724,11.05,3.236572180905946,6.38,NA,NA,NA,NA,NA,NA
R375918,completed,hmp_full,63,Woman,White,Yes,no,below_median,not_college_graduate,NA,11,1,0,1,1,1,1,NA,NA,NA,0,0,0,NA,NA,NA,no,0,0,0,0,0,0,0,0,NA,NA,NA,NA,NA,NA,NA,NA,7,9,63.4,3.6,NA,NA,NA,NA,NA,NA,NA,NA,NA,NA,NA,NA,NA,NA,NA,NA,NA,NA,NA,NA,NA,NA,NA,NA,NA,NA,NA,NA,NA,NA,NA,NA,NA,NA,NA,NA,NA,NA,NA,NA,NA,NA,NA,NA,NA,NA,0,0,0,0,0,0
R127683,completed,hmp_full,29,Woman,White,No,yes,below_median,not_college_graduate,NA,17,1,1,1,1,1,1,NA,NA,NA,0,1,0,0,1,0,no,0,0,0,0,0,0,0,0,NA,NA,NA,NA,NA,NA,NA,NA,13,9,61.2,4.9,11,12,50.4,6.1,8,9,46.3,5.2,7,10,46.3,6.3,6,4,52,6.9,NA,NA,NA,NA,NA,NA,NA,NA,NA,NA,NA,NA,NA,NA,NA,NA,NA,NA,3.627767015132112,10.2,3.031665411187774,6.67,2.655901989280449,13.89,1.7265772800916936,9.94,3.966121887967149,7.59,NA,NA,9,37,5,0,0,0
R285776,completed,hmp_active,42,Woman,White,Yes,no,below_median,college_graduate,NA,12,1,1,1,1,1,1,0,0,0,0,0,0,0,0,0,yes,1,0,1,1,0,0,0,0,1,0,0,1,0,0,0,1,11,12,62.4,3.8,12,14,66.4,3.4,16,15,67.1,3.1,18,15,68.3,3.2,16,14,68.3,3,14,12,66,4.1,0.8839499999999999,0.19,1.0969499999999999,0.12,2.467513104720544,0.8160125936850036,-1.8242152228336685,-1.8242152228336685,3.537076942875757,2.5691510981055297,1.3670803781289085,-1.9757391651892076,2.341748948347103,3.266007849870435,7.186307139074242,7.41,3.559660264778864,8.54,6.127024097738527,7.79,5.067399701180286,7.48,4.690085662150512,10.2,1.4140446242111244,3.63,25,0,0,53,0,0
R420222,completed,uc,45,Man,Black,No,no,below_median,college_graduate,NA,12,0,0,0,0,0,0,0,0,0,0,0,0,0,0,0,no,0,0,0,0,0,0,0,0,1,0,0,0,0,0,0,0,1,2,34.5,8.78,0,0,26.3,8.25,0,0,31.5,8.44,NA,NA,NA,NA,0,1,35.8,8.3,1,2,43.2,7.9,0.36210000000000003,0.22999999999999998,21.299999999999997,4.29,2.70686635178853,5.401343751034264,-2.2677252867233446,4.608539325167421,4.176405969977096,2.749866027320943,1.235309016172987,3.2278961671097206,4.447410228646868,3.090340624185473,0.8613224688370246,8.97,3.8158397800972095,4.69,2.38688880242327,12.14,NA,NA,0.3900502677755436,5.81,0.2927674692314527,5.3,NA,NA,NA,NA,NA,NA
R556865,completed,hmp_full,56,Woman,more_than_one,No,yes,below_median,not_college_graduate,NA,20,1,1,1,1,1,1,0,0,0,1,0,0,1,0,0,no,0,0,0,0,0,0,0,0,0,0,0,0,0,0,0,0,19,13,63,5.3,9,7,63,5.7,13,9,63,5.7,17,21,80.5,6.1,16,10,65.3,5.9,10,8,47.4,6.4,0.435273168,0.40656000000000003,NA,NA,2.4482608839694078,-1.6748073333655493,-1.631545514028525,8.14257339816632,2.0320161321011208,2.3020644576540423,3.6026792559092637,-1.6714643501920845,7.392809245649315,0.893485007269452,6.102503254758669,10.39,4.673304220187031,8.07,5.910659007706925,8.12,1.5522580959239056,7.35,1.687002044640053,7.69,7.19352717432863,8.95,20,80,15,53,545,40
R571212,completed,uc,30,Woman,White,Yes,no,below_median,not_college_graduate,NA,14,1,0,1,1,1,1,1,1,1,1,1,0,1,0,1,no,1,0,0,0,1,1,0,0,0,0,0,0,0,0,0,0,10,4,46.3,5.1,18,9,57.9,6.1,11,9,55.8,4.89,14,9,51.9,6,7,11,57.9,5.9,9,4,52,6.1,0.13845,0.48,0.96915,0.79,2.5191346725212984,1.5600797560091808,-2.0259520093588304,7.793555929382023,0.6820981917433795,2.153393095367088,-2.059340801709496,-1.5315603038174024,8.81670921920384,2.5114909640171477,0.3034991619642736,10.67,5.304120793483551,14.08,0.2357605277211309,16.39,2.295486025060661,11.76,0.3822613332555445,12.2,8.769190519497807,12.86,NA,NA,NA,NA,NA,NA
R977728,completed,hmp_full,45,Woman,White,Yes,no,below_median,not_college_graduate,NA,8,0,0,0,0,1,1,1,0,1,1,0,1,1,0,1,no,0,0,0,1,0,0,0,0,0,0,0,1,0,0,0,0,9,8,54.3,6.2,7,9,52,6,12,10,59.4,5.1,9,8,54.3,5,8,9,54.3,5.7,8,12.83,52.7,6,0.8307,0.76,0.64965,0.77,2.7196238298681252,-0.4907422223167779,-1.8619671950981758,7.845079592083115,0.5359280777001949,2.6792964305880553,-2.676528723873249,-1.7227822845406777,6.069979436275848,0.675112988257693,2.468986421888314,16.18,4.465566920721761,8.99,NA,NA,NA,NA,0.3739273838574208,12.24,3.435622557043442,11.32,16,27,0,9,30,0
R135543,completed,hmp_active,45,Woman,White,Yes,no,above_median,college_graduate,NA,9,1,0,1,1,1,1,1,1,0,1,1,0,1,1,0,no,0,0,0,0,0,0,0,0,0,0,0,0,0,0,0,0,6,5,61.2,6.6,2,2,61.2,6.4,2,3,58.4,6.5,2,4,54.3,6.8,2,2,54.3,7.1,5,3,54.3,7.1,1.0436999999999999,0.29000000000000004,1.8531,0.13,NA,NA,NA,NA,NA,NA,NA,NA,NA,NA,4.249608264090176,8.16,1.6368751799437171,10.84,2.6013830617695395,6.16,0.2631751101702472,7.74,2.188040892801689,8.47,4.47538675556036,4.17,11,0,0,4,0,0
R923833,completed,hmp_active,25,Woman,White,Yes,no,below_median,not_college_graduate,NA,17,1,1,1,1,1,1,NA,NA,NA,0,0,1,NA,NA,NA,yes,0,0,0,0,0,0,0,0,NA,NA,NA,NA,NA,NA,NA,NA,17,14,56.5,7.7,16,7,55.8,7.78,NA,NA,NA,NA,NA,NA,NA,NA,NA,NA,NA,NA,NA,NA,NA,NA,NA,NA,NA,NA,NA,NA,NA,NA,NA,NA,NA,NA,NA,NA,0.5299642619605065,9.6,NA,NA,NA,NA,NA,NA,NA,NA,NA,NA,7,0,0,0,0,0
R679610,completed,hmp_active,29,Woman,White,Yes,no,below_median,college_graduate,NA,5,1,0,1,0,1,1,0,1,0,1,1,0,0,1,1,no,1,0,0,0,0,0,0,0,0,0,0,0,0,0,0,0,6,2,44.2,5,5,3,44.8,3.4,6,4,51.9,5.3,6,6,55.6,4.9,6,6,47.4,4.6,6,6,47.9,3.8,1.13955,NA,0.7880999999999999,NA,3.058480307230229,-3.2551887288662362,-2.4992141538129937,6.174469834362677,1.5438371140215565,2.8006351132432186,1.1211961244963362,-2.3133653937072567,7.152934158524759,3.6905216733992825,4.485150456589914,8.13,7.565748717355407,10.13,4.75490240179086,8.33,8.638285795424238,10.9,0.7441814187173237,9.84,4.46270480716083,9.23,20,0,0,2,0,0
R449434,completed,hmp_active,50,Woman,White,Yes,no,above_median,college_graduate,NA,9,1,0,1,1,1,1,1,0,1,0,0,0,0,0,1,yes,0,0,1,0,0,1,0,0,0,0,1,0,0,1,1,0,8,6,68.9,6.5,8,5,65.5,6.6,11,6,60.1,6.9,9,6,66.5,7.11,10,7,66.5,7.1,9,6,50.2,5.2,0.4899,0.54,0.2556,0.195,2.3557648517205414,3.072568810036786,-1.857745658893784,6.023436543333318,2.7962146912637396,2.489199804811115,1.3546644191288004,-2.0173601566661956,-2.0173601566661956,4.772737078847709,6.154191292233541,9.26,5.870713000221056,14.43,5.562088754827108,9.35,0.941209392645621,13.64,4.095930367180259,12.57,NA,NA,18,0,0,28,0,0
R286243,completed,hmp_active,25,Woman,White,Yes,no,below_median,college_graduate,NA,8,1,0,1,1,1,1,NA,NA,NA,0,0,1,0,0,1,no,0,0,0,0,0,0,0,0,NA,NA,NA,NA,NA,NA,NA,NA,12,6,57.1,5.3,16,14,64.1,5.2,10,17,57.9,5.9,NA,NA,NA,NA,18,15,63,4.4,NA,NA,NA,NA,NA,NA,NA,NA,NA,NA,NA,NA,NA,NA,NA,NA,NA,NA,5.254057821531939,11.48,4.271858920357322,10.87,5.741238530721264,6.94,NA,NA,6.466661393979156,6.34,NA,NA,7,0,0,4,0,0
R800702,completed,hmp_active,25,Woman,more_than_one,No,no,below_median,college_graduate,NA,13,1,1,1,1,1,1,0,0,0,0,0,0,0,0,0,no,0,0,0,0,0,0,0,0,NA,NA,NA,NA,NA,NA,NA,NA,11,18,55.8,7,13,18,47.9,6.8,9,14,46.1,7.6,NA,NA,NA,NA,10,16,41.1,8,9,13,48.7,7.5,NA,NA,NA,NA,NA,NA,NA,NA,NA,NA,NA,NA,NA,NA,3.642436800928949,7.89,2.0920229690243763,14.49,3.1270757206419217,9.4,NA,NA,0.1581001576127836,5.04,4.570457157671335,5.84,18,0,0,1,0,0
R621423,completed,hmp_full,29,Woman,White,Yes,no,below_median,college_graduate,NA,13,1,1,1,1,1,1,0,0,0,0,0,0,0,0,0,yes,0,0,0,0,0,0,0,0,0,0,0,0,0,0,0,0,15,11,59.4,3.8,11,12,54.3,4.67,10,7,55.8,4.7,6,8,60.2,5.7,10,8,59.4,6.3,6,9,59.4,4.9,2.7966882959999997,1.09142,1.540913568,0.46706,2.543219663718915,-2.719218200570747,-1.9869642172692283,6.663885358959682,1.7742358984243338,2.897592877000616,-2.30724699118731,-1.8543632109344799,6.441933901708027,2.0774624217898454,3.537227738809743,11.4,3.647874677791887,13.17,1.5517777927724752,6.04,1.7126853486365363,5.26,4.583574227753234,8.85,1.013713082162809,6.47,14,42,16,0,0,0
R642184,completed,hmp_full,57,Woman,Black,No,no,below_median,not_college_graduate,1,12,0,0,0,1,0,1,0,0,0,0,0,0,0,0,0,no,0,0,0,0,0,1,0,0,0,0,0,1,0,0,0,0,5,1,57.1,5.5,NA,NA,NA,NA,10,15,61.5,5.6,13,12,64.9,4.9,5,6,63,5.3,4,4,61.8,5.8,0.09584999999999999,16.38,0.2982,28.3,3.2954217807245336,-3.14401814508393,-2.3867602852354226,6.348604115868468,3.7422899248251227,3.2761646379120903,-2.967946505302355,-2.3420622838056198,3.4660802061748237,3.100355426716173,0.5771811094415409,7.69,NA,NA,0.6561662465934436,14.05,2.687840498245432,5.56,6.023737690768682,12.38,0.2995221598790764,8.59,26,157,8,47,160,25
R255366,completed,hmp_full,23,Woman,White,Yes,no,below_median,not_college_graduate,NA,8,1,0,1,0,1,1,0,0,0,0,0,0,0,0,0,yes,0,0,0,0,0,0,0,0,0,0,0,0,0,0,0,0,6,9,36.7,7.1,6,8,32.8,6.9,5,3,32,6.3,2,4,38,7,3,3,41.1,7.5,3,3,41.1,7.5,0.058191599999999996,0.3872,0.266517528,0.26861999999999997,3.022769867273679,-2.9330143342606605,0.4009483573065109,7.5436541335592,3.768244187292985,3.196275947986945,-2.7508450809374794,-2.050823456707046,6.190616233122684,2.7933636297515454,3.225746991864227,8.47,2.4494873412715368,4.98,3.515340309981672,4.79,1.717442736491749,10.04,1.671247458342829,10.18,2.312875943267468,12.23,14,27,15,6,15,0
R359292,completed,hmp_active,31,Woman,more_than_one,No,no,below_median,college_graduate,NA,5,1,0,1,0,1,1,0,0,0,0,0,0,0,0,0,no,0,0,0,0,0,0,0,0,0,0,0,0,0,0,0,0,3,1,48.8,7,1,0,46.3,7.5,1,2,46.3,8,1,0,46.3,7.3,0,0,41.1,7.4,0,0,44.2,7.9,0.7242000000000001,0.34,0.84135,0.96,2.487456724897037,-2.175239192232694,4.861371368624718,7.879384977597347,-1.4611938713025658,2.6669606321804955,-1.9700747898471693,5.079395269888895,7.344499068705453,-1.281907207684101,0.8218928707885164,11.54,1.4220183389129,2.63,2.802315637342284,13.71,1.2393101675336138,11.67,2.703398474143839,11.21,1.1493494719049062,12.5,12,0,0,25,0,0
R518511,completed,hmp_full,24,Woman,Asian,No,no,below_median,college_graduate,NA,21,1,1,1,1,1,1,1,1,1,0,1,1,1,1,1,yes,0,0,0,0,0,0,0,0,0,0,0,0,0,0,1,0,20,19,72,3.6,14,14,51.8,4,11,13,42.7,5.9,6,6,50.4,6.1,4,5,51.9,7.1,6,9,54,6.7,0.96915,0.13,0.22365,0.01,2.363372908886924,4.623805074233212,-1.7574863905167577,8.263828641132573,0.640408882281613,2.689053026980562,3.904282636355791,4.228073522963561,6.379835726223023,0.8971926397188648,NA,NA,2.84355952736046,12.64,NA,NA,0.2398016071872981,9.63,0.2199477816743963,9.68,0.1992349484212136,8.2,7,17,38,0,0,0
R471854,completed,uc,56,Woman,White,Yes,no,below_median,not_college_graduate,NA,9,0,0,0,0,0,0,1,0,1,1,0,0,1,0,1,no,0,0,1,1,0,1,0,0,0,1,1,1,0,1,0,0,12,18,60.5,7,6,7,54.3,7.7,6,7,59.4,7,7,7,59.4,7.1,6,9,59.1,8,7,13,59.4,7.4,0.4366499999999999,0.28,0.47925,0.21,2.5460732205510044,5.419334614100396,-2.817622566895804,-2.817622566895804,3.2106559533348946,2.2550547247552277,5.011422259500433,-2.0390293458786104,9.026154834653157,1.6745427208256976,3.5710381297879583,2.55,2.4755691222077183,11.44,2.3296178028697616,5.81,5.483986159149352,10.04,5.165093774011238,8.57,2.8937250360360154,5.15,NA,NA,NA,NA,NA,NA
R593215,completed,hmp_active,37,Woman,White,Yes,no,below_median,college_graduate,NA,9,1,0,1,1,1,1,0,0,0,1,0,0,0,0,0,no,0,0,0,0,0,0,0,0,0,0,0,0,0,0,0,0,7,6,59.6,5.1,9,5,53.5,3.9,5,2,59.6,4.4,8,3,59.6,4.4,10,3,59.9,3.6,9,7,59.9,3.7,3.8659499999999998,1.1,5.61255,0.32,2.9479713452705276,-3.2516509348144655,3.0562855303641783,6.9066328923625555,3.2362569098131795,2.7499237198896522,-3.2428801556280393,3.8619291768923047,7.735918393359858,2.6406249162147284,1.0426902009963928,5.79,NA,NA,3.2725412258018367,9.6,1.0665203976190365,8.5,4.848601646275095,6.12,3.968287354853757,9.38,12,0,0,0,0,0
R705728,completed,hmp_full,41,Woman,White,Yes,no,below_median,not_college_graduate,NA,14,1,1,1,1,1,1,0,0,0,0,0,0,0,0,0,no,0,0,0,0,0,1,0,0,0,0,0,0,0,1,0,0,14,15,65.9,4.7,14,15.17,64.1,5.1,13,13,63,5.8,8,8,63,6.22,9,4,65.3,6.7,9,9,65.3,7.56,0.0639,1.31,0.5964,0.71,2.5273834120063174,1.7057750478972626,-2.1530695762673235,1.9578042879059876,2.837363010511412,2.96816263533602,2.704763316494174,-2.6672097832190342,2.3890360221292744,3.993365366620652,2.6548944540792694,6.35,3.936713337893434,5.24,2.9677818921988988,4.59,0.7535200266019254,2.2,2.61197606412513,5.19,2.0749550769334766,3.13,0,0,0,0,0,0
R878648,completed,hmp_full,39,Woman,White,Yes,no,below_median,not_college_graduate,NA,7,1,0,1,0,1,1,0,0,0,0,0,0,0,0,0,no,0,0,0,0,0,0,0,0,1,0,0,0,0,0,0,0,6,6,58,5,3,3,46.3,6,4,4,46.3,6.2,5,1,46.3,6.3,3,1,46.3,6.6,0,3,44.2,6.4,1.9809,0.93,1.26735,0.56,3.1670220464675882,-3.2951028573073864,4.8520758930685846,6.701437891186988,6.539627983297958,2.9307942007505976,0.08491835260786695,4.913242361286345,5.854658985075494,4.069255762202797,0.541145990031169,7.94,8.601202098758543,4.9,7.388226083682406,5.33,4.8877953639903,7.84,5.829072952573444,5.52,2.42094312707194,9.04,19,27,105,3,0,10
R841358,completed,hmp_full,20,Woman,White,No,yes,above_median,not_college_graduate,NA,5,1,0,1,0,1,1,1,1,1,0,0,1,0,0,1,no,0,0,0,0,0,0,0,0,0,0,0,0,0,0,0,0,7,3,52.7,7.6,NA,NA,NA,7.4,5,3,54.3,6.6,7,5,54.3,7.1,2,1,26.3,6.6,6,4,54,7,NA,NA,NA,NA,NA,NA,NA,NA,NA,NA,NA,NA,NA,NA,2.819930801235212,8.64,NA,NA,NA,NA,1.3872396738434143,14.15,NA,NA,3.4167166651876792,13.19,5,14,28,1,0,5
R910810,completed,hmp_active,62,Man,White,Yes,no,below_median,college_graduate,NA,16,0,1,1,1,0,1,0,0,0,0,0,0,0,0,0,no,0,0,0,0,0,0,0,0,0,0,0,0,0,1,0,0,16,11.67,70.6,4.9,NA,NA,NA,NA,16,14,63,5.9,16,14,55.7,3.9,16,14,63,6.4,16,7,62,3.3,0.7880999999999999,0.17,0.24495,0.17,2.5675885628056347,-2.102974356324834,-1.6548952328376698,6.0957194999327395,3.2650856929904553,2.734015792567519,-2.641900987211782,-1.8734482423117522,6.933874025199318,5.850114229966218,2.7394564763667457,5.17,NA,NA,1.959714975854491,0,1.1698408755777985,4,4.235770546471357,0,NA,NA,5,0,0,5,0,0
R806731,completed,uc,57,Woman,White,Yes,no,above_median,college_graduate,NA,11,1,0,1,0,1,1,0,1,0,0,1,0,0,0,1,yes,0,0,0,0,0,0,0,0,0,0,1,0,0,0,0,0,4,7,47.9,7.9,5,6,50.2,7,5,8,50.2,7.2,5,4,46.3,7.3,3,1,46.3,7.2,4,1,46.3,7,2.745479688,1.30196,4.692570624,1.5717899999999998,2.248683497000398,-2.900324121781317,-1.7554748817201093,7.235838454453702,2.449217737670857,2.871485648835775,-3.228717928429432,-2.0974740891734274,6.39440129425852,3.0084713847271525,2.8306712333604978,4.4,0.2262559265387918,9.77,5.458085789154699,0.64,4.345079059881251,7.61,0.7255895661421391,8.05,3.70367896742236,11.11,NA,NA,NA,NA,NA,NA
R529097,completed,hmp_full,37,Woman,White,Yes,no,below_median,not_college_graduate,NA,9,1,1,1,1,1,1,NA,NA,NA,0,0,0,NA,NA,NA,no,0,0,0,0,0,0,0,0,NA,NA,NA,NA,NA,NA,NA,NA,4,4,41.9,7.8,8,3,38.7,6.9,3,2,40.6,8.3,NA,NA,NA,NA,NA,NA,NA,NA,NA,NA,NA,NA,NA,NA,NA,NA,NA,NA,NA,NA,NA,NA,NA,NA,NA,NA,2.621553684074868,4.23,3.4649336319938278,8.9,0.6888210681129409,5.37,NA,NA,NA,NA,NA,NA,14,27,65,0,0,0
R703243,completed,uc,34,Woman,White,No,yes,below_median,not_college_graduate,NA,9,1,0,1,1,1,1,0,0,0,0,0,0,0,0,0,yes,0,0,0,0,0,0,0,0,0,0,1,1,0,0,0,0,8,5,57.4,7.3,10,3,63,7.2,14,7,67.7,6.3,12,11,67.3,6.2,14,11,68.4,5.2,5,5,50.4,8.4,3.1098,0.85,1.1076,NA,2.787692134122385,-2.20644400873086,-1.6422156782911603,7.278440618562568,2.5009190481003722,2.9210988382784624,1.0262348470282434,-1.9063755018149737,2.3277310027822855,4.575201627461457,3.067336490846964,7.84,4.965465650787908,5.26,0.2337732607783236,5.71,2.446971462802142,6.96,4.641264487740531,9.22,6.503013071117238,4.31,NA,NA,NA,NA,NA,NA
R776282,completed,hmp_active,36,Woman,White,Yes,no,above_median,not_college_graduate,NA,16,1,1,1,1,1,1,0,0,0,0,0,0,0,0,1,yes,0,0,0,0,0,0,0,0,0,0,0,0,0,0,0,1,15,13,68.9,5.2,14,16,67.5,4.3,11,12,67,3.2,9,8,58,5.1,3,8,50.4,5.7,4,2,58,6.5,5.3675999999999995,1.83,7.060949999999999,1.11,2.6780575255570622,-2.5062981572823277,-1.7443387102305823,-1.7443387102305823,3.616953455478843,2.904505270985996,7.044694296601278,-2.002100061427609,1.9681918521245128,5.353541041546644,6.591340622600734,9.6,1.3778550391404365,6.52,2.3743859110386767,6.56,6.969981181768651,7.2,1.24267624859902,10.1,7.083593818308799,9.18,12,0,0,3,0,0
R546694,completed,hmp_active,33,Man,White,Yes,no,below_median,college_graduate,NA,8,0,0,0,1,1,1,0,1,1,0,0,1,0,0,1,no,0,0,0,0,0,0,0,1,0,0,0,0,0,0,0,0,6,4,58.3,7.8,7,6,54.3,7.4,6,5,58,7.7,5,5,59.4,7.9,5,5,58,8,5,4,46.3,7.8,0.10241721599999999,0.53361,0.20599826399999996,0.79376,2.944521219913357,-2.949010012408997,-2.1811580755515063,7.460120200505871,2.563774052811744,2.924648472109624,-1.4139090111811665,-2.1487973157786975,6.899847317197187,0.7956416633877432,3.8092540686413776,7.95,2.573486409815032,6.19,0.355393620451309,5.56,5.929732025198802,7.23,0.2074296586215399,3.64,2.111023613384027,3.6,18,0,0,0,0,0
R188352,completed,hmp_full,47,Woman,White,Yes,no,below_median,college_graduate,NA,9,1,0,1,1,1,1,0,0,0,0,0,0,0,0,0,no,0,0,1,0,0,0,0,0,1,0,0,0,0,0,0,0,9,11,46.3,5,3,5,54.3,6.3,3,3,46.3,7.2,2,1,50.4,7.8,2,3,42.2,8.3,0,1,46.3,8.4,1.2886499999999999,0.57,0.9798,0.56,2.0988802712341617,-2.461618594421511,-1.4628044243593745,8.738822828527368,-1.4628044243593745,2.048209674396979,-2.341594732201309,-1.4963774762739908,7.889008043525371,-1.4963774762739908,NA,NA,0.2153307907083282,6.67,1.3259671396173611,11.34,0.2885336053926254,10.1,4.980782407423616,7.29,1.254069515752307,13.41,16,7,65,3,0,10
R839459,completed,hmp_full,26,Woman,White,Yes,no,below_median,college_graduate,NA,10,1,0,1,1,1,1,NA,NA,NA,1,1,1,NA,NA,NA,no,0,0,0,0,0,0,0,0,NA,NA,NA,NA,NA,NA,NA,NA,11,9,47.4,6.8,9,9,46.3,7.2,NA,NA,NA,NA,NA,NA,NA,NA,NA,NA,NA,NA,NA,NA,NA,NA,NA,NA,NA,NA,NA,NA,NA,NA,NA,NA,NA,NA,NA,NA,0.3195467341521836,2.63,5.866419356739647,9.45,NA,NA,NA,NA,NA,NA,NA,NA,7,14,25,0,0,0
R948168,completed,hmp_active,40,Woman,White,Yes,no,below_median,college_graduate,NA,21,1,1,1,1,1,1,NA,NA,NA,0,0,0,NA,NA,NA,no,0,0,0,0,0,0,0,0,NA,NA,NA,NA,NA,NA,NA,NA,18,17,61.9,5.4,10,16,61.9,4.1,16,17,56.5,4.5,NA,NA,NA,NA,NA,NA,NA,NA,NA,NA,NA,NA,NA,NA,NA,NA,NA,NA,NA,NA,NA,NA,NA,NA,NA,NA,4.359044605503592,2.82,NA,NA,NA,NA,NA,NA,NA,NA,NA,NA,8,0,0,9,0,0
R364132,completed,hmp_full,33,NA,White,Yes,no,below_median,college_graduate,NA,14,1,1,1,1,1,1,0,1,1,0,1,1,0,0,0,dont_know,0,0,0,0,0,0,0,0,NA,NA,NA,NA,NA,NA,NA,NA,15,14,59.4,4.6,16,18,55.8,4.83,14,16,59.4,4,18,17,63,2.8,17,17,63,3,19,16,54.3,2.7,NA,NA,NA,NA,NA,NA,NA,NA,NA,NA,NA,NA,NA,NA,2.7519393062472903,7.69,2.143242926500857,3.7,6.217683676037589,4.49,6.278399597795209,7.35,0.3271261977991291,6.06,2.668503503876052,8.6,8,77,26,2,5,0
R696249,completed,uc,39,Woman,White,Yes,no,below_median,not_college_graduate,NA,8,1,1,1,1,1,1,0,0,0,0,0,0,0,0,0,yes,0,0,0,0,0,0,0,0,0,0,0,0,0,0,0,0,9,7,55.8,5.8,11,6,59.4,5.2,11,7,51.9,5.8,NA,NA,NA,NA,6,6,51.9,6,4,5,41.1,5.4,0.11714999999999999,0.36,0.07455,0.69,3.286648452174561,1.051241098432584,3.137406112117662,6.0453386315717,2.908829873790226,3.344462080335049,2.984629766068983,3.3792627016010655,3.8482658305132174,2.010415254084895,2.3646721033318494,10.26,0.521497181993741,5.97,3.683290038845197,8.04,NA,NA,NA,NA,0.9897443692104564,3.23,NA,NA,NA,NA,NA,NA
R554239,completed,hmp_full,32,Man,White,Yes,no,below_median,not_college_graduate,NA,6,1,1,1,1,1,1,NA,NA,NA,0,1,1,1,0,0,no,0,0,0,0,0,0,0,0,NA,NA,NA,NA,NA,NA,NA,NA,9,11,57.9,5,9,12,61.2,4,7,12,63,4.6,10,12,63,4.5,11,12,69.3,5,NA,NA,NA,NA,NA,NA,NA,NA,NA,NA,NA,NA,NA,NA,NA,NA,NA,NA,NA,NA,NA,NA,NA,NA,NA,NA,NA,NA,NA,NA,8,15,53,0,0,0
R744316,completed,hmp_active,56,Woman,Black,No,no,below_median,not_college_graduate,NA,14,1,1,1,1,1,1,0,0,0,0,0,0,0,0,0,no,0,0,1,0,0,1,0,0,0,0,1,0,0,0,0,0,6,8,47.9,7.4,8,3,34.7,6.67,NA,NA,NA,NA,6,6,43.5,6,4,3,54.3,7.4,4,5,60.2,5.2,2.43885,0.7150000000000001,1.2140999999999997,0.39,3.026855135469103,1.042178653438294,-2.3675774251662793,6.70085370062721,4.164756867056069,3.019277682678914,-3.0890854317352745,-2.2109625654887815,6.0032318493637815,4.5586794113637215,NA,NA,1.738402237257241,11.84,NA,NA,0.2488713369750545,7.84,0.19815074069562,2.17,0.1817649656500509,4.69,5,0,0,3,0,0
R752787,completed,hmp_active,53,Woman,White,Yes,no,above_median,college_graduate,NA,23,1,1,1,1,1,1,0,0,0,0,0,0,0,0,0,no,0,0,0,0,0,0,0,0,NA,NA,NA,NA,NA,NA,NA,NA,22,10.5,79.7,5,14,14,78.1,5,10,7,59.1,5,14,6,80.2,5.9,6,2,63,6.1,8,1,50.4,7.5,4.26,0.63,4.95225,0.44499999999999995,2.7320582741178843,-3.2485045731168363,-2.8237822124240965,5.334161294680939,4.8148976114520154,2.8627429994010387,1.9154751518179114,-2.661415653343734,4.044223441516269,3.450051686158944,4.011200008120124,12.05,NA,NA,NA,NA,NA,NA,NA,NA,0.2039023763036263,8.29,0,0,0,0,0,0
R255841,completed,hmp_full,48,Woman,White,Yes,no,below_median,not_college_graduate,NA,16,1,1,1,1,1,1,1,0,1,1,0,1,1,0,1,yes,0,0,0,0,0,0,0,0,0,0,0,1,0,1,0,0,16,10,66.7,5.4,14,11,62,4.7,17,12,64.1,7,16,9,65.5,6.8,15,11,64.1,6.4,13,9,59.6,7.1,2.689615752,NA,5.536348824,NA,3.1296484505634448,0.7088950587194849,-2.8948203156254895,6.2232951123081754,6.410193669953374,2.4007701542849764,-3.1194041454014636,-2.116505049235349,6.317523900920119,7.565525029758226,3.871685446151051,10.83,0.8214871669637827,6.27,3.2028798396716422,8.27,2.9316745275180978,9.24,4.111512722822728,6.53,4.255061415356706,9.73,11,0,63,3,0,10
R706580,completed,hmp_full,42,Woman,White,Yes,no,above_median,college_graduate,NA,8,1,1,1,1,1,1,0,0,0,0,0,0,0,0,0,yes,0,0,0,0,0,0,0,0,0,0,0,0,0,0,0,0,15,16,74.1,3.6,9,7,67.7,3.1,6,6,64.1,3.4,6,2,62,3,8,7,64.9,3.6,7,3,65.3,4.7,1.8531,0.35,2.1087,0.33,3.349892315849051,0.8500802480514373,4.90151628225773,3.2191793726775977,3.47270252631806,3.0615351581802437,0.1828546041134982,5.548164791082568,5.7745148748045985,4.367439526693447,3.046988175165916,10.14,2.232035953175817,1.81,3.4420092993968763,11.76,2.2099336713816453,12.67,3.571130490613118,11.92,2.409993180563923,12.64,10,7,35,0,0,0
R561147,completed,hmp_active,36,Woman,White,NA,info_not_provided,below_median,not_college_graduate,NA,5,0,0,0,1,0,1,0,1,0,0,1,0,0,0,0,no,0,0,1,0,1,0,0,0,1,0,1,0,0,0,0,0,7,10,52,4.7,15,13,52,2.7,8,10,55.8,3.3,5,4,46.3,3.7,6,6,46.3,4.1,12,14,55.8,4.1,0.8946,0.13,2.1087,0.37,2.8992241123222144,-3.206654089961269,-2.46447754059485,6.301293003392407,4.332346177680005,2.4398175340725414,3.151600166597905,-1.643020246553853,3.808018207011848,3.029808587908053,5.329545311079436,8.25,4.35968607509328,11.63,2.312983419026494,9.23,1.094512318165709,8.45,0.7712945462549599,15.82,6.633302307243194,9.27,15,0,0,34,0,0
R341236,completed,hmp_active,39,Man,White,Yes,no,below_median,not_college_graduate,NA,7,0,1,1,1,0,1,NA,NA,NA,0,0,0,NA,NA,NA,no,0,0,1,0,0,0,0,0,NA,NA,NA,NA,NA,NA,NA,NA,10,14,55.8,3.5,11,8,44.2,3.3,NA,NA,NA,NA,NA,NA,NA,NA,NA,NA,NA,NA,NA,NA,NA,NA,NA,NA,NA,NA,NA,NA,NA,NA,NA,NA,NA,NA,NA,NA,NA,NA,NA,NA,NA,NA,NA,NA,NA,NA,NA,NA,7,0,0,0,0,0
R424428,completed,uc,26,Woman,White,Yes,no,below_median,college_graduate,NA,15,1,1,1,1,1,1,0,1,1,0,1,1,0,1,1,no,0,0,0,0,0,0,0,0,0,0,0,1,0,0,0,1,12,5,52.9,4.78,11,17,50.6,4.8,17,5,50.8,6.6,9,6,57.9,4.6,18,6,62,5.6,5,7,50.1,5.9,NA,NA,NA,NA,NA,NA,NA,NA,NA,NA,NA,NA,NA,NA,2.481285109381052,8.5,3.2968606562820995,10.57,1.5753233304801009,10.08,3.2572015960767757,9.05,1.4113658016725867,5.93,3.9661985372103103,3.94,NA,NA,NA,NA,NA,NA
R698763,completed,hmp_full,31,Woman,White,Yes,no,below_median,not_college_graduate,NA,5,1,0,1,0,1,1,1,0,1,0,0,1,0,0,1,yes,0,0,0,0,0,0,0,0,0,0,0,0,0,0,0,0,3,5,34.7,8.8,3,3,41.1,8.1,2,2,36.4,8.9,NA,NA,NA,NA,3,3,33.3,8.9,3,3,31.1,9.1,2.4281999999999995,0.95,0.77745,0.24,2.8406505543119325,4.615311746381325,-2.088895953844848,4.516401967103353,4.678447171420544,2.4178324558809754,-2.889245753815583,-2.010784285495173,2.358663566971848,5.299097200329613,2.258080985115879,8.9,1.5306336194925818,7.04,3.049151757449806,6.58,NA,NA,2.7247043953552263,9.86,3.3377126160504007,3.6,6,15,0,0,0,0
R934441,completed,uc,56,Woman,White,Yes,no,below_median,not_college_graduate,NA,16,1,0,1,0,1,1,1,0,0,1,0,0,1,0,0,yes,0,0,0,1,0,1,0,0,1,0,1,1,0,0,0,1,16,17,80,4.7,14,16,76.7,4.7,15,19,72.5,4.1,12,17,75.5,4.6,16,18.67,75.9,3.5,19,18,71.1,3.6,5.0907,0.72,21.299999999999997,2.77,3.3342079029002147,1.7101178571325772,-2.7279543697050874,2.8888167279614843,4.758098248158053,3.3789834142711137,-3.508752045371277,5.52279895173136,2.6428481298234545,3.1555858000610706,3.264742737784126,12.34,3.4169986972825126,4.76,3.668835827052933,14.88,4.594519258931863,8.37,5.308044553238116,9.49,6.258413686286186,12.02,NA,NA,NA,NA,NA,NA
R633980,completed,hmp_active,34,Man,White,Yes,no,above_median,college_graduate,NA,5,1,0,1,0,1,1,0,0,0,0,0,0,0,0,0,no,1,0,0,0,0,0,0,0,1,0,0,1,0,0,0,0,4,3,53.5,7.5,5,5,50.4,7.3,2,5,47.9,8.1,4,2,52.7,8,7,4,55.8,7.5,6,8,53.5,7.5,9.85125,0.97,7.12485,0.4,2.8063007726495743,0.33902271804166695,-2.2333268464585476,8.037058221036487,4.632564228424891,2.7788565199774835,-2.7728636597676637,-2.1580015930782515,8.136344915176679,2.959992219338504,1.1152632048734463,4.12,0.2890671665227163,1.81,5.941979241422852,0.53,3.212516398211425,6.15,0.8118464780320926,2.69,3.110170417681776,5.21,24,0,0,0,0,0
R319865,completed,hmp_active,28,Man,White,Yes,no,below_median,college_graduate,NA,7,1,0,1,0,1,1,0,0,0,0,0,0,0,0,0,no,1,0,0,0,0,0,0,0,1,0,0,0,0,0,0,0,6,6,64.1,6.5,3,6,36.9,6.8,5,4,54.3,7.7,5,5,57.9,7.1,5,5,46.3,6.9,5,6,41.4,5.5,0.0426,0.18,0.1278,0.18,2.7196716822398974,-2.046333937696805,-1.4235596444975764,7.748975012742708,1.2844905566046334,2.862938551630084,1.6922534147697046,-1.8063666891285424,6.909513413167914,0.3908578882076772,3.760058431965832,12.67,2.7680690302572977,9.22,2.294408619998254,9.7,4.389397745903819,11.87,0.5848006511620264,4.65,1.5714508296051273,9.05,15,0,0,1,0,0
R407954,completed,hmp_full,32,Woman,White,Yes,no,above_median,college_graduate,NA,7,1,0,1,0,1,1,1,1,0,0,0,0,0,0,0,yes,1,0,0,0,0,0,0,0,1,0,0,0,0,0,0,0,6,3,63.7,5.8,7,5,52,6.8,6,4,60.5,6.9,6,7,64.6,6.5,10,7,61.2,5.8,8,8,61.2,7.6,1.7678999999999998,0.26,7.01835,0.18,3.2735473872144314,-2.809064646490723,4.409127589042386,4.6143907150787475,6.252731068309306,2.2373921981496263,-2.880626095549876,4.589676125664899,5.058552994228044,6.437776190259702,4.00902317261087,5.07,1.2430591828888191,7.24,5.231722020438272,0,3.5255477481520923,5.36,1.5946118137676983,4.95,3.7404703498891982,9.05,24,30,40,0,0,0
R248328,completed,hmp_full,40,Woman,White,Yes,no,below_median,college_graduate,NA,21,1,1,1,1,1,1,NA,NA,NA,0,1,1,0,1,1,no,0,0,1,0,0,1,0,1,1,0,1,0,1,1,0,0,16,19,57.4,4.7,11,15,52.7,6.1,7,10,54.3,5.9,7,7,50.4,5.9,18,21,50.4,4.7,NA,NA,NA,NA,1.37385,0.19,1.5868499999999999,0.22,2.521056032553493,-2.077236417732553,-1.384899146414119,-1.384899146414119,1.6596232913093039,2.642373070476478,-2.736543802275609,-1.651370944838482,6.080121084407202,3.44237925596828,3.117519046858213,10.81,4.856992223847711,4.82,1.329593625930341,13.95,4.609410734047558,7.02,0.5612604638248326,5.56,NA,NA,0,0,0,0,0,0
R328274,completed,hmp_active,33,Woman,White,Yes,no,above_median,college_graduate,NA,5,1,0,1,0,1,1,0,0,1,0,0,1,0,0,1,no,1,0,0,0,0,0,0,0,1,0,0,1,0,0,0,0,6,9,58,6,5,10,57.1,6.5,7,10,54.3,7,3,6,49.5,7.4,6,7,59.4,8,4,5,52.8,7.5,6.1131,0.54,6.624299999999999,0.6,3.0350313311135997,-2.733813065393586,-1.8769231136972881,6.64803981498331,4.961482087150055,2.9699423919056387,-2.540517227626454,-1.7635757464488657,6.576641574498169,4.32999402359627,4.644833911725339,11.27,1.7651909847534692,10.59,4.1134261832022085,4.08,NA,NA,NA,NA,0.7506098165065,9.22,13,0,0,1,0,0
R124467,completed,hmp_full,27,Woman,White,Yes,no,below_median,not_college_graduate,NA,11,0,1,1,1,0,1,NA,NA,NA,0,0,0,NA,NA,NA,no,0,0,0,0,0,0,0,0,NA,NA,NA,NA,NA,NA,NA,NA,8,7,44.2,3.6,10,6,50.4,3.7,NA,NA,NA,NA,NA,NA,NA,NA,NA,NA,NA,NA,NA,NA,NA,NA,NA,NA,NA,NA,NA,NA,NA,NA,NA,NA,NA,NA,NA,NA,NA,NA,NA,NA,NA,NA,NA,NA,NA,NA,NA,NA,2,0,0,0,0,0
R450955,completed,hmp_full,41,Woman,White,Yes,no,below_median,not_college_graduate,NA,11,1,0,1,0,1,1,1,0,0,1,0,1,1,0,1,no,0,0,0,0,0,0,0,0,0,0,0,0,0,1,0,0,7,10,61.3,6.11,9,11,59.6,5.2,7,7,59.5,6.3,11,11,63,6.5,12,17,59.6,5.5,5,6,53.5,6.6,17.671625087999995,2.0037599999999998,19.403407104,3.3045099999999996,2.531839246736427,-2.611343334506272,-1.9713904212946045,6.070022488098443,2.106147022611115,2.4439649998638444,-2.6173174128890966,-1.7469349040767908,6.696181083943131,-1.7469349040767908,3.2022503722203357,8.76,4.711067440644405,9.38,2.0295813362009705,9.02,2.3836871970599893,10.11,NA,NA,0.4274161671185255,6.78,15,0,65,39,0,1010
R117867,completed,hmp_full,31,Woman,White,No,yes,below_median,college_graduate,NA,8,1,1,1,1,1,1,0,1,0,0,1,0,0,1,0,no,0,0,0,0,0,0,0,0,0,0,1,1,0,0,0,1,8,8,51.3,7.6,8,9,64.6,5.6,6,5,59.4,8.3,5,6,52.7,7.9,3,4,57.9,8.6,3,1,44.2,8.2,4.1960999999999995,0.11,18.30735,1.42,2.7698365703366843,3.815761642402664,3.5757874745191396,7.151667810393727,2.043475565280268,3.2223873650885655,3.690097641111153,4.009863776541932,4.996113097022997,2.5879908255316937,1.2407191134777502,5.22,2.031587086160213,7.81,0.1768864259750991,7.97,3.3789814799386595,6,5.712131669993547,10.64,0.42189373421437,7.59,16,0,31,10,35,15
R919856,completed,hmp_active,46,Woman,Black,No,no,below_median,not_college_graduate,NA,11,1,1,1,0,1,1,1,0,0,0,1,0,0,0,0,no,0,0,0,0,1,1,0,0,0,0,0,0,0,1,1,1,4,3,45.4,6.2,9,8,61.9,5.8,3,6,50.7,8.5,4,3,39.3,6.4,4,3,54.3,6.9,1,2,40.3,6.4,2.384691768,0.49005000000000004,10.553628576,5.2151,2.644883942693143,2.13275415281884,-2.799964881107318,4.114766011611245,4.072163220231668,2.968592477785436,2.373969846924231,-2.6208427230861004,6.4588193252479655,3.300735696557715,0.2295373592660918,8.8,3.152684132466224,5.26,2.942809588399311,7.41,1.17243052606189,11.37,1.8666362094348083,8.7,2.344594973534697,12.2,19,0,0,1,0,0
R692034,completed,hmp_full,25,Man,White,Yes,no,below_median,not_college_graduate,NA,12,1,0,1,1,1,1,NA,NA,NA,1,1,1,1,1,1,yes,0,0,1,0,0,0,0,0,NA,NA,NA,NA,NA,NA,NA,NA,11,13,59.4,4.5,8,15,51.9,4.9,10,10,52,4.9,NA,NA,NA,NA,11,10,59.4,5.5,NA,NA,NA,NA,NA,NA,NA,NA,NA,NA,NA,NA,NA,NA,NA,NA,NA,NA,5.289251388537435,12,4.214739456418258,10.74,NA,NA,NA,NA,0.26683064479253,7.53,NA,NA,7,7,18,0,0,0
R619251,completed,hmp_full,24,Woman,White,Yes,no,above_median,college_graduate,NA,9,1,0,1,1,1,1,0,1,0,0,1,0,0,1,0,no,0,0,0,0,0,0,0,0,1,0,1,1,0,0,0,0,9,8,59.4,5.86,9,9,57.9,6.8,11,11,59.4,6.9,10,12,63,6.7,11,11,59.4,7.1,11,14,55.8,6.2,0.18105000000000002,0.14,4.26,1.7999999999999998,3.053372258765495,-3.20164658294081,-2.0297242639693844,6.170838533039179,2.9331203662905225,3.162584233720887,-3.3085507373896976,-0.0077142713449409595,1.988839610529127,3.9728166395082747,0.3499081692610654,9.66,2.6073266625065616,7.25,4.92816675888289,6.37,0.4087143325754773,13.27,2.3592314129398875,8.16,0.3982085884887318,4.35,20,52,43,0,0,0
R175716,completed,hmp_active,32,Woman,White,No,yes,above_median,college_graduate,NA,10,1,1,1,1,1,1,0,1,0,0,1,0,0,1,0,no,0,0,0,0,0,0,0,0,0,0,0,0,0,0,0,0,8,15,54.3,4,5,7,41.1,4.8,3,6,41.1,5,4,7,42.7,5,4,8,41.1,7.2,5,5,41.1,6.1,1.56555,0.58,1.56555,NA,2.946604539271959,-2.9095807498219353,2.761735672859402,6.354471266420436,3.0652492105278633,2.9072636174260524,3.214234510383188,1.8591991271701414,4.401188292350177,2.23696163272897,5.63977494708854,8.38,7.474856575506479,6.56,0.3588738241675073,5.73,0.1923453940045263,6.82,1.48466951790065,9.27,5.201464184384257,4.84,14,0,0,0,0,0
R995898,completed,uc,35,Woman,Asian,No,no,above_median,college_graduate,NA,8,0,0,0,0,0,0,0,0,0,0,0,0,0,0,0,no,0,0,0,0,0,0,0,0,0,0,0,0,0,0,0,0,8,7,54.7,7.3,NA,NA,NA,NA,11,16,56.9,7.1,NA,NA,NA,NA,10,16,62,5.4,9,14,50.3,7.3,0.6816,0.13,0.39404999999999996,0.1378043289531945,2.2623369365976425,-1.4172123301981472,-1.1222003147233424,8.006387555380583,-1.1222003147233424,2.269060672962221,-1.969655247761371,0.3061619111705024,7.556594624447518,1.8567593235816693,2.582005682127698,10.81,NA,NA,3.615753067057037,7.41,NA,NA,4.851341606064858,13.64,0.1948637135765972,3.47,NA,NA,NA,NA,NA,NA
R172893,completed,hmp_full,23,Man,Asian,No,no,below_median,college_graduate,NA,10,1,0,1,1,1,1,0,0,0,0,0,0,0,0,0,no,0,0,0,0,0,0,0,0,0,0,0,0,0,0,0,0,5,4,61.9,7.8,9,4,62,5.6,6,6,55.8,5.6,5,5,57.1,5.7,2,1,52.7,7.4,8,6,60.2,5.9,0.2556,0.21,0.23429999999999998,NA,3.1135142351682523,0.626073177080936,4.731140388251047,3.0823612008454466,7.627488492332677,2.8530553858507877,2.875968267650824,3.1662169247492926,6.256134428209945,3.1302418222910147,1.7637768415767745,7.78,3.150750993312365,9.62,3.9004879867853233,12.94,3.811017077929458,4.97,1.6898836151967411,7.56,1.1949366270246915,2.7,13,15,10,1,5,0
R777304,completed,hmp_active,50,Other,more_than_one,No,yes,below_median,college_graduate,NA,6,0,0,0,0,0,0,NA,NA,NA,1,0,0,NA,NA,NA,yes,1,0,0,0,0,1,1,0,NA,NA,NA,NA,NA,NA,NA,NA,5,3,43.5,6.9,NA,NA,NA,NA,NA,NA,NA,NA,NA,NA,NA,NA,NA,NA,NA,NA,NA,NA,NA,NA,NA,NA,NA,NA,NA,NA,NA,NA,NA,NA,NA,NA,NA,NA,0.4209002858260554,5.7,NA,NA,NA,NA,NA,NA,NA,NA,NA,NA,4,0,0,3,0,0
R959292,completed,hmp_active,52,Woman,White,Yes,no,below_median,not_college_graduate,NA,14,1,0,1,1,1,1,0,0,0,0,0,0,1,0,0,yes,0,0,1,0,0,0,0,0,0,0,1,0,0,0,0,0,13,9,59.4,7.4,3,3,57.1,8.4,5,3,55.8,8.2,5,2.33,55.8,9,4,6,51.9,8.3,7,4.2,52,8.5,0.62835,0.53,0.8732999999999999,0.26,3.2522545202450317,0.05204150485298076,4.996226359410131,6.890324030223232,6.572945452417599,3.071546140534959,-4.137239474852901,5.005361936159704,6.149587046351681,7.775840163011483,5.1078826404737,13.65,1.5604760919953151,4.93,2.2803851362550547,11.89,3.1910606272338624,11.64,2.7440275614641605,13.44,1.7623467417830638,8.96,9,0,0,1,0,0
R864254,completed,hmp_active,36,Woman,White,Yes,no,above_median,college_graduate,NA,12,1,0,1,0,1,1,NA,NA,NA,1,0,1,NA,NA,NA,no,0,0,0,0,0,0,0,0,NA,NA,NA,NA,NA,NA,NA,NA,8,10,63.6,5.3,NA,NA,NA,NA,7,13,61.2,4.44,10,13,65.5,5,NA,NA,NA,NA,NA,NA,NA,NA,NA,NA,NA,NA,NA,NA,NA,NA,NA,NA,NA,NA,NA,NA,3.757567893361812,6.85,NA,NA,2.3580203728602567,6.71,2.2815986844943748,4.05,NA,NA,NA,NA,9,0,0,3,0,0
R545869,completed,hmp_active,48,Woman,White,Yes,no,above_median,college_graduate,NA,12,1,1,1,1,1,1,NA,NA,NA,0,1,0,0,1,1,no,0,0,0,0,0,0,0,0,NA,NA,NA,NA,NA,NA,NA,NA,12,10,60.2,6.2,14,12,56.5,5.2,NA,NA,NA,NA,11,8,56.5,5.3,9,6,48.8,6.3,NA,NA,NA,NA,NA,NA,NA,NA,NA,NA,NA,NA,NA,NA,NA,NA,NA,NA,1.939718155054741,7.79,2.5635033269116385,3.17,NA,NA,4.4152784631230295,7.94,4.995178496359243,5.36,NA,NA,11,0,0,1,0,0
R860676,completed,uc,22,Woman,Asian,No,no,above_median,college_graduate,NA,7,0,0,0,0,0,0,0,0,0,0,0,0,0,0,0,no,0,0,0,0,0,0,0,0,0,0,0,0,0,0,0,0,3,4,44.2,6.4,6,4,56.5,5.6,5,3,48.8,5.9,2,1,43.2,6.6,3,3,41.1,6.7,2,0,44.2,7.2,0.05325,0.27,0.2982,0.44,2.8080462405108717,2.5431618392231132,-1.785968006637967,4.450401583565737,6.687273297249088,2.8646622295000754,0.6846216849693421,-1.7838036005225915,-1.7838036005225915,5.205531665451969,NA,NA,1.6161407927359994,5.88,3.423517346808768,8.21,3.903780946281824,12.17,2.047118194737271,6.35,0.9802308395261444,4.06,NA,NA,NA,NA,NA,NA
R719648,completed,hmp_full,27,Woman,Asian,No,no,below_median,college_graduate,NA,8,0,1,1,1,0,1,0,0,1,0,0,0,0,0,0,no,0,0,0,0,0,0,0,0,1,1,1,1,0,1,0,1,9,12,61.9,4.4,10,10,67.7,4,12,8,54.3,3.7,4,6,54.3,5.6,6,4,54.3,5.9,9,9,54.3,6,9.5637,0.36,3.71685,0.29000000000000004,2.2923153651600194,-1.7236047815001592,-1.2687461608755028,7.345755213007732,-1.2687461608755028,2.3084527515983915,-1.3963094405004135,-1.2287161318133806,6.697525391357581,-1.2287161318133806,NA,NA,5.298956073855859,9.78,2.6134019874117347,12.54,4.21976373557051,12.58,6.01321934695905,9.73,6.496625128453483,8.93,10,0,68,3,0,30
R589248,completed,hmp_full,37,Woman,Black,No,yes,below_median,college_graduate,NA,18,1,1,1,1,1,1,NA,NA,NA,0,0,0,NA,NA,NA,no,0,0,0,1,0,0,0,0,NA,NA,NA,NA,NA,NA,NA,NA,16,20,60.2,3.7,12,11,64.4,6.3,NA,NA,NA,NA,NA,NA,NA,NA,NA,NA,NA,NA,10,NA,NA,6.8,NA,NA,NA,NA,NA,NA,NA,NA,NA,NA,NA,NA,NA,NA,0.3357087608334336,6.41,NA,NA,NA,NA,NA,NA,NA,NA,NA,NA,7,10,26,13,0,50
R693213,completed,hmp_active,38,Woman,White,Yes,no,below_median,not_college_graduate,NA,6,1,0,1,1,1,1,0,0,0,0,0,0,0,0,0,yes,0,0,1,1,0,0,0,0,NA,NA,NA,NA,NA,NA,NA,NA,11,5,55.8,5.6,2,3,44.2,5.3,2,4,46.3,5.4,3,6,39.9,5.5,3,1,46.3,5.4,7,5,41.1,5.7,NA,NA,NA,NA,NA,NA,NA,NA,NA,NA,NA,NA,NA,NA,NA,NA,3.9215597749165543,9.09,7.019822194706643,13.16,2.655592825973767,8.38,5.470005696576666,10.22,0.7132136380552154,8.96,13,0,0,1,0,0
R954323,completed,hmp_full,27,Woman,more_than_one,No,no,below_median,college_graduate,NA,24,0,1,1,1,0,1,1,1,1,0,1,1,1,1,1,no,0,0,1,0,0,0,0,NA,0,0,1,0,1,0,0,0,22,18,77.3,2.4,20,17,71.9,2.3,20,16,70.6,2.1,21,19,80.5,2.22,19,17,73.9,1.8,13,7,52.7,3.3,12.0558,0.85,4.26,0.385,3.00825475326961,-2.2174625983427303,-1.7090385766794487,5.15685249820399,4.877133078175226,2.837906280003848,-2.619240213249189,-2.360332738373417,4.865876271727255,4.20352278815871,4.6783996463724975,6.98,2.4825236691950354,7.94,NA,NA,6.638859356241998,16,NA,NA,0.1772083433355454,9.09,12,12,25,3,0,5
R341642,completed,hmp_active,34,Other,White,Yes,no,below_median,not_college_graduate,NA,7,1,0,1,0,1,1,1,0,0,1,1,1,0,1,1,yes,0,0,0,0,0,0,0,0,NA,NA,NA,NA,NA,NA,NA,NA,5,6,54.3,7.8,9,5,55.8,7.2,8,6,53.5,7.8,12,7,60.2,7.9,9,2,55.8,8,8,7,57.9,7.4,NA,NA,NA,NA,NA,NA,NA,NA,NA,NA,NA,NA,NA,NA,3.184821093613695,9.85,1.9107197499898172,11.03,NA,NA,1.6395687783294108,9.88,3.746967726910944,12.72,2.1328819284387683,10.2,21,0,0,5,0,0
R565530,completed,hmp_active,21,Woman,Asian,No,no,below_median,college_graduate,NA,6,0,0,0,0,0,0,0,0,0,0,0,0,0,1,0,yes,0,0,0,0,0,1,0,0,0,0,0,0,0,0,0,0,5,4,35.7,8.5,3,3,44.2,8.8,6,6,58,8.8,1,1,46.3,8.5,1,1,44.2,8.89,4,4,54.3,8.3,1.35255,0.14,1.5122999999999998,0.17,2.239403501548622,3.95625414799336,-1.5802650816126707,-1.5802650816126707,1.555229134316479,2.2517478977187184,2.911096636432138,-2.0578468107752164,2.8019655935864556,1.9124451027769054,2.789309670686515,10.77,0.6597093509930047,9.03,1.5068823557323143,11.18,1.3990602869924884,12.98,3.4011788680359194,15.51,2.795997247260127,10.34,16,0,0,0,0,0
R848107,completed,hmp_full,43,Woman,White,No,yes,below_median,not_college_graduate,NA,5,1,0,1,1,1,1,NA,NA,NA,0,0,0,NA,NA,NA,no,0,0,1,1,0,0,1,0,1,0,0,0,0,0,0,0,4,0,63,3.44,NA,NA,NA,NA,NA,NA,NA,NA,NA,NA,NA,NA,NA,NA,NA,NA,NA,NA,NA,NA,0.11714999999999999,0.11,0.18105000000000002,0.17,2.8551723792112145,3.1282241480747475,-3.2515070320724258,6.738295821915622,5.8751255908302715,3.032152006201845,2.9735231394110415,-2.9511441291988336,6.478412090753579,4.156281344911871,0.9939141067760808,6.93,NA,NA,NA,NA,NA,NA,NA,NA,NA,NA,3,7,8,0,0,0
R967905,completed,hmp_active,44,Woman,Hawaiian,No,no,below_median,not_college_graduate,NA,10,1,0,1,1,1,1,0,0,0,0,0,0,0,0,0,no,0,0,0,1,0,1,0,0,0,0,0,0,0,1,0,0,9,7,52.7,5.3,8,8,55.8,6.3,8,8,59.4,5.7,8,9,59.4,6.2,6,15,50.2,6.3,6,8,44.2,6.3,2.0661,0.7250000000000001,1.97025,0.52,3.188760204056251,4.1857091313686405,6.876386639215976,6.238885515143908,-1.8279497992734295,2.984967751561491,3.484263801603406,6.94599569348842,4.352975312276042,2.8990223026823374,2.955281026890689,9.38,4.937483418193131,9.31,2.038753187012789,10.53,2.885920006997588,9.38,3.61930777023888,8.28,2.577475350494929,8.82,19,0,0,2,0,0
R853135,completed,hmp_active,48,Man,Black,No,no,below_median,not_college_graduate,NA,7,1,0,1,1,1,1,0,0,0,0,0,0,0,0,0,no,0,0,0,0,0,0,0,0,0,0,0,0,0,0,0,0,7,13,59.4,6,8,7,54.3,5.8,12,7,56.5,7.7,7,7,58,7.1,8,9,57.1,7.1,3,7,50.4,7.1,0.47925,0.345,0.19169999999999998,0.27,3.2886355210257765,4.438223956314012,5.177375815303302,6.308543762175606,3.7423849405103953,3.167002807236858,4.702264494020832,5.601129009492855,6.650645943572142,7.330647312489932,1.5566877571748516,11.86,NA,NA,NA,NA,NA,NA,NA,NA,NA,NA,9,0,0,0,0,0
R700701,completed,hmp_full,43,Man,White,Yes,no,above_median,not_college_graduate,NA,7,1,1,1,1,1,1,0,0,0,0,0,0,0,0,0,no,0,0,0,0,0,0,0,0,NA,NA,NA,NA,NA,NA,NA,NA,4,4,52.7,6,7,6,61.8,6.2,3,2,48.7,7.4,2,4,50.4,7.1,3,2,54.3,7.2,0,1,47.6,7.6,NA,NA,NA,NA,NA,NA,NA,NA,NA,NA,NA,NA,NA,NA,7.214033766120494,5,1.780680807000441,10,0.3976988726538854,4.52,2.911558796415296,4.2,8.161903929078209,6.74,NA,NA,11,42,58,2,5,0
R260083,completed,hmp_full,41,Woman,White,Yes,no,above_median,not_college_graduate,NA,9,1,0,1,0,1,1,NA,NA,NA,0,1,1,NA,NA,NA,no,0,0,0,0,0,0,0,0,NA,NA,NA,NA,NA,NA,NA,NA,9,8,57.1,6.9,14,18,67.2,5,8,7,55.8,6.9,9,7,59.6,6.3,NA,NA,NA,NA,NA,NA,NA,NA,NA,NA,NA,NA,NA,NA,NA,NA,NA,NA,NA,NA,NA,NA,NA,NA,6.511955968479999,5.48,0.9094391654136992,10.31,NA,NA,NA,NA,NA,NA,11,0,40,0,0,0
R222367,completed,hmp_active,52,Woman,White,No,yes,below_median,college_graduate,NA,14,1,1,1,1,1,1,0,0,0,0,0,0,0,0,0,no,0,0,0,0,0,0,0,0,1,1,0,0,0,0,0,0,10,6,50.4,5.22,7,6,55.8,5.1,7,4,54.3,5.8,6,7,54.3,5,8,6,50.4,4.5,4,5,52.7,6.1,0.7880999999999999,0.35,1.1715,0.47,2.5023477402443657,-2.877592847700474,-2.0581106036778265,-2.0581106036778265,2.204569273363489,2.1334376378694824,-2.250406523031555,-1.7256421817129421,5.54188324611523,-1.7256421817129421,1.99964734337187,7.69,0.2741107269133727,7.93,7.596665891998609,6.49,4.856220986270762,10.47,2.802371128531036,6.86,0.981693408677579,9.94,24,0,0,4,0,0
R433505,completed,hmp_active,63,Woman,White,Yes,no,below_median,not_college_graduate,NA,10,0,0,0,0,0,0,NA,NA,NA,0,0,0,NA,NA,NA,no,0,0,0,0,0,0,0,0,NA,NA,NA,NA,NA,NA,NA,NA,7,6,54.3,8.1,7,10,47.4,7.2,NA,NA,NA,NA,NA,NA,NA,NA,NA,NA,NA,NA,NA,NA,NA,NA,NA,NA,NA,NA,NA,NA,NA,NA,NA,NA,NA,NA,NA,NA,4.834487646335859,10.78,NA,NA,NA,NA,NA,NA,NA,NA,NA,NA,2,0,0,0,0,0
R934883,completed,hmp_full,29,Woman,White,Yes,no,below_median,college_graduate,NA,10,1,1,1,1,1,1,1,0,0,0,0,0,0,0,0,yes,1,0,0,0,0,0,0,0,1,0,0,0,0,0,0,0,14,14,47.2,5.5,15,15,59.4,4.7,14,20,57.9,4.4,8,7,55.8,3.6,11,15,50.4,5,9,6,47.9,4.6,0.19169999999999998,0.17,0.5751000000000001,0.17,2.4640450940490837,-2.18255637620302,-1.7541203364886497,7.626553352969421,0.810829020972887,2.1961530889476286,-2.3233499625907257,-1.780043857712514,7.654958911547149,2.8546851305171215,2.4409678325558213,9.47,2.483280173107747,9.18,0.2075104141517236,9.68,2.726989049165919,7.02,1.8706838143936448,9.26,1.1811936529160028,9.3,11,42,8,1,0,0
R673271,completed,hmp_active,36,Woman,White,Yes,no,above_median,college_graduate,NA,7,0,0,0,0,0,0,1,1,0,0,1,0,1,1,0,yes,0,0,0,0,0,0,0,0,0,0,0,1,0,0,0,0,6,3,50.4,6.5,5,6,54.3,7.7,7,5,63,8.5,9,5,55.8,8.2,7,4,65.9,8.3,5,6,46.3,8.1,4.26,2.79,21.299999999999997,2.3,3.256348230400571,-1.1130509825473944,-2.7518654034423435,5.848749396112966,3.87219982435755,2.451724584095274,-3.4300305832212623,-2.184048481363886,7.425269332584907,2.792685261056688,0.2119680754152381,3.29,1.3794817406868685,9.83,2.1590842900684764,6.64,2.6965060864360417,8.13,3.005669916753744,8.45,3.4687419283880194,8.1,24,0,0,0,0,0
R105619,completed,hmp_full,45,Woman,White,Yes,no,above_median,college_graduate,NA,5,1,0,1,0,1,1,0,1,0,0,1,0,0,1,0,yes,0,0,1,0,0,0,0,0,0,0,0,0,0,0,0,0,6,5,61.2,7.5,5,6,55.8,7.5,6,3,57.1,7.8,2,2,57.1,8.1,3,1,52,7.9,2,4,61.2,7.8,2.7477,1.16,2.99265,0.74,3.229527988993345,-2.9963875272778284,4.205120944783786,5.453026233465591,4.004450249321636,2.714839187080765,-2.533726696597438,-2.0674808843893366,7.042486513440059,3.901226675596029,0.2328966140339518,11.76,1.8692851256756329,2.3,1.1823207301252507,6.67,6.540900434871816,3.97,4.482807115107209,8.24,1.804099244129072,6.4,20,20,28,4,7,10
R169701,completed,uc,45,Woman,White,Yes,no,above_median,college_graduate,NA,5,1,0,1,0,1,1,0,0,0,0,0,0,0,0,0,no,0,0,0,0,0,0,0,0,0,0,0,0,0,0,0,0,3,10,61.2,5.2,3,2,54.3,5.6,2,5,44.7,6.1,2,8,46.3,5.5,2,5,47.9,6,5,6,59.6,5.4,0.23429999999999998,0.17,2.4707999999999997,0.21,3.0190084592339668,-3.3294441616266006,-2.0887637547618567,6.906277219923165,6.20753335788065,3.1660123043607666,-4.007560172199138,-2.3590660087498176,5.45006938937072,6.172621628816872,2.7778149425492726,8.39,1.9056217283988737,11.43,0.6566053051909617,9.79,1.3627636184567515,7.95,2.79211472025689,7.83,3.1960710954907885,2.46,NA,NA,NA,NA,NA,NA
R785313,completed,uc,21,Woman,White,Yes,no,above_median,college_graduate,NA,8,1,0,1,1,1,1,0,0,1,0,0,0,0,0,1,dont_know,0,0,0,0,1,0,0,1,1,0,0,0,0,0,0,0,8,14,65.4,5.2,10,15,69.4,5.8,12,14,58,5.7,12,14,63,5,10,15,67.7,5.3,5,12,66.5,5.8,0.79875,0.16999999999999998,2.0021999999999998,0.12,2.734490489283784,-1.972760633201787,-1.6446976339749528,5.8140650584060065,2.617982243066362,2.668870501483647,-2.4073585244743096,-1.8116152700665928,6.4781753131150515,-1.8116152700665928,1.2635637216424662,5.21,3.01083015729531,7.89,1.30402016038347,9.5,1.0174005272993454,7,2.83114197449652,6.96,0.8987407866251488,3.75,NA,NA,NA,NA,NA,NA
R348665,completed,hmp_active,60,Woman,Black,No,no,below_median,not_college_graduate,NA,11,1,0,1,0,1,1,0,0,0,0,0,1,0,0,1,no,0,0,0,0,0,0,0,0,1,0,0,0,0,0,0,1,5,3,59.4,7.4,8,5,59.4,7.11,10,5,63.2,7.5,11,4,59.4,6.2,7,3,59.4,7.3,6,6,63,6.44,2.3004000000000002,0.69,0.9585,0.81,2.2076304323765896,-2.9083997353272117,-1.6802457929497097,6.720188837856332,1.0278044081525002,2.226496482203277,-3.0887542413491573,-1.786846054875598,6.6930605517546224,-1.786846054875598,2.5826321894865747,6.86,0.9631575718230936,7.83,4.810568570974272,7.69,0.2893525951675918,4.61,4.071178462287528,10.5,NA,NA,16,0,0,0,0,0
R228912,completed,hmp_active,47,Woman,White,Yes,no,below_median,not_college_graduate,NA,13,1,1,1,1,1,1,0,1,1,0,1,1,0,1,1,no,0,0,1,0,0,0,0,0,0,0,1,0,0,0,0,0,13,16,61.2,6.3,11,15,46.3,6.3,10,14,46.3,6.1,13,15,44.2,6.2,14,15,50.4,6.2,13,17,57.9,6.4,11.6298,1.915,3.2802,0.59,3.3711694821567226,-3.7699159343103843,5.2672440002443555,3.380630998288807,5.901148347241439,2.713906672875606,4.251950322964873,5.809037171929942,3.547325262317467,4.226866790821633,2.8853784496619976,7.08,4.535867883400475,3.75,NA,NA,3.5416225902281355,3.37,1.6781883072601806,7.31,1.2033167858917326,2.42,1,0,0,0,0,0
R264484,completed,hmp_active,55,Woman,more_than_one,No,no,below_median,not_college_graduate,NA,14,1,0,1,1,1,1,0,0,0,0,0,0,0,0,0,yes,1,0,1,1,0,0,1,1,NA,NA,NA,NA,NA,NA,NA,NA,15,8,70.5,4.5,15,6,66.2,4.33,16,8,65.3,4.2,10,10,61.2,4.78,11,4,62.1,5.3,13,6,62,6.33,NA,NA,NA,NA,NA,NA,NA,NA,NA,NA,NA,NA,NA,NA,6.080421475714741,9.43,3.3118757774266587,14.56,3.280578867116029,12.82,2.843269473348795,8.38,3.552257929903016,6.25,3.5622094103120423,12.37,27,0,0,65,0,0
R786871,completed,hmp_active,44,Woman,White,Yes,no,below_median,not_college_graduate,NA,21,1,1,1,1,1,1,0,1,0,0,1,0,0,1,0,no,0,0,0,0,0,0,0,0,0,0,0,0,0,0,0,0,13,12,59.5,5.2,14,8,50.2,5.8,5,6,44.2,6.6,5,7,42.7,6.9,4,3,44.2,7.5,5,5,62.6,7.1,1.2567,1.13,0.62835,0.185,3.279418523662764,0.44017238074456566,-2.6922854341801297,5.797947575653324,6.509518606773767,3.1730652584788146,0.12538950914144165,-2.576702453716442,6.770177282398569,6.370583415632691,NA,NA,5.681760843435759,8.48,5.897583724785733,4.7,3.423816360736958,12.44,1.3928226527985388,9.62,NA,NA,11,0,0,11,0,0
R333802,completed,hmp_full,55,Man,Asian,No,no,below_median,college_graduate,NA,6,0,0,0,0,0,0,0,0,0,0,0,0,0,0,0,no,0,0,0,1,0,0,1,0,0,0,0,0,0,0,0,0,4,3,52.7,7.2,5,6,54.3,7.9,4,2,50.5,8.1,6,5,52.7,8.4,5,2,52.7,8.5,3,1,47.9,8.6,0.11714999999999999,0.060000000000000005,0.33015,0.08,2.018948804025357,-1.6520810266579236,-0.9905970592892313,5.743994600683717,-0.9905970592892313,1.5494366706706768,1.3326623871885506,-0.8108613232547708,-0.8108613232547708,-0.8108613232547708,4.69833110969788,9.32,3.6292719719938944,3.17,NA,NA,0.3451961454464328,2.05,0.803097918818099,4.73,0.2914026290289309,7.25,10,32,18,1,0,0
R183447,completed,uc,25,Man,Asian,No,no,below_median,college_graduate,NA,19,1,1,1,1,1,1,0,0,0,0,0,0,0,0,0,no,0,0,0,0,0,0,0,0,0,0,0,0,0,0,0,0,19,7,67.3,3.1,17,5,65.5,2.8,20,6,77.4,2,11,3,63,4.7,13,8,63,4.3,18,1,66.2,3.7,0.41535,1.19,0.33015,1.2,2.5201772307286525,-3.0247181404544423,-1.901934968467354,7.7372614644075695,2.0298906642569716,1.9188525976771162,-2.5793063782150685,-1.6705085040619962,6.999062367775124,1.6967873259244777,5.167834104203212,9.6,3.465917804289763,6.47,6.1712397802197705,8.27,1.2461602899720303,8.47,NA,NA,4.265134220589631,8.02,NA,NA,NA,NA,NA,NA
R667417,completed,uc,59,Woman,Black,No,no,below_median,not_college_graduate,NA,6,0,0,0,1,1,1,0,0,0,0,0,0,0,0,0,no,0,0,0,0,0,0,0,0,0,0,0,0,0,0,0,0,1,2,41.1,6,1,0,42.7,5.2,1,3,41.1,4.9,1,0,42.7,4.9,0,1,42.7,4.8,0,0,42.7,6.25,15.559649999999998,0.65,9.74475,0.64,2.664054919800959,-2.830025529230854,5.065173887924091,7.512270021976979,3.7005410235853806,2.8928201435097205,-3.337347751634011,3.3293292019530716,3.9045078697161593,3.6683416600926435,7.999035897180913,8.48,5.66171425623428,12.14,5.017618796268059,7.57,4.373701790259996,14.13,1.2183999275771529,12.5,5.462948303375758,8.51,NA,NA,NA,NA,NA,NA
R279397,completed,hmp_full,27,Woman,Black,No,no,above_median,college_graduate,NA,8,1,1,1,1,1,1,0,0,0,0,0,0,0,1,0,no,0,0,0,0,0,0,0,0,0,0,0,0,0,0,0,0,10,2,51.8,6.44,12,5,72.4,6.4,8,7,60.2,4.9,10,5,59.4,5.8,8,3,65.3,7.5,8,3,52,8.3,2.2684499999999996,1.23,2.54535,0.75,2.743571021989043,-2.747792519736259,-2.274568995949837,7.3007616515687905,3.452278751637359,2.595812536352631,-2.513324668340045,-2.22389234128895,6.879642026369423,4.873656509325842,1.350131685164322,8.47,0.9294935559154054,9.42,0.2847064277739172,7.44,1.1568442217883854,10.16,2.782948234087518,7.11,0.2677634406796299,9.45,6,15,5,1,5,0
R854050,completed,hmp_full,50,Man,White,Yes,no,below_median,not_college_graduate,NA,9,1,0,1,0,1,1,1,0,0,1,1,0,1,0,0,no,0,0,1,0,0,0,0,0,1,0,0,0,0,0,0,0,11,19,69.3,7.6,NA,NA,NA,NA,15,9,64.9,6.9,12,12,64.9,5.7,12,13,68.3,7.1,12,11,64.7,5.8,NA,NA,NA,NA,NA,NA,NA,NA,NA,NA,NA,NA,NA,NA,1.0786030260770072,5.75,NA,NA,1.14033338335998,8.05,1.9168549773299108,5.79,2.39897151678274,5.15,NA,NA,14,0,53,6,0,30
R535000,completed,hmp_active,25,Woman,more_than_one,No,no,below_median,college_graduate,NA,13,1,1,1,1,1,1,1,0,0,1,0,0,1,0,0,no,0,0,0,0,0,0,0,0,0,0,0,0,0,0,0,0,8,7,62,3.3,12,14,52.7,4.3,7,8,56.5,4.8,12,10,52.7,5.1,8,7,54.3,5.4,15,13,59.1,4,NA,NA,NA,NA,2.900294778017575,0.18007128017049956,-2.059737055345717,6.525301682965587,3.6407065180449694,2.7766047969162937,-3.1077056640099583,-1.9532052522768937,7.669178543167576,3.037227334501842,0.5502190951721991,9.44,4.57705658737474,7.62,4.753162674310389,8.81,3.954018692545071,7.91,0.9792758945629582,8.72,2.682278728488273,15.5,18,0,0,14,0,0
R306373,completed,hmp_full,45,Man,White,Yes,no,below_median,not_college_graduate,NA,8,0,0,0,0,0,0,0,1,0,0,0,0,0,1,0,yes,0,0,0,0,0,0,0,0,0,0,0,0,0,0,0,0,1,1,44.2,5.7,3,5,48.8,5.3,1,4,47.7,4.9,1,6,48.7,5,0,6,42.7,5.2,1,3,46.4,5,1.37385,0.42,2.1938999999999997,0.52,2.0631725373146375,3.382220640580159,-1.6429207871932934,5.017654362646392,0.9220285702682433,2.5527150082575485,3.6176642594891004,-1.92592013558756,5.8099501843650065,1.8352799801060022,NA,NA,0.2073017393492754,9.52,7.5683038700266065,10.2,0.29454732209683,7.14,NA,NA,2.6225518278853843,1.72,7,37,0,0,0,0
R343777,completed,hmp_full,34,Woman,Black,No,no,above_median,college_graduate,NA,6,1,0,1,0,1,1,0,0,0,0,0,0,0,0,0,no,0,0,0,0,0,0,0,0,NA,NA,NA,NA,NA,NA,NA,NA,3,5,63,6.3,6,5,64.1,6.6,7,4,64.1,7.1,5,3,59.6,8,4,3,57.9,8.2,6,3,62,6.7,NA,NA,NA,NA,NA,NA,NA,NA,NA,NA,NA,NA,NA,NA,6.504494727599765,7.69,4.713953645902733,4.88,1.0615045542539356,7.61,3.303234750196808,6.47,0.2319256415048373,4.17,6.147666921235866,8,14,107,8,11,155,0
R857920,completed,hmp_active,42,Woman,Black,No,yes,below_median,not_college_graduate,NA,18,1,1,1,1,1,1,0,0,0,0,0,0,0,0,0,no,0,0,1,1,0,0,0,0,0,0,0,1,0,1,0,0,18,16,62.7,3.7,16,13,64.9,3.8,14,10,64.9,4.4,NA,NA,NA,NA,18,14,67.1,3.6,10,7,66.3,6,2.9025970080000003,1.3745599999999998,1.95523776,1.61777,2.0065882581562957,3.6299179709240814,-0.8699049831512623,-0.8699049831512623,-0.8699049831512623,2.7999114030500447,-3.2526519680275126,-2.053860675520224,5.530404142868835,4.239558603326258,NA,NA,2.144242156381624,11.9,2.999455595041076,11.83,NA,NA,5.843247319750257,4.67,2.0941411650800603,8.52,17,0,0,3,0,0
R183069,completed,uc,30,Woman,White,No,yes,below_median,college_graduate,NA,9,1,1,1,1,1,1,0,0,0,0,0,0,NA,NA,NA,no,0,0,0,0,0,0,0,0,NA,NA,NA,NA,NA,NA,NA,NA,11,5,54.3,4.9,6,3,48.9,5.7,4,2,40.3,7,NA,NA,NA,NA,NA,NA,NA,NA,3,3,26.3,7.3,NA,NA,NA,NA,NA,NA,NA,NA,NA,NA,NA,NA,NA,NA,2.766188978736719,2.48,1.5615512025973328,6.44,3.432658915765129,8.25,NA,NA,NA,NA,6.615571409003502,8.24,NA,NA,NA,NA,NA,NA
R612764,completed,hmp_full,63,Man,White,Yes,no,below_median,not_college_graduate,NA,9,1,0,1,1,1,1,0,1,0,0,1,0,0,1,0,no,0,0,0,0,0,0,0,0,0,0,0,0,0,1,0,0,9,5,60.2,7.1,8,6,54,6.8,8,6,53.2,7.3,8,5,52.7,7.4,5,5,52.7,8,6,5,62,7.7,2.1726,1.16,2.2684499999999996,0.67,1.6023372711633528,7.269410076723213,-0.5700224944493866,-0.5700224944493866,-0.5700224944493866,1.0590090306162787,6.5417784999198165,-0.6772664753657238,-0.6772664753657238,-0.6772664753657238,1.6328183848917937,11.76,0.2260269255717099,5.19,2.934388515539052,9.24,2.6886133840769317,14.91,1.6386793830387647,12.2,6.172553945824877,10.81,15,0,23,25,10,100
R410036,completed,hmp_full,33,Woman,White,Yes,no,above_median,college_graduate,NA,7,1,1,1,1,1,1,0,0,0,0,0,0,0,0,0,no,0,0,0,0,0,0,0,0,0,0,0,0,0,0,0,0,0,0,50.3,9.3,4,3,56.5,9,NA,NA,NA,NA,6,5,54.3,7.6,2,1,51.4,9,0,5,53.9,8,8.08335,0.98,14.06865,1.01,2.4924775382438735,-2.4320229726530767,-1.8989607031713636,6.9924133063132725,3.781211905845704,2.2593075550277537,-2.382745842021352,-1.5631209188968183,2.479930348937732,3.0908394312607053,2.100093875522389,5.37,NA,NA,NA,NA,0.8399233124553891,7.43,0.6424058311412392,2.79,NA,NA,7,55,24,0,0,0
R651109,completed,hmp_full,36,Man,White,Yes,no,below_median,not_college_graduate,NA,16,1,1,1,1,1,1,0,0,1,0,0,0,0,1,1,no,0,0,0,0,0,0,0,0,0,0,0,0,0,0,0,0,13,14,51.9,6.8,10,13,58,6.8,9,13,54.3,7.2,7,7,54.3,7.9,7,9,54.3,8.2,6,8,57.9,7.4,0.39404999999999996,0.28,1.2140999999999997,0.25,2.675511223607054,3.8069826184681865,0.07274390002598463,3.850715897333375,3.0267067607036804,3.0293000677352118,-3.0677505398458926,-2.1084750002148405,2.9477708051334677,2.2609728522521806,0.1911673716897282,12.24,0.3039236728165373,5.32,0.3830153185514291,8.33,0.1727817757813518,11.11,0.494721034351219,4.55,0.2135331124339727,7.14,11,27,58,0,0,0
R821736,completed,hmp_active,30,Woman,White,No,yes,above_median,not_college_graduate,NA,8,0,0,0,1,0,1,0,0,0,0,0,0,0,0,0,no,0,0,1,1,0,0,0,0,0,0,1,1,0,0,0,0,6,8,69.3,6.5,12,9,63,7.5,12,8,73.2,7.5,8,9,64.1,7.2,10,2,62.1,7,11,7,71.5,7.1,0.4047,0.18,0.58575,0.02,2.932188817175019,-2.3389621242493273,1.071938660959364,6.359002466866695,1.582764284725355,2.7319883411360033,-2.0452691774683562,2.6068072488198517,4.858732961869128,6.9994698911814925,1.189555065932579,6.75,NA,NA,1.6120740102699191,6.28,2.038675399539475,3.79,7.199431964810082,3.31,NA,NA,10,0,0,0,0,0
R716865,completed,hmp_full,22,Woman,NA,No,yes,below_median,not_college_graduate,NA,12,1,1,1,1,1,1,NA,NA,NA,1,1,0,NA,NA,NA,yes,0,0,0,1,1,0,0,0,NA,NA,NA,NA,NA,NA,NA,NA,15,7,59.4,4.6,8,8,60,5,NA,NA,NA,NA,NA,NA,NA,NA,NA,NA,NA,NA,NA,NA,NA,NA,NA,NA,NA,NA,NA,NA,NA,NA,NA,NA,NA,NA,NA,NA,6.540837882185404,10.44,NA,NA,NA,NA,NA,NA,NA,NA,NA,NA,3,7,8,0,0,0
R713038,completed,hmp_active,50,Woman,White,Yes,no,above_median,not_college_graduate,NA,22,1,1,1,1,1,1,0,0,0,0,0,0,0,0,0,no,0,0,0,0,0,1,0,0,0,0,1,0,0,1,0,0,19,18,70.3,4.2,14,15,67.7,3.7,11,8,71.2,5,12,7,70,4,3,4,47.4,7.1,5,9,64.6,8.5,0.426,0.23,1.5975,0.49,NA,NA,NA,NA,NA,NA,NA,NA,NA,NA,4.753346318454321,7.06,4.765764408964465,10.43,2.075573087487496,6.91,1.8889301371604703,6.47,2.9207498817082773,10.46,3.6379827890039818,10.43,4,0,0,1,0,0
R166045,completed,hmp_full,32,Woman,more_than_one,No,no,above_median,college_graduate,NA,7,1,1,1,1,1,1,1,0,0,1,0,0,1,0,0,no,0,0,1,0,0,0,1,0,0,0,1,1,0,0,0,0,6,8,59.4,3.9,9,16,60.7,5.4,16,21,63,4.2,9,16,55.6,5.1,8,14,54.3,6,11,21,57.9,6.8,0.07455,0.35,0.05325,0.01,2.8742225895269202,-1.1446769829023093,0.5826932901037443,6.20281541017449,6.680421790800426,3.1164557964569175,-3.0855570749576073,2.9354216804121274,6.04769177021407,5.902342872111999,5.516063743939935,11.34,2.527980758065368,6.59,6.211043269144418,10.3,3.0968820065782965,12.11,4.592494400981876,10.34,5.028471011795433,10.33,10,15,0,0,0,0
R618400,completed,hmp_full,43,Woman,White,Yes,no,above_median,college_graduate,NA,9,1,1,1,1,1,1,0,0,0,0,0,0,0,0,0,no,0,0,0,0,0,0,0,0,0,0,0,0,0,0,NA,0,8,4,44.2,5.5,1,0,33.4,8,3,0,44.2,7.8,0,0,44.2,8,0,0,41.1,8,0,0,36.4,9,1.41645,0.35,1.4484000000000001,0.39,2.342299482611127,1.2567697518076164,-1.7078916629593195,6.169505523393967,3.1824574652624342,2.529410009212877,7.334696774619735,-1.3981818361520615,8.644415272088265,-1.3981818361520615,NA,NA,NA,NA,NA,NA,NA,NA,NA,NA,NA,NA,2,15,0,0,0,0
R880348,completed,hmp_full,49,Woman,White,Yes,no,below_median,not_college_graduate,NA,11,1,0,1,0,1,1,0,0,0,0,0,0,0,0,0,no,0,0,0,0,0,0,0,0,0,0,0,0,0,0,0,1,12,8,62,4.1,9,11,40.6,3.5,10,9,37,3.33,4,7,41.1,4.8,4,5,33.2,5,5,3,46.1,6.1,0.15974999999999998,0.435,0.28755000000000003,0.31,3.5110543304900093,2.7836911151867603,2.538258480836403,5.524052958277608,2.543814050681006,3.470172154206936,1.9042371287852116,1.336534164475029,4.9764334363672464,2.517033612615323,4.764806127270928,13.81,1.0115329710887615,10.06,4.948289787314038,12.24,4.77029234068388,10.14,1.4641833875505237,17.1,1.9442561853604363,14.01,11,47,13,5,20,0
R189845,completed,hmp_active,40,Woman,White,Yes,no,below_median,college_graduate,NA,6,1,1,1,1,1,1,1,1,1,1,1,0,1,1,0,no,0,0,0,0,0,0,0,0,0,0,0,0,0,0,0,0,15,3,42.7,2.8,4,2,41.1,4.4,5,0,42.7,4,1,1,44.2,5.2,3,1,32.7,5.8,2,0,30.8,4.8,0.84135,0.34,1.5229499999999998,0.4,2.7650013789490635,-2.5664041361970202,3.6436628028075218,7.526300736075923,4.357823172966283,2.408081075391477,-2.1988021359063707,-1.4868238292070919,6.861477225726852,3.938126188274311,8.64289155272258,12.5,1.132769266630259,14.85,4.062529290868859,7.25,6.0295109595807,8.66,3.5378244942297474,9.09,NA,NA,19,0,0,9,0,0
R691302,completed,uc,59,Woman,White,No,yes,below_median,not_college_graduate,NA,10,1,1,1,1,1,1,1,1,0,1,1,0,1,1,0,no,0,0,0,0,0,0,0,0,0,0,0,0,0,1,0,1,9,5,61.2,6.4,11,4,59.2,5.11,9,5,55.8,6.1,7,5,54,5.9,7,7,57.1,6.9,8,6,59.4,4.67,1.5975,0.3,1.45905,0.28,2.7660239685655355,-2.5947104662244125,-1.9746766684868269,7.249467984465753,3.8334658214936166,2.5345300966714235,-2.3522880980131724,-1.7585719811629108,7.978093278026186,3.0036019536348455,2.5352941863727416,7.56,1.468589140197507,8.2,0.2870728357017627,5.13,2.54875007607446,7.24,2.1094629715902893,10.47,3.4012716316272216,12.58,NA,NA,NA,NA,NA,NA
R291751,completed,hmp_active,32,Man,White,Yes,no,below_median,not_college_graduate,NA,8,1,0,1,1,1,1,NA,NA,NA,0,0,0,0,0,0,no,0,0,1,1,0,0,1,0,1,0,0,1,0,0,1,0,8,8,55.8,6.3,7,7,54.3,5.8,NA,NA,NA,NA,9,7,55.8,5.9,8,7,54.3,6.5,NA,NA,NA,NA,1.3845,0.39,1.26735,0.15,2.453864795560628,2.124477754811619,-1.5002669879498973,5.507333626001955,1.0646823695116392,2.4942102065759895,5.124263476578036,-1.3754426781957336,6.307500491682558,-1.3754426781957336,1.975118172639977,9.13,1.94010080550386,11.37,NA,NA,1.282730925176459,5.78,2.088296040672107,8.99,NA,NA,3,0,0,0,0,0
R543661,completed,hmp_full,36,Man,White,Yes,no,below_median,not_college_graduate,NA,13,0,1,1,1,0,1,0,0,0,0,0,0,0,0,0,no,0,0,0,0,0,0,0,0,0,0,0,0,0,0,0,0,24,21,63,2.9,16,18,63,3.4,12,7,63,2.9,16,14,63,3.7,8,7,54.3,3.8,15,7,62,4.8,0.94785,0.39,1.9383,0.66,2.966913748537526,-0.3339682662791952,-2.667145149409345,3.2382166986452257,6.621174263883427,2.9833951122594558,2.9665281386873956,-2.372222108139348,-2.372222108139348,5.927063798757926,NA,NA,NA,NA,NA,NA,NA,NA,NA,NA,NA,NA,9,0,69,0,0,0
R204895,completed,uc,50,Woman,White,Yes,no,below_median,college_graduate,NA,11,1,0,1,0,1,1,1,1,0,1,1,0,1,1,1,no,0,0,0,0,0,0,0,0,NA,NA,NA,NA,NA,NA,NA,NA,4,9,41.1,5.9,4,9,50.4,6,3,8,49.5,6.78,4,6,51.8,6.5,8,4,46.3,5.8,2,0,54.3,8.3,NA,NA,NA,NA,NA,NA,NA,NA,NA,NA,NA,NA,NA,NA,1.8837130476183583,6.36,1.476318867778228,11.86,1.2160475403469244,4.02,3.515781445325534,5,4.060385273352039,7.73,0.71164522918593,9.3,NA,NA,NA,NA,NA,NA
R954184,completed,hmp_active,64,Woman,White,Yes,no,below_median,college_graduate,NA,5,1,1,1,1,1,1,0,0,0,0,0,0,0,0,0,yes,0,0,0,0,0,0,0,0,0,0,0,0,0,0,0,0,6,5,55.8,6,7,6,50.2,6.5,6,3,52.7,6.4,5,5,52.7,6.75,5,3,52.7,7.1,3,5,52.7,7.9,0.19169999999999998,1.2650000000000001,0.4047,0.49,3.211123624808278,-3.149793987075047,4.540603619422013,-2.5419449499332862,0.5025774877901368,2.612041335697236,1.1150448585072372,2.432215801549598,-1.5380761120025237,-1.5380761120025237,0.2531141909987845,6.7,4.540268432776254,12.33,1.27574086434998,10.48,0.993634459433642,9.52,4.337126971191324,9.24,NA,NA,21,0,0,2,0,0
R260622,completed,hmp_full,42,Woman,White,No,yes,below_median,not_college_graduate,NA,19,1,1,1,1,1,1,1,0,0,1,0,0,1,0,0,no,0,0,0,1,0,0,0,0,0,0,1,1,0,1,0,0,16,15,68.1,4.4,7,10,42.7,2.44,6,6,52.7,3.7,6,9,63,3.1,9,6,59.4,3.5,7,8,55.8,4,0.15974999999999998,0.2,0.20235,0.13,3.016681660031327,-2.8240708496600258,3.903688030277473,6.68925487218087,1.8774671848025468,3.106552833798072,-3.006767114073372,4.8715510867842315,6.599406754032806,1.9597532647153912,1.3126369848585595,13.21,4.383766527850325,9.94,5.221304536299687,9.14,6.392931505053465,11.69,3.5200553887989283,11.76,2.754945373251332,8.06,23,130,48,4,7,35
R552155,completed,uc,33,Woman,Black,No,no,above_median,college_graduate,NA,6,1,0,1,0,1,1,0,0,0,0,0,0,0,0,0,no,0,0,0,1,0,1,0,0,0,0,0,0,0,0,0,0,4,6,49,5.7,3,6,48.7,6.2,4,5,46.8,6.1,4,5,46.8,6.5,4,5,46.8,7,3,3,47,6.8,1.3942707359999997,0.5808,0.945031584,0.5009399999999999,2.9094867826216126,0.9418684878076515,-2.482631907396505,7.097546395044691,5.911489286429738,2.966620383794349,0.3386204331598428,-2.2700842803349457,5.796123287671318,6.182036914337576,1.4454932923656765,4.27,3.5257346065293884,7.77,NA,NA,0.8934883931428191,9.13,1.6365536406793126,9.71,0.3950513828907163,9.9,NA,NA,NA,NA,NA,NA
R155390,completed,hmp_active,31,Woman,Asian,No,no,above_median,college_graduate,NA,9,0,0,0,1,1,1,0,0,0,0,0,0,1,0,0,yes,0,0,0,1,0,0,0,0,NA,NA,NA,NA,NA,NA,NA,NA,5,5,54.9,7.2,8,11,50,5.8,5,5,50,8.1,NA,NA,NA,NA,5,5,61.9,8.4,6,6,55.8,8.6,NA,NA,NA,NA,NA,NA,NA,NA,NA,NA,NA,NA,NA,NA,4.293149775846599,2.13,1.7570141504733603,10.14,1.7912260201311072,12.75,NA,NA,5.532282216934774,8.17,2.53445011115796,4.04,8,0,0,2,0,0
R128739,completed,uc,46,Man,White,Yes,no,above_median,college_graduate,NA,8,1,1,1,1,1,1,0,0,0,0,0,0,0,0,0,yes,0,0,0,0,0,1,1,0,0,0,0,0,0,0,0,0,11,12.83,54.3,6.3,8,8,59.4,6.1,13,14,52.7,6.2,7,7,51.9,7.4,1,1,50.4,7,7,7,55.8,7,0.47925,0.060000000000000005,NA,NA,2.906934807094446,-3.8898415011691707,3.927306228791501,7.447304512428868,6.0777887120675995,3.108573507584834,-3.956128614037416,4.810666606569104,6.652844531205674,4.421795888536845,6.650534888718861,11.86,2.321640548195953,8.56,2.6728233662321386,7.77,1.9577712897774764,4.76,1.4739936617411875,7.21,2.320680035192083,8.33,NA,NA,NA,NA,NA,NA
R542463,completed,uc,47,Woman,White,Yes,no,below_median,not_college_graduate,NA,21,0,0,0,1,0,1,0,0,0,0,0,1,1,0,1,no,0,0,1,1,0,0,1,0,0,0,0,0,0,0,0,0,17,14,48.7,5.5,17,9,53.5,4.67,15,9,48.8,5.1,13,11,52.7,6.3,10,2,50.4,5.3,13,9,50.4,6,6.4752,0.97,4.760549999999999,0.52,1.883521746161894,1.2867226345184064,-1.850719088778114,6.099078127383738,2.3236681811175233,3.1486415206684915,0.5335415187314108,-2.7877509367379676,6.26112876911159,2.6887126151935434,0.2910477247717009,2.06,0.6954180503486227,5.04,3.504549798758068,9.23,5.262903028041184,8.85,0.2648809450681936,8.89,1.5993481996371208,10.87,NA,NA,NA,NA,NA,NA
R510940,completed,hmp_full,40,Woman,White,Yes,no,below_median,college_graduate,NA,22,1,1,1,1,1,1,1,1,0,1,1,0,1,1,1,no,0,0,0,0,0,0,0,0,0,0,0,0,0,0,0,0,21,17,67,4,10,12,54.3,5.8,9,8,46.3,5.88,7,7,42.7,6.9,5,6,46.3,7.2,3,6,44.2,7.8,2.65185,1.38,1.7678999999999998,1.41,2.643161619706663,-2.3840937221742724,-1.376419960998148,7.787771754952055,4.108376972492507,3.0151938346774214,-2.4606017935791873,-1.8209822434694494,6.121024565020407,4.162954037217741,2.632029062846074,4.48,0.1814835353349191,6.94,1.054144804317078,13.76,0.8638980499594464,6.41,0.23494333560268,4.28,NA,NA,18,10,40,71,65,330
R326342,completed,hmp_active,30,Woman,White,Yes,no,below_median,not_college_graduate,NA,15,1,1,1,1,1,1,NA,NA,NA,0,1,1,NA,NA,NA,yes,NA,NA,NA,NA,NA,NA,NA,NA,NA,NA,NA,NA,NA,NA,NA,NA,16,15,81.2,3,NA,NA,NA,NA,NA,NA,NA,NA,NA,NA,NA,NA,NA,NA,NA,NA,NA,NA,NA,NA,NA,NA,NA,NA,NA,NA,NA,NA,NA,NA,NA,NA,NA,NA,NA,NA,NA,NA,NA,NA,NA,NA,NA,NA,NA,NA,0,0,0,0,0,0
R291175,completed,hmp_full,32,Woman,more_than_one,No,no,above_median,college_graduate,NA,15,1,0,1,1,1,1,0,1,1,0,1,0,0,1,1,yes,0,0,0,0,0,NA,0,0,1,1,0,1,0,0,0,0,13,14,64.9,7.56,5,7,63,8.1,5,7,63,7.6,3,5,54.3,8.78,3,0,50.4,9.4,9,4,61.3,9.44,0.1065,NA,0.1065,0.26,2.816823107256642,-3.321354924053003,-2.4233283815856628,6.367397246677914,2.839361807319223,2.884163778062892,-3.1954298301087616,-2.3789275196537236,7.048538331311105,1.1175800418127566,2.734302751151978,12.72,3.3845471843866104,10.85,1.6704134787714966,11.5,1.900519465989944,9.88,0.7983079948727027,5.1,NA,NA,21,437,8,1,15,0
R550168,completed,hmp_active,36,Woman,White,Yes,no,below_median,college_graduate,NA,6,1,0,1,1,1,1,1,1,0,1,0,0,1,0,0,no,0,0,0,0,0,0,0,0,NA,NA,NA,NA,NA,NA,NA,NA,6,11,46.3,4.2,6,8,46.3,4.7,6,6,55.8,5.7,6,7,55.8,5.4,7,6,57.9,5.3,6,6,50.4,5.7,NA,NA,NA,NA,NA,NA,NA,NA,NA,NA,NA,NA,NA,NA,0.1986592260161036,2.38,1.485996631108159,0.66,3.815302896704939,8.08,3.226276886136889,2.82,2.2155821209129063,5.45,0.9218483539205472,1.63,20,0,0,2,0,0
R248476,completed,hmp_active,49,Woman,White,Yes,no,below_median,not_college_graduate,NA,14,1,0,1,1,1,1,0,0,0,0,0,0,0,0,0,no,0,0,0,0,0,0,0,0,0,0,0,0,0,0,0,0,15,11,64.7,4.2,9,7,55.6,5.5,11,11,60.2,5.4,9,10,57.9,5.1,7,10,54.3,5.56,5,7,57.4,6.4,2.707073232,1.22331,3.029454696,9.05443,2.484062038791103,5.719312982850731,-2.045329540963195,-2.045329540963195,4.591928490321262,2.577322906186353,3.499058565992681,0.3596258783826358,-0.42883148198163434,3.6212128213438866,NA,NA,2.2307126539420588,1.33,1.1584920872998892,11.43,3.352459729497928,11.93,0.763548568008409,4.02,2.7793675979665644,8.6,15,0,0,0,0,0
R228369,completed,hmp_full,42,Man,White,Yes,no,above_median,college_graduate,NA,12,1,0,1,0,1,1,0,1,1,0,0,0,0,1,1,dont_know,0,0,0,0,0,0,0,0,1,0,0,1,0,0,1,1,11,15,68.4,5.4,9,14,66.2,5.4,12,18,68.9,3.8,8,13,61.2,4.2,12,14,59.4,4.2,12,18,69,3.4,5.48475,0.69,1.8104999999999998,0.59,2.3560086814416157,3.2058501974810834,4.9847139872435715,6.2663364682218825,3.481730084288669,2.706375444482315,3.8078598843420832,5.002605165606541,-2.2551025115535013,2.1637380962430965,3.405661220371836,6.82,8.588556922040874,15.07,2.972786464537908,10.67,0.7856599835055454,0.36,NA,NA,2.5774894351974678,13.49,10,47,33,0,0,0
R960796,completed,hmp_full,35,Woman,White,Yes,no,above_median,college_graduate,NA,6,1,0,1,1,1,1,0,0,0,1,0,0,1,1,0,no,0,0,0,0,0,0,0,0,0,0,0,0,0,0,0,0,5,7,52.7,5.4,3,7,46.3,5.2,2,7,42.2,6.6,1,4,42.2,7,0,3,40.6,7.4,5,2,48.9,6.4,1.07565,0.9,1.5549,1.13,2.643902513860406,-2.3302914761416633,-1.95839880691135,6.716310822379871,4.901216096742852,2.6758803495134256,-2.5568743236260962,-1.852143038478411,8.098657397108335,2.0796825942459147,3.748087195598398,5.97,4.695925958315842,6.8,2.5741175431705168,4.7,0.22605968297756,1.91,1.7004347910232778,7.69,3.241614327042264,6.93,13,37,8,10,40,0
R494949,completed,hmp_full,27,Woman,White,Yes,no,below_median,college_graduate,NA,13,1,0,1,1,1,1,0,1,1,0,1,1,0,1,1,no,0,0,0,0,0,0,0,0,0,0,0,0,0,0,0,0,14,12,60.2,4.9,13,9,62,5.7,14,10,59.4,5.6,12,8,62,6.1,12,7,57.9,5.9,11,9,46.3,5.7,0.94785,5.12,1.3418999999999999,0.635,3.124167836713196,-2.525531359514737,-2.017765479886348,2.7271666484769024,1.832382121823711,2.84664887869701,-2.5993204770184977,-2.09711700906695,3.1123691437744707,2.477593969436432,3.2037071305664924,6.36,3.58467843743379,8.17,5.100511515999882,7.11,1.2371984537193377,3.4,2.5275926873622243,4.67,0.6219343012998335,2.37,11,30,48,1,0,0
R857325,completed,hmp_active,42,Woman,White,No,yes,below_median,college_graduate,NA,6,1,0,1,0,1,1,0,0,0,1,0,0,0,0,0,no,0,0,1,0,0,0,0,0,0,0,0,0,0,0,0,0,5,4,55.8,7.8,2,3,55.8,8.5,3,1,54.3,8.11,2,4,52.7,8.5,0,0,37.8,8.8,3,1,36,8.3,0.28755000000000003,0.36,0.5538,0.12,2.6067887927351205,-2.7669974723385082,-2.077742096335055,7.271229143810349,-0.4683041839009545,2.6246069095507103,-2.3985211650898206,-1.965793566027231,7.495538960082901,4.274482279143538,0.6280863458496971,12.3,1.4921678564529666,12,2.0278483341037603,13.92,0.9020000609973082,11.95,1.1515093977901654,9.84,0.2531503497051309,2.21,13,0,0,4,0,0
R914131,completed,hmp_active,39,Woman,White,Yes,no,above_median,college_graduate,NA,6,1,0,1,0,1,1,0,1,0,0,1,0,0,1,0,no,0,0,0,0,0,0,0,0,0,0,0,0,0,0,0,0,5,3,51.5,6.9,3,3,47.4,7.2,2,1,45.4,7.4,2,1,45.4,7.8,2,1,45.4,8.4,1,5,40.6,6.8,1.205729952,0.48763,1.499015616,0.56386,2.7319872015999573,-3.2285606362204713,5.276164811887531,6.721253589019195,5.173732556008793,2.7879314849637598,0.7724165004795291,4.658538559530384,5.94591157727347,0.6229015981350614,2.74200908164644,5.3,1.9242909303019584,6.16,4.602011510558598,5.73,1.2188997739973508,4.42,2.543250749833082,5.05,5.40050706699151,4.09,26,0,0,10,0,0
R488131,completed,uc,30,Woman,NA,NA,no,below_median,college_graduate,NA,8,1,0,1,1,1,1,1,0,0,1,0,0,1,0,0,yes,0,0,0,0,0,0,0,0,0,0,0,0,0,0,0,0,7,4,56.7,4.6,6,8,50.2,5.2,5,4,48.7,5.6,6,5,57.9,5.4,6,7,54.2,5.1,4,2,50.4,6.4,0.8732999999999999,0.58,1.30995,0.35,2.5191425208739044,-2.2872722070442535,-1.5159145760934885,-1.5159145760934885,-1.5159145760934885,2.37020888555412,-2.421872498039583,-1.5898897891256472,-1.5898897891256472,0.3560203599296662,4.192360075551657,6.76,1.9614816246616145,9.94,2.763493851287578,8.53,2.3645180911637023,6.45,1.6768005703025484,3.72,5.965706155058623,12.12,NA,NA,NA,NA,NA,NA
R792285,completed,hmp_active,35,Woman,White,Yes,no,above_median,college_graduate,NA,6,1,0,1,0,1,1,0,0,0,0,0,0,NA,NA,NA,no,0,0,0,0,0,0,0,0,1,0,0,1,0,0,0,0,10,4.67,65.9,6.9,6,3,63,8.1,7,2,63,8.4,NA,NA,NA,NA,NA,NA,NA,NA,6,2,59.4,8.3,0.1491,0.21,1.2460499999999999,0.085,2.8589789429871835,-2.964163950260354,-2.2014979654148625,6.343504926640642,0.9339962505142871,2.7597932521624537,0.8558466810877157,-2.120859000135937,6.444171520694461,1.5927130665683709,5.135461687512518,2.78,7.145686867244703,14.93,0.2432330040116418,3.95,NA,NA,NA,NA,3.4040526086534983,0.76,5,0,0,0,0,0
R753835,completed,hmp_active,33,Other,White,Yes,no,below_median,college_graduate,NA,14,1,0,1,1,1,1,NA,NA,NA,1,0,1,NA,NA,NA,yes,1,1,0,0,0,0,0,0,0,0,0,0,0,0,0,0,12,15,52.7,4,9,11,55.8,4.5,9,13,54.3,4.5,10,11,63,5.4,NA,NA,NA,NA,NA,NA,NA,NA,4.26,0.69,4.1960999999999995,0.48,2.833438334023778,-3.2155975665319003,-2.089764409327719,4.391812719948712,2.1149282100632467,2.801725600815628,-3.0491036134940153,-1.9433487228548563,6.080531269880022,-1.9433487228548563,2.8355634606321543,10.26,2.526450188576157,6.7,2.2648675353440084,7.93,2.191659954084338,8.53,NA,NA,NA,NA,18,0,0,1,0,0
R267286,completed,hmp_full,29,Woman,White,Yes,no,above_median,college_graduate,NA,8,1,1,1,1,1,1,1,1,0,1,1,0,1,1,0,no,0,0,0,0,0,0,0,0,0,0,0,0,0,0,0,0,5,7,54.3,5.9,8,6,59.4,6.7,NA,NA,NA,NA,NA,NA,NA,NA,10,16,68.1,6,8,11,57.9,7.4,2.9713499999999997,0.43,3.7062,0.225,2.335190359912087,-2.7540463152754686,-1.94325875293866,8.247398240676237,5.210575048640183,2.366972530427258,-3.1444702084099165,0.2527616955497569,8.47186734980031,3.206724556227453,1.105667926215867,3.64,4.939649336156427,7.94,NA,NA,NA,NA,6.764710556324799,14.29,NA,NA,3,0,8,0,0,0
R147689,completed,hmp_full,51,Woman,White,Yes,no,above_median,college_graduate,NA,7,0,0,0,0,0,0,0,0,0,0,0,0,0,0,0,no,0,0,0,0,0,0,0,0,0,0,0,0,0,0,0,0,4,5,61.2,5.2,3,2,46.3,6,3,2,47.9,5.4,2,2,46.3,6.2,1,2,54.3,5.67,5,4,56.5,4.7,0.09584999999999999,0.18,0.15974999999999998,0.1,2.6334561470857323,-3.456231441329494,3.4482776500321295,6.362506937848434,7.8401188332702025,3.212106662869655,-3.584194950086748,2.7019571421996247,5.2309397458943305,5.763269061399598,3.613433224146688,7.59,0.5809471402244418,3.11,3.297879213942514,8.02,0.4519068169368645,3.31,0.6984510250979492,5.26,1.7408516281225497,6.76,15,45,63,3,0,30
R292711,completed,hmp_active,51,Man,Native,No,no,above_median,college_graduate,NA,7,1,0,1,0,1,1,0,0,0,0,NA,0,0,0,0,no,0,0,0,0,0,0,0,1,0,0,0,0,0,0,0,0,7,12,58,7.8,4,4,51.3,8,NA,NA,NA,NA,7,5,50.2,8.12,5,4,46.3,7.7,0,0,44.2,8.5,0.54315,0.3,0.7029,0.16,3.0099396920550605,-3.566739974019319,4.937108407961757,8.044602785112408,4.612900758218804,2.956398302088031,-3.3984619842435118,4.574557437515599,8.008315020874592,5.391925303239491,0.4799021480721335,8.63,0.2090970446012918,10.74,NA,NA,2.609313849384435,11.23,2.373653499400889,9.8,2.2700668951381475,11.21,0,0,0,0,0,0
R800672,completed,hmp_full,27,Man,White,No,yes,above_median,college_graduate,NA,6,1,0,1,0,1,1,0,0,1,0,0,1,0,0,1,no,0,0,0,0,0,0,0,0,1,0,0,0,0,0,0,0,7,1,54.3,8.5,6,2,55.8,8.4,7,2,56.9,9.5,4,2,58.1,9.1,4,2,59.4,9,1,1,48.9,8.7,1.05435,1.415,6.18765,1.55,2.930270103525475,0.9789814985736012,-2.348906963567507,7.3887030845906,1.314654682562139,2.6226373915673964,1.5705282493659296,-2.189010904395626,7.75633810223542,0.6442024396605899,0.2416792148957817,5.45,1.4642910070357424,4,0.2437990743896599,1.91,3.512204265379368,7.46,1.2174635841581647,3.91,0.2120689709607245,3.65,9,42,0,0,0,0
R852908,completed,hmp_full,51,Woman,White,Yes,no,below_median,college_graduate,NA,9,1,0,1,0,1,1,1,0,0,1,0,0,1,0,0,no,0,0,0,0,0,0,0,0,0,0,0,0,0,0,0,0,14,8,57.9,5.2,9,8,50.4,5.5,7,6,50.4,5.9,5,9,54.3,6.3,6,8.17,46.3,6.6,3,2,41.1,6.5,0.293285664,NA,0.19203228,0.51425,2.6516956539523897,-1.6993833629937543,-1.8574822599986973,7.353557867091759,2.31690500989694,2.342418169468063,-1.5727328758425485,-1.6983568774292905,7.607202761127827,1.5974799885750384,5.507499173954133,8.46,1.4950446600612917,10.07,0.8411778017008981,9.55,1.33105141933562,2.2,2.910610313913563,7.27,4.711021226658793,7.25,1,0,0,0,0,0
R651288,completed,hmp_active,20,Woman,Asian,No,no,below_median,not_college_graduate,NA,7,0,0,0,1,1,1,1,0,0,0,0,0,0,0,0,no,1,0,0,0,0,1,0,0,0,0,0,0,0,1,0,0,7,4,47.9,4.8,5,1,51.8,5.9,6,2,56.5,5.8,7,0,57.9,4.6,6,1,54.3,5.5,3,3,56.5,5.6,1.4696999999999998,0.32,0.15974999999999998,0.16,1.952190908617663,2.1753028233883835,-1.672605060046096,6.329419758170014,4.815078958438515,2.6984684738292777,0.365306176168533,-1.9003195925956153,7.542163714491579,3.5507188609700857,2.585236887468695,11.93,0.2032399590296409,7.14,4.073674043465863,12.17,2.132089074769853,12,0.2714509370200473,10.31,4.399148511054748,9.92,8,0,0,4,0,0
R232006,completed,hmp_full,35,Woman,White,Yes,no,above_median,college_graduate,NA,15,1,0,1,1,1,1,1,1,1,1,1,0,1,1,0,yes,1,0,1,0,0,0,0,0,0,0,0,0,0,1,0,0,15,21,50.4,3.8,19,18,48.7,4.2,19,21,51.8,3.6,20,21,53.5,3.67,14,12,54.3,5.78,8,17,51.8,5.56,4.07895,0.78,0.213,0.15,2.801435138797551,4.525457011435244,-2.6095296477166485,7.270228578120243,4.809251235034146,2.5847402296249906,3.242028113393048,-2.23973771355767,6.259495152481575,3.4539944252450296,4.657952491040547,2.2,0.120994380863099,1.56,0.2423029026249336,2.91,0.527563456403591,14.29,1.002493649377182,6.2,0.1581287669482154,1.9,5,20,8,0,0,0
R885691,completed,hmp_full,19,Man,White,No,yes,above_median,not_college_graduate,NA,5,1,0,1,0,1,1,NA,NA,NA,0,0,0,NA,NA,NA,no,0,0,0,0,0,0,0,0,NA,NA,NA,NA,NA,NA,NA,NA,3,4,38,7.1,6,1,47,6.3,NA,NA,NA,NA,NA,NA,NA,NA,NA,NA,NA,NA,NA,NA,NA,NA,NA,NA,NA,NA,NA,NA,NA,NA,NA,NA,NA,NA,NA,NA,3.632146555649913,10.79,3.020143745082093,13.33,NA,NA,NA,NA,NA,NA,NA,NA,4,0,10,0,0,0
R172519,completed,hmp_active,21,Woman,White,Yes,no,below_median,not_college_graduate,NA,9,1,0,1,1,1,1,1,1,0,1,1,0,NA,NA,NA,no,0,0,0,0,0,0,0,0,0,0,0,0,0,0,1,0,9,15,32.8,6.3,8,16,40.3,6.3,8,9,31.4,7.4,6,7,33.2,7.1,NA,NA,NA,NA,7,8,41.1,6.7,0.032587296,0.14640999999999998,2.091406104,0.92323,2.7033696220161985,3.827735779672477,-1.3574125535579373,7.469468790572696,-1.3574125535579373,2.473801136050577,-2.0146541114719714,-1.4302179294059196,7.7076592708365474,0.967677343392451,5.724463209150011,13.79,7.070339137436626,12.73,0.2403764835425845,8.62,3.5594650693593675,3.8,NA,NA,0.1985425647779318,4.82,7,0,0,2,0,0
R116843,completed,hmp_active,23,Other,White,Yes,no,below_median,college_graduate,NA,18,1,1,1,1,1,1,NA,NA,NA,0,0,0,NA,NA,NA,yes,0,0,0,0,0,0,0,0,0,0,0,0,0,0,0,0,16,11,48.8,4.6,NA,NA,NA,NA,NA,NA,NA,NA,NA,NA,NA,NA,NA,NA,NA,NA,NA,NA,NA,NA,0.6816,0.46,0.11714999999999999,0.12,2.5796290552295806,-2.3824211320846786,-1.9867491151670595,4.66093925839627,3.0171971907783997,2.692079570040417,-2.2480020029053827,-1.6360344352582041,5.69894744361361,-1.6360344352582041,3.4679336502870424,11.16,NA,NA,NA,NA,NA,NA,NA,NA,NA,NA,1,0,0,0,0,0
R204776,completed,uc,59,Woman,White,Yes,no,below_median,college_graduate,NA,7,1,0,1,0,1,1,1,1,1,0,1,1,0,1,1,no,0,0,1,0,0,0,0,1,0,0,0,0,0,0,1,1,7,1,53.5,7.2,6,0,51.8,6.8,6,1,55.8,6.7,5,1,52.7,6.8,7,0,57.9,7.5,7,1,56.5,7.33,0.29910482400000005,1.11804,0.40268587199999994,0.63041,2.7566440975900623,4.477126284086218,-2.3320101735898886,-2.3320101735898886,2.0868304342067088,2.8181931008946757,4.381790388384777,-2.1677663063987254,2.2266828482737133,2.4069446721046575,2.8682626126696444,8.16,2.143902278277717,6.84,2.0933092616773523,3.85,3.122018203827204,10.23,1.1422723200850582,7.5,2.989678101651148,6.8,NA,NA,NA,NA,NA,NA
R736613,completed,hmp_active,42,Woman,White,No,yes,below_median,not_college_graduate,NA,12,1,0,1,1,1,1,0,1,0,0,1,1,0,1,1,yes,0,0,1,0,0,1,0,1,0,0,0,0,0,0,0,1,7,4,65.3,7.6,14,9,58,6.8,13,7,54,7,14,10,54.3,5.6,6,5,61.2,7.3,14,6,69.3,7.5,2.0661,0.6,3.0885,1.12,2.735621140766867,3.3868870522470775,-2.1329508942414694,3.0981577226131174,3.1802550848003177,2.954896957054101,2.6294129369030412,-2.6101614667536865,2.3385984236244814,3.2563065901796096,4.855975501652037,10.64,NA,NA,4.434527165536884,4.51,4.191234825835131,5.13,2.3208609310817265,5.77,NA,NA,9,0,0,15,0,0
R700054,completed,hmp_active,26,Woman,White,Yes,no,below_median,college_graduate,NA,13,1,1,1,1,1,1,NA,NA,NA,0,0,0,NA,NA,NA,yes,0,0,0,0,0,0,0,0,NA,NA,NA,NA,NA,NA,NA,NA,15,6,42.7,5,11,16,42.7,4.9,4,9,42.7,5.8,NA,NA,NA,NA,NA,NA,NA,NA,NA,NA,NA,NA,NA,NA,NA,NA,NA,NA,NA,NA,NA,NA,NA,NA,NA,NA,NA,NA,4.349774230392689,11.54,3.2111317860571025,10.97,NA,NA,NA,NA,NA,NA,3,0,0,0,0,0
R781445,completed,uc,59,Woman,White,Yes,no,below_median,not_college_graduate,NA,18,1,1,1,1,1,1,1,0,1,1,0,1,1,0,1,no,0,0,1,1,0,1,1,0,0,0,1,0,0,1,0,0,17,18,63,5.3,15,21,78.3,3.6,13,13,68.4,3.1,16,19,65.3,3.5,16,20,75.8,3.5,19,13,71.9,4.67,0.18105000000000002,0.39999999999999997,0.24495,0.35,2.7759076288351383,1.3262224255767947,-2.433474557230901,6.553097068037153,3.9347126291195913,2.7024899663439754,-2.8232481156691263,-2.443159376816442,6.728959782339542,2.999258333705351,1.4383132527038662,14,3.8480319204664286,6.59,3.222284838638078,13.93,3.7735364546794106,12.08,2.522225038203685,8.28,4.162906216770088,11.41,NA,NA,NA,NA,NA,NA
R572699,completed,hmp_active,65,Man,White,Yes,no,above_median,college_graduate,NA,7,1,0,1,0,1,1,0,1,0,0,1,0,NA,NA,NA,no,0,0,0,0,0,0,0,0,0,0,0,0,0,0,0,0,5,3,55.8,6.2,NA,NA,NA,NA,NA,NA,NA,NA,NA,NA,NA,NA,NA,NA,NA,NA,1,1,44.2,7.5,3.2802,0.27,4.9948500000000005,1.05,2.883888707589904,-3.660236853043853,-3.1142217384570605,8.105928706995378,8.146607564186379,2.5763265758281584,-3.609477520136912,-2.619665373885857,7.842952134302585,3.8950473169866733,NA,NA,NA,NA,NA,NA,NA,NA,NA,NA,NA,NA,0,0,0,0,0,0
R993644,completed,hmp_full,22,Woman,White,Yes,no,below_median,college_graduate,NA,13,1,1,1,1,1,1,NA,NA,NA,0,0,0,NA,NA,NA,no,0,0,0,0,0,0,0,1,NA,NA,NA,NA,NA,NA,NA,NA,11,11,46.3,6.2,NA,NA,NA,NA,NA,NA,NA,NA,NA,NA,NA,NA,NA,NA,NA,NA,NA,NA,NA,NA,NA,NA,NA,NA,NA,NA,NA,NA,NA,NA,NA,NA,NA,NA,3.842447479932059,4.41,NA,NA,NA,NA,NA,NA,NA,NA,NA,NA,0,0,0,0,0,0
R146614,completed,hmp_full,39,Woman,Black,No,no,below_median,college_graduate,NA,8,1,0,1,0,1,1,1,0,0,0,0,0,1,0,0,no,0,0,1,0,0,0,0,0,0,0,0,0,0,1,0,0,7,3,52.7,6.8,9,5,52.7,6.9,3,1,53.2,7.7,12,7,54.3,8.5,9,4,51.3,8.1,9,4,55.8,7.3,10.42635,0.65,8.97795,0.86,3.0755984351192094,-3.1999646979069674,4.829981427686766,6.142733822365836,2.7786017176651936,3.278096077340767,-3.2102035100566852,4.830066558826198,6.560021959916601,4.776697612844403,5.144430630594292,10.27,1.589295267647198,11.46,NA,NA,2.1225351809433946,9.92,0.6409894645471509,11.54,3.3925268539163578,10.91,15,27,8,28,80,0
R504464,completed,hmp_full,43,Woman,White,Yes,no,above_median,college_graduate,NA,15,1,1,1,1,1,1,NA,NA,NA,1,0,0,NA,NA,NA,no,0,0,0,0,0,0,0,0,NA,NA,NA,NA,NA,NA,NA,NA,15,18,62,4.5,12,18,55.6,4.8,13,17,55.8,3.8,NA,NA,NA,NA,NA,NA,NA,NA,NA,NA,NA,NA,NA,NA,NA,NA,NA,NA,NA,NA,NA,NA,NA,NA,NA,NA,4.471235147105861,9.03,3.5120002144317075,12.2,0.6825919439451618,2.45,NA,NA,NA,NA,NA,NA,11,7,48,7,0,25
R878451,completed,uc,24,Woman,White,Yes,no,below_median,college_graduate,NA,7,1,0,1,1,1,1,1,0,1,1,0,1,1,0,1,no,0,0,0,0,0,0,0,0,0,0,0,0,1,0,0,0,6,19,46.3,5.2,7,15,41.1,5.4,7,16,46.3,5.5,6,17,41.1,5.4,7,12,51.3,5.3,6,10,46.1,6,6.59235,0.23,1.8957,0.52,3.036764450698984,1.120754739545939,-2.328469130107687,6.451857260838918,3.069693571410066,2.926579688978693,-2.8150890170295706,-2.2646053025228956,7.363458074956953,3.0386996055361797,4.487762030928836,4.82,3.063684703118977,10.58,1.7751998697632707,4,1.2879928699906134,5.82,0.6524941757738545,7.69,2.075513010530611,6.7,NA,NA,NA,NA,NA,NA
R467282,withdrawn,hmp_full,32,Man,more_than_one,No,no,below_median,not_college_graduate,NA,5,0,0,0,1,0,1,NA,NA,NA,0,0,0,NA,NA,NA,no,0,0,0,0,0,0,0,0,NA,NA,NA,NA,NA,NA,NA,NA,2,3,41.1,7.7,NA,NA,NA,NA,NA,NA,NA,NA,NA,NA,NA,NA,NA,NA,NA,NA,NA,NA,NA,NA,NA,NA,NA,NA,NA,NA,NA,NA,NA,NA,NA,NA,NA,NA,NA,NA,NA,NA,NA,NA,NA,NA,NA,NA,NA,NA,4,0,5,0,0,0
R894392,completed,uc,49,Man,White,Yes,no,below_median,not_college_graduate,NA,13,0,0,0,0,1,1,NA,NA,NA,0,0,1,0,0,1,yes,0,0,0,0,0,0,0,0,NA,NA,NA,NA,NA,NA,NA,NA,12,15,64.1,5.2,13,9,68.5,5.4,8,11,57.1,4.9,7,7,54.9,5.2,6,6,54.3,5.3,NA,NA,NA,NA,NA,NA,NA,NA,NA,NA,NA,NA,NA,NA,NA,NA,NA,NA,1.4427037835176926,7,1.899216407446964,9.68,2.142683628517251,6.25,3.1672062994095764,5.8,NA,NA,NA,NA,NA,NA,NA,NA,NA,NA
R748699,completed,hmp_active,49,Woman,White,Yes,no,above_median,college_graduate,NA,7,1,0,1,1,1,1,0,0,0,0,0,0,0,0,0,no,0,0,0,0,0,0,0,0,0,0,0,0,0,0,0,0,6,6,54.3,6.5,7,5,55.8,6.6,6,5,55.8,6.2,7,9,55.8,5.3,6,6,54.3,7,7,5,55.8,7.2,4.3026,0.41,1.9596,0.75,3.1405774674778484,3.1294404299202374,-2.163921823848822,5.834077494130909,5.037249059432856,2.9642576373543332,0.7678421109368059,-2.0351263637790473,5.778869311223743,7.585268568639107,1.2760395717288435,9.3,0.3354561475465327,11.81,7.39342937489378,6.25,3.425205122065636,8.39,0.2345321787122945,12.14,0.1695688456741318,3.49,18,0,0,1,0,0
R392173,completed,hmp_full,38,Woman,Asian,No,no,above_median,college_graduate,NA,7,1,1,1,1,1,1,0,0,0,0,0,0,0,0,0,no,0,0,0,0,0,0,0,0,0,0,0,0,0,0,0,0,8,11,54.3,7.1,9,8,57.1,6.3,4,7,57.1,7.9,7,10,48.9,6.22,13,15,57.1,7.3,0,9,59.6,7.6,0.38339999999999996,0.6,0.11714999999999999,0.1,3.100079947106582,4.405976012023468,1.575053751747507,-1.7922420782389672,3.838969703582398,2.9275598975653723,-2.858130331454144,-2.1642322223979082,-2.1642322223979082,5.669764119311552,1.030899188216681,6.71,4.608565140291865,13.19,1.3223301184870746,5.11,3.8899000352477753,10.34,0.3350294758482481,3.55,4.4302850635920645,9.73,11,7,66,0,0,0
R320810,completed,hmp_full,52,Man,Asian,No,no,above_median,college_graduate,NA,6,0,0,0,0,0,0,0,0,0,0,0,0,0,0,0,no,0,0,0,0,0,0,0,0,1,0,0,0,0,0,0,0,6,8.17,47.9,5.8,5,3,44.4,5.9,5,5,44.2,5.9,6,8,41.1,6.5,7,8,47.9,6.1,10,7,42.7,5.9,1.4696999999999998,0.29,2.9606999999999997,0.3,3.065888697066366,-2.371410859930751,-1.9206394294001172,-1.9206394294001172,2.4982011783964806,2.5188259819338934,-2.1481977973949635,-1.752349729725141,2.713558388929443,-1.752349729725141,2.530345399825019,8.55,4.386826622312692,10.24,3.811971194964261,2.8,NA,NA,2.7178142196498727,4.65,3.4287883634341925,4.89,17,27,18,2,5,0
R533138,completed,hmp_full,27,Man,White,Yes,no,below_median,not_college_graduate,NA,16,1,1,1,1,1,1,1,0,1,1,0,1,1,0,1,no,0,0,0,0,0,0,0,0,0,0,0,0,0,0,0,0,14,5,57.9,3.5,13,4,63,3.6,10,8,57.9,5.1,8,4,52.7,6,5,6,54.3,5.8,14,8,55.6,4.5,0.0639,0.35,0.05325,0.060000000000000005,2.200321504367769,-2.981267802119319,4.748124939900562,2.5205621745033993,6.605123058651653,1.7271017327002702,-2.9087247154320437,3.846626828879253,-1.7988200687639848,2.2442311990705655,2.6385339505081387,7.75,0.3208167426452072,3.48,4.0243962120836185,6.19,0.1475409945090655,6.78,2.7311466250411565,10.13,5.101881187169268,8.87,13,52,53,9,25,30
R120021,completed,hmp_full,43,Woman,White,Yes,no,above_median,college_graduate,NA,8,1,0,1,0,1,1,1,1,1,1,1,1,1,1,1,no,0,0,0,0,0,0,0,0,0,0,0,0,0,0,0,0,10,4,56.5,6.4,7,6,58,6.89,8,6,56.5,7.4,6,4,54.3,7.2,10,8,51.9,6.5,7,3,59.4,7.6,0.92655,0.26,0.24495,0.2,2.935156013900593,-2.6376121472331473,3.7990303180172527,5.6867657460356105,6.6673869907262535,2.9521756181986025,-2.986118333576227,-2.051261346454778,6.171560784358882,5.874257633332148,5.643516616520083,11.67,NA,NA,5.077471894632744,5.63,5.869666567305094,8.13,6.288661221796321,9.47,4.068575628722699,3.64,11,57,0,2,5,0
R116446,completed,hmp_active,27,Man,White,No,yes,below_median,not_college_graduate,NA,16,1,1,1,1,1,1,0,0,0,0,0,0,0,0,0,yes,0,0,0,0,0,0,0,0,1,0,0,0,0,0,0,0,15,14,56.5,4.2,17,12,60.2,5.4,13,13,55.8,5.2,16,13,59.4,5.8,12,13,60.7,5.9,10,7,59.4,7,8.21115,0.6,18.317999999999998,0.78,2.406206189010801,0.6484038364953566,-2.113818177213307,2.3288330792770098,7.926252357109355,2.1466084663249094,-2.9159360590878656,-2.150151726855707,2.1936536949979772,6.725135401252677,1.00029846360499,14.63,5.640331411731568,8.94,NA,NA,0.3274846474188427,13.44,1.6533806432862983,11.31,0.9886276486518508,10.49,15,0,0,8,0,0
R261610,completed,hmp_full,40,NA,White,Yes,no,below_median,college_graduate,NA,11,1,0,1,0,1,1,NA,NA,NA,0,1,0,0,1,0,yes,0,0,0,0,0,0,0,0,0,0,0,0,0,0,0,0,9,4,52.7,5.5,7,5,44.2,7.9,7,6,47.2,7.2,8,5,50.4,8,8,4,45.2,8,NA,NA,NA,NA,0.05325,0.11499999999999999,0.20235,0.2,2.9053800933340708,-2.5051695816012574,-1.6077026834254105,6.959613117394038,3.2044816719470073,2.902170305628626,-2.2162167514833655,-1.6211840837959577,6.1259808827243765,1.514310132133192,3.773868572065552,10.05,0.8133290410941302,8.04,3.311603082122236,7.73,1.6462837992103894,8.22,0.1943825548769872,8.7,NA,NA,22,154,0,25,145,0
R413268,completed,uc,55,Woman,White,Yes,no,below_median,not_college_graduate,NA,17,1,1,1,1,1,1,0,1,1,0,0,0,0,0,0,no,0,0,0,0,0,1,0,0,0,0,0,0,0,0,0,0,13,16,59.6,4.3,14,13,56.5,5.78,13,10,61.3,5.22,13,12,63,5.5,16,12,62,5.62,12,12,57.9,4.6,1.7457479999999999,NA,1.2220236,NA,2.946677332359925,0.35165055384731625,-2.5768500679351924,-2.5768500679351924,2.1326801333771415,3.0172730533709236,-4.06197094767166,-2.7004764598503725,2.2762572825702017,2.0269113588619683,3.938499997054363,14.42,4.0958439962711735,12.68,4.028512143735834,12.5,NA,NA,3.405835819560145,8.94,3.7683336886816,5,NA,NA,NA,NA,NA,NA
R631182,completed,hmp_active,35,Woman,White,No,yes,below_median,not_college_graduate,NA,7,1,0,1,1,1,1,0,0,0,0,0,0,0,0,1,yes,0,0,0,0,0,0,0,0,0,0,0,0,0,0,0,0,10,9,54.3,5,6,9,60.2,5.3,7,9,57.9,7,3,1,44.2,7.4,1,4,46.3,8.4,2,2,42.2,8.9,4.26,2.49,6.922499999999999,0.93,2.4111312700107685,-2.72338522584497,-1.5831170891443516,7.771237042970736,4.567485679301928,2.865894100119288,2.4448579264362897,-1.7099571389314714,7.567200406082028,-1.7099571389314714,3.925486936917301,11.93,3.27041150180086,7,2.1569234935172457,8.53,2.0342203489483497,11.9,2.658663247947132,10.98,NA,NA,2,0,0,2,0,0
R515463,completed,hmp_active,38,Man,White,Yes,no,below_median,college_graduate,NA,8,1,1,1,1,1,1,1,0,0,1,0,0,1,0,0,no,1,0,0,0,0,0,0,0,NA,NA,NA,NA,NA,NA,NA,NA,7,4,54.3,5,8,7,56.5,4.4,7,6,55.8,4.7,8,5,52.7,4.9,7,6,54.3,4.9,8,4,54.3,5,NA,NA,NA,NA,NA,NA,NA,NA,NA,NA,NA,NA,NA,NA,3.292148122993156,7.56,3.853546376178027,10.04,0.9711576516069218,4.88,2.6956789802666514,6.81,1.3412660686706157,7.8,2.816579515266219,10.6,9,0,0,0,0,0
R796145,completed,uc,54,Woman,White,Yes,no,above_median,college_graduate,NA,11,1,0,1,0,1,1,0,0,0,0,0,0,0,0,0,yes,0,0,0,0,0,0,0,0,1,0,1,0,0,0,0,0,7,4,63,5.5,10,6,55.8,5.9,7,4,46.3,5.2,5,5,61.3,6.2,7,5,51.9,6.5,6,5,61.2,5.2,3.0033,0.15,3.4506,0.22,2.5229819317530287,-2.806255492053805,-2.0475263872754934,-2.0475263872754934,2.942906199503242,2.3068032233427593,-1.966770423257548,-1.5878987930459214,-1.5878987930459214,3.9611772918492987,3.1156224587950287,6.67,3.5553776439469718,4.85,3.2762174976762,8.11,3.889347339281802,12,2.9026255186446006,8.96,1.9568076431734884,10.14,NA,NA,NA,NA,NA,NA
R145453,completed,hmp_active,60,Woman,White,Yes,no,below_median,college_graduate,NA,19,1,1,1,1,1,1,1,0,0,0,0,0,0,0,1,yes,0,0,1,1,0,1,0,0,1,0,1,1,0,1,0,0,19,14,64.1,4.3,16,11,65.3,3.89,16,10,61.9,4.7,11,7,57.9,6.78,14,6,54.3,6.2,7,10,54.3,6.67,2.3962499999999998,0.98,2.9819999999999998,0.795,3.158656902736348,6.144669345089498,-2.393298601247695,3.8469772439230745,6.615047978137012,2.790087990826272,6.03176367860333,-1.8541676195216157,4.903926884906115,4.034710338811266,3.105049316597176,11.38,4.4590533355982425,15.22,NA,NA,0.6520075194956163,9.17,3.742828108670672,11.35,5.266475944872648,7.64,17,0,0,28,0,0
R134175,completed,hmp_active,29,Woman,White,Yes,no,below_median,college_graduate,NA,5,0,0,0,0,1,1,0,0,1,1,0,0,1,0,0,no,1,0,0,0,0,1,0,1,1,0,0,0,0,0,0,0,3,2,40.5,6.8,2,2,48.9,6.8,NA,NA,NA,NA,NA,NA,NA,NA,4,4,56.5,7.5,4,2,46.3,8.6,2.5685772239999998,0.41019,3.3273956879999997,NA,2.441465991645193,-2.7565923806871813,-1.9455091649111034,-1.9455091649111034,2.259183454479863,2.7237025452701724,0.09567575937815431,-1.942634173720739,5.762177749211855,0.6223151837407976,6.691061061812259,4.68,3.736972485101105,10.2,NA,NA,NA,NA,1.9313804176165583,10.05,1.1655155914683355,8.7,9,0,0,0,0,0
R708035,completed,uc,32,Woman,White,No,yes,above_median,college_graduate,NA,6,0,0,0,1,0,1,1,1,0,1,1,0,1,0,0,no,0,0,0,0,0,0,1,0,0,0,0,0,0,0,0,0,10,11,50.4,3.2,6,10,42.7,4.2,7,10,48.8,4.6,11,12,54.3,2.67,9,11,50.2,3.5,5,6,52.7,5,0.1065,0.1,0.07455,0.26,2.947266595846689,-3.0160058270968824,2.242813630712301,6.466849918937972,2.242813630712301,2.9092840098816652,-2.9212276377384896,-2.1393155920824665,6.423806531222171,2.7048714943761247,2.5114139920480296,4.03,0.6605267481357372,6.59,0.6725192604459372,9.87,1.2348346068888847,8.72,0.38030680496541,3.55,0.2307141363747664,1.26,NA,NA,NA,NA,NA,NA
R960643,completed,hmp_active,39,Woman,more_than_one,No,yes,above_median,not_college_graduate,NA,19,1,1,1,1,1,1,0,0,0,0,0,1,0,0,0,no,0,0,1,0,0,0,0,0,0,0,1,1,0,1,0,0,12,16,79.9,8.5,7,10,74,8.6,3,2,56.5,8.6,NA,NA,NA,NA,3,8,54.3,9.3,11,17,79.2,7.9,0.058191599999999996,0.12221,0.058191599999999996,0.22505999999999998,2.706992835548785,4.225614466463011,-1.6466338206104372,4.4378655924647346,-1.6466338206104372,2.5899434175606584,1.4831473184596382,-1.4792492109427622,6.817546654827291,-1.4792492109427622,2.1440081365819186,8.11,8.035032420285095,10.69,0.331507079086301,2.76,NA,NA,4.58067484278492,7.25,5.784631597796549,8.91,12,0,0,2,0,0
R362989,completed,hmp_active,29,Woman,White,No,yes,below_median,not_college_graduate,NA,10,1,1,1,1,1,1,NA,NA,NA,0,0,0,0,0,0,no,0,0,0,0,0,0,0,0,0,0,1,1,0,0,0,0,10,6,63,5.4,14,6,66.9,3.7,9,4,59.4,3.8,NA,NA,NA,NA,4,1,44.2,6.4,3,4,NA,7.6,0.09584999999999999,0.26,0.1491,0.14,2.8688327606424546,-2.394612883342147,-1.9089545133539523,6.492827826550958,7.659689475552783,2.695202134518564,-2.6169349094565186,-2.041922518015763,2.068951346157548,7.287178189681262,2.810946665910023,9.9,NA,NA,NA,NA,NA,NA,3.537078819400357,10.47,NA,NA,25,0,0,13,0,0
R326912,completed,hmp_full,48,Man,White,Yes,no,below_median,not_college_graduate,NA,15,0,0,0,0,1,1,1,1,1,0,1,1,0,1,1,no,0,0,0,0,0,0,0,0,0,0,0,0,0,0,0,0,10,7,65.2,5.5,12,3,67.7,6,16,6,65.3,6.11,18,6,69.2,5.4,14,5.83,69.3,6.78,11,1,71.2,6.5,0.38339999999999996,0.13,0.7880999999999999,0.74,2.740145041777263,1.1974748944517657,-2.089228140681626,6.770845283651154,2.816046637756803,2.8939166799801703,-2.922818415578795,-2.1453265018912178,7.714888138411444,3.1378772268467707,0.2610559397801817,0.8,NA,NA,NA,NA,NA,NA,NA,NA,NA,NA,0,0,0,0,0,0
R512560,completed,uc,60,Man,White,Yes,no,below_median,college_graduate,NA,12,1,1,1,1,1,1,0,0,0,0,0,0,0,0,0,no,0,0,0,0,0,0,0,0,0,0,0,0,0,0,0,0,8,5,48.6,6.9,4,2,42.7,6,10,8,44.3,5.78,7,4,43.2,6.2,6,6,43.2,6.1,6,3,41.1,7.3,1.65075,0.64,2.8329,0.61,3.0994653644407606,5.994171224021111,-2.0828474595979762,1.2129894064063527,4.797536622588028,2.685539292326986,1.5438847145882342,-2.086338326019428,-2.086338326019428,3.255995925945383,3.957496876466769,13.46,0.1829100116890527,7.45,0.6091204279747863,7.66,4.822687039552616,3.59,1.92558418351505,11.52,2.437173276857437,9.79,NA,NA,NA,NA,NA,NA
R918069,completed,hmp_full,46,Woman,White,Yes,no,below_median,college_graduate,NA,15,1,0,1,1,1,1,0,1,1,0,0,1,0,1,1,yes,0,0,1,0,0,1,1,0,NA,NA,NA,NA,NA,NA,NA,NA,15,16,62,3.4,13,15,55.8,6.2,NA,NA,NA,NA,13,8,77.4,6.7,13,9,71.2,5.8,13,9,55.8,5.2,1.8679503599999998,1.6697999999999997,1.5141454319999998,1.5851,2.3799897422576803,3.390012631121737,-1.9881995290065895,4.23239064109315,4.502524005495918,2.049221760636369,-3.3948870926504533,0.5779378874844157,3.4632463434240335,3.7213061598444717,3.5474073917364115,6.59,0.2931039939126427,6.62,NA,NA,1.0913430709677483,0.98,2.6864059233654705,6.77,NA,NA,0,0,0,0,0,0
R196688,completed,hmp_full,24,Woman,White,Yes,no,below_median,college_graduate,NA,7,1,1,1,1,1,1,0,0,0,0,0,0,0,0,0,yes,0,0,0,0,0,0,0,1,NA,NA,NA,NA,NA,NA,NA,NA,5,3,53.5,6.8,6,7,63,5.5,12,5,59.4,5.3,4,1,44.9,6.7,6,8,44.2,6.5,1,8,41.1,6.8,0.13845,0.27,1.6827,1.22,3.2915233284208916,0.9612361896456525,-2.571451711328301,4.249655760928164,4.762224684329383,3.1906422793763456,-3.569610247548973,-2.5045655398279556,4.402189238820598,4.127436237567674,NA,NA,NA,NA,NA,NA,NA,NA,NA,NA,NA,NA,17,14,78,0,0,0
R447370,completed,hmp_full,35,NA,White,Yes,no,below_median,not_college_graduate,NA,13,0,0,0,0,0,0,1,1,0,0,1,1,1,1,0,no,1,0,0,0,0,0,1,0,NA,NA,NA,NA,NA,NA,NA,NA,8,6,54.3,9.4,NA,NA,NA,NA,NA,NA,NA,NA,NA,NA,NA,NA,1,4,45.9,8.8,5,6,52.7,7.8,NA,NA,NA,NA,NA,NA,NA,NA,NA,NA,NA,NA,NA,NA,5.299943067670514,10.14,NA,NA,NA,NA,NA,NA,NA,NA,NA,NA,2,0,16,0,0,0
R800722,completed,uc,31,Other,White,Yes,no,above_median,college_graduate,NA,17,1,1,1,1,1,1,1,1,1,0,1,1,1,1,1,no,1,0,0,1,0,0,0,0,NA,NA,NA,NA,NA,NA,NA,NA,19,8,66.6,5.5,12,10,63,5.3,17,7,64.5,6.2,14,8,65.8,4.6,18,9,65.8,5.6,15,11,78.2,4.1,NA,NA,NA,NA,NA,NA,NA,NA,NA,NA,NA,NA,NA,NA,0.3835028634057282,9.73,2.666601059416754,11.64,3.1481842196590994,12.06,5.249646439209965,9.82,1.0183442899642043,5.71,3.290341234300864,11.36,NA,NA,NA,NA,NA,NA
R293124,completed,hmp_active,53,Woman,White,Yes,no,above_median,not_college_graduate,NA,10,1,0,1,1,1,1,NA,NA,NA,0,0,1,0,0,0,no,0,0,0,0,0,0,0,0,NA,NA,NA,NA,NA,NA,NA,NA,12,16,56.4,6.1,17,17,59.4,6,NA,NA,NA,NA,15,18,53.1,5.4,7,20,53.3,5.5,NA,NA,NA,NA,NA,NA,NA,NA,2.7553044217692175,-2.7555698546548526,-1.7632153877185215,7.430893971147243,4.985544159773157,3.215287240627992,-3.8420858402567126,-2.54126490190835,4.607866696649056,2.2036672264548995,4.979091078566844,5.26,NA,NA,NA,NA,NA,NA,5.483174051147539,15.12,NA,NA,6,0,0,6,0,0
R114601,completed,hmp_active,31,Woman,White,Yes,no,above_median,college_graduate,NA,7,1,1,1,1,1,1,1,1,1,0,0,0,0,0,0,no,0,0,0,0,0,0,0,0,0,0,0,0,0,0,0,0,12,15,68.9,5.6,16,17,68.3,5.4,16,16,61.1,5.5,18,17,68.3,5.5,20,17,60,4.6,9,15,55.8,6,0.06401076,0.19239,0.8682186719999999,0.41986999999999997,2.9816588540530624,-3.6205902803421686,-2.205923473918278,6.394691325637032,3.3115294225464296,2.918132019614061,0.9977289771426499,-2.0448250263790175,5.704066310876514,2.3496241282934207,NA,NA,NA,NA,NA,NA,NA,NA,NA,NA,2.3003558038246994,12.72,15,0,0,2,0,0
R565740,completed,hmp_full,35,Woman,Black,No,no,below_median,not_college_graduate,NA,6,0,0,0,1,0,1,0,0,0,0,0,0,0,0,0,no,0,0,0,0,0,0,0,0,1,0,0,0,0,0,0,0,10,5,69.3,5.8,7,3,72.3,6.3,5,2,53.2,6.1,2,0,51.9,7.6,2,0,54.3,8.5,2,1,62,8,7.12485,0.81,3.0458999999999996,1.6,3.1168767700416287,0.540400998577709,0.16674851980901106,5.2649505921865964,2.7992911684030757,3.199435955381808,-3.1730007461293837,-2.2917478990824214,2.6282330267457037,4.100169214310181,1.5720955142398485,8.39,NA,NA,NA,NA,1.0573940542520863,9.64,2.1703478253680077,6.94,NA,NA,10,215,98,6,250,0
R751509,completed,hmp_active,52,Woman,White,Yes,no,below_median,not_college_graduate,NA,12,1,0,1,1,1,1,0,1,1,0,1,0,0,1,0,no,0,0,1,0,0,0,0,0,0,0,0,0,0,0,0,0,12,7,59.4,7.8,6,9,47.4,7.2,7,6,56.5,8.9,8,8,50.4,8,7,7,46.3,8.2,1,1,37.3,9,1.20345,0.7,1.8531,0.68,2.9212403287390654,-2.7972938224373523,3.731203297362075,6.1474671544344215,5.3700096265064445,3.011637997156943,-2.8231738957042456,3.6561479620716075,6.705118445948022,6.386084558675542,0.5969708204660908,3.85,6.509359025856769,8.15,3.3306330963519355,0.81,0.3896783091855,11.57,0.1843771313415808,3.96,2.864252995509137,7.95,14,0,0,4,0,0
R971413,completed,hmp_active,22,Woman,White,Yes,no,below_median,not_college_graduate,NA,19,1,1,1,1,1,1,1,1,1,1,1,1,1,1,0,yes,0,0,1,0,0,0,0,0,0,0,1,0,0,0,0,0,16,13,63,4.6,12,13,63,7,12,17,64.6,6.8,13,16,62,5.2,5,11,61.2,7.9,7,8,65.9,7.2,2.46015,0.16,6.453899999999999,0.53,2.9156105644078694,-3.6301098302903463,-2.536969804064862,7.206525037160375,2.6046937524377984,2.9318161295968292,-3.705298157896385,-2.6593966382602923,6.431371598575046,5.311343751746804,2.0204002412119872,12.7,8.121937428685742,12.3,0.5358928304948665,13.01,1.6311358911075744,12.38,2.34491566813878,10.56,0.2354351842355173,10.95,11,0,0,0,0,0
R964947,completed,uc,30,Woman,White,No,yes,below_median,college_graduate,NA,8,1,0,1,1,1,1,0,1,0,0,0,0,0,1,0,yes,0,0,0,0,0,0,0,0,0,0,0,0,0,0,0,0,7,2,51.9,8.6,5,8,55.8,7.7,8,6,51.8,8.4,6,2,46.3,8.75,6,1,50.2,8.4,7,4,52.7,7.8,0.26625,0.355,1.07565,0.43,2.925497672023791,-2.379319730667746,-2.1431934333068767,5.7699617526211915,6.23726323453589,3.0377182228580826,-2.376680748826117,-2.035257859052463,6.4479648127926215,6.225493495648051,2.415382627540641,6.67,3.4502516939061265,5,3.868490520306452,7.81,1.0642072808582472,10.53,0.2737581082659309,6,4.716874223209513,14.63,NA,NA,NA,NA,NA,NA
R621049,completed,hmp_active,50,Woman,more_than_one,No,yes,below_median,college_graduate,NA,6,1,0,1,0,1,1,0,0,0,0,0,0,0,0,0,no,0,0,0,0,0,0,0,0,0,0,0,0,0,0,0,0,5,7,59.4,3.1,3,6,52.1,1.9,NA,NA,NA,NA,7,6,54.3,7,5,7,49.9,8.1,9,8,62,4.2,0.4047,0.565,1.03305,0.39,2.3102083038946293,1.8546054365475664,-1.8847403560724225,3.1966640089120406,0.5131549167259482,2.955535588543985,3.3898129703836246,-2.319289135235974,5.383718547243262,5.6569628085096495,3.980792107217663,13.15,2.1031420545316117,9.7,NA,NA,2.2200883952814072,9.21,2.069453830034651,11.26,4.168265802930383,9.46,0,0,0,0,0,0
R547331,completed,hmp_full,64,Woman,Black,No,no,below_median,not_college_graduate,NA,12,1,0,1,0,1,1,0,1,0,0,1,1,0,1,1,yes,0,0,0,0,0,0,0,0,0,0,0,0,0,0,0,0,10,6,59.6,6,14,8,68.8,6.2,14,8,66.4,5.9,10,6,65.3,6.4,12,6,67.7,6,8,6,67.7,5.4,0.9371999999999999,0.18,0.94785,0.5,2.6439307433955648,5.402672198110904,-1.6102319364533089,-1.6102319364533089,-1.6102319364533089,2.52146030921943,6.386249658596279,-1.4309122341083287,-1.4309122341083287,-1.4309122341083287,3.4698391047475607,3.39,4.862443075898668,4.61,2.5961792022413075,7.75,2.660701808259774,11.35,6.890140831819728,13.08,5.053518213314303,9.02,0,0,0,0,0,0
R339667,completed,hmp_full,40,Man,White,Yes,no,above_median,not_college_graduate,NA,12,0,1,1,1,1,1,0,0,0,0,1,0,0,0,0,no,0,0,0,0,0,0,0,0,0,0,0,0,0,0,0,0,11,11,57.9,5.1,12,13,50.4,5,10,12,61.2,5.4,11,12,55.8,4.9,10,7,52.7,5.4,6,10,52.7,4.6,0.1065,0.2,0.2982,0.22,3.117037195643234,1.1134067832498973,5.175672699225574,4.8563040329313765,6.680135081569645,3.087434647712096,-3.455047456512586,4.236821317660861,4.783862598364362,6.7672355788061065,2.518202200603387,11.27,3.867038986898871,6.49,2.798711152999278,9.63,3.8371729955542735,8.6,0.4458153593904181,6.94,1.3116409330243757,7.79,9,12,25,1,0,0
R941995,completed,uc,34,Woman,White,Yes,no,above_median,college_graduate,NA,10,0,0,0,1,1,1,0,0,0,0,0,0,1,0,0,no,0,0,0,0,0,0,0,0,0,0,0,0,0,0,0,0,10,11,63,4.8,5,5,55.8,6.6,4,4,55.8,5.8,4,5,58,5.8,4,3,50.2,6.2,6,5,55.8,5.2,0.18105000000000002,0.27,0.18105000000000002,0.26,2.961136866815021,-3.0462328003353902,-2.057526140064374,6.121954045294517,7.588032298169321,2.8568610036905735,-2.743152814122149,2.377392759436913,4.815443991943408,5.187134782932969,1.1633884115976056,5.41,0.8676997555250363,6.78,0.4807378975039482,10.71,3.322135554547201,11.63,NA,NA,8.439127930482336,6.9,NA,NA,NA,NA,NA,NA
R484737,completed,uc,54,Woman,White,Yes,no,below_median,college_graduate,NA,8,0,0,0,0,1,1,NA,NA,NA,0,0,0,0,0,0,no,0,0,0,0,0,0,0,0,0,0,0,0,0,0,0,0,4,6,54.3,6.1,4,6,47.4,7,3,7,45.4,6.3,5,11,68.5,6,2,6,46.3,7.3,NA,NA,NA,NA,0.4047,0.95,0.33015,0.78,2.368396187090398,-1.7174023262085178,3.320892867105858,6.1062015513452,2.120928084177461,2.823358695549688,-2.5507670579328967,3.5071998336738113,7.351805719899158,1.6757000357962424,4.157110620526118,10.16,NA,NA,2.9938000610487387,4.71,3.5313776557377947,8.96,0.2999663801694363,10.24,NA,NA,NA,NA,NA,NA,NA,NA
R181624,completed,uc,24,Woman,White,Yes,no,below_median,college_graduate,NA,6,1,0,1,1,1,1,0,1,1,0,1,1,0,1,1,yes,0,0,0,0,0,0,0,0,0,0,0,0,0,0,0,0,7,7,46.8,6.1,8,6,48.7,6.2,4,4,48.7,6.8,5,4,48.7,6.4,3,5,46.8,6.7,6,6,50.4,6.4,16.56075,1.47,10.149449999999998,0.74,2.7024079513788988,-2.8338690231549,-1.8453104823982014,6.070767613904584,1.1992119553252216,2.9978898834494023,1.3755909899626415,-1.8464016401591237,7.4547844151166345,1.098037339007317,3.0003529705534984,8.2,0.9662395358177264,7.69,0.2386065110013855,6.25,NA,NA,3.357758918211779,6.52,NA,NA,NA,NA,NA,NA,NA,NA
R431988,completed,hmp_active,24,Woman,White,Yes,no,below_median,college_graduate,NA,10,0,0,0,0,0,0,1,1,1,1,1,1,1,1,1,no,0,0,0,0,0,0,0,0,0,0,0,0,0,0,0,0,10,11,59.4,7.2,5,8,55.8,7.2,8,8,54.3,6.8,7,8,59.4,5.7,8,9,54.3,6.6,6,8,54.3,7.8,0.084959736,NA,0.26302603199999997,NA,2.622312539938759,-2.5316385853392047,-1.6732709538391797,4.979592075514168,6.508449501288928,2.5651106291810377,-2.2159739469874205,-1.2508004221933278,4.953757340375362,5.751355532210293,4.580530792399935,8.3,9.566597074312574,12.24,4.832829275163178,4.58,3.4861484223858685,10.74,0.7841139314990917,7.01,4.16319635027698,7.51,19,0,0,4,0,0
R563063,completed,hmp_active,35,NA,more_than_one,No,info_not_provided,below_median,college_graduate,NA,8,1,0,1,1,1,1,0,0,0,0,0,0,0,0,0,no,0,0,0,0,0,0,0,0,0,0,0,0,0,0,0,0,10,8,51.9,7.5,7,10,55.8,7.2,5,6,54.3,8.1,7,3,47.9,8,5,6,54.3,8,4,5,51.9,7.7,0.852,0.32999999999999996,0.6176999999999999,0.05,2.134122074558132,-2.8798091410060405,-1.9511775937471274,7.032889333905919,5.154608535734144,2.016319940418432,-3.3148979487012533,0.9024275384361158,6.364013553372473,6.769228817631742,1.0759907335234873,4.13,0.3712232007290427,7.69,NA,NA,0.2119149408496254,0,1.907525299836619,5.97,0.5148090850920399,4.4,6,0,0,8,0,0
R333317,completed,hmp_active,22,Other,more_than_one,No,no,below_median,not_college_graduate,NA,8,1,1,1,1,1,1,NA,NA,NA,1,1,1,NA,NA,NA,yes,0,0,0,0,0,0,1,0,NA,NA,NA,NA,NA,NA,NA,NA,7,12,57.1,2.7,NA,NA,NA,NA,NA,NA,NA,NA,NA,NA,NA,NA,NA,NA,NA,NA,NA,NA,NA,NA,NA,NA,NA,NA,NA,NA,NA,NA,NA,NA,NA,NA,NA,NA,7.868610590362955,12.59,NA,NA,NA,NA,NA,NA,NA,NA,NA,NA,3,0,0,0,0,0
R768247,completed,uc,30,NA,White,No,yes,above_median,not_college_graduate,NA,19,1,1,1,1,1,1,1,1,1,1,1,1,1,1,1,no,0,0,0,0,0,0,0,0,0,0,0,0,0,0,0,0,18,17,57.9,3.4,20,18,59.6,3,23,18,59.5,2.9,19,10,55.8,3.2,15,16,57.1,2.7,15,4,55.8,4.6,2.2471499999999995,0.31,10.1388,0.55,2.232063723201339,-2.020051044460369,-1.0199433480891946,4.751497775040821,-1.0199433480891946,2.5974181832769863,-2.2460169928647886,-1.3366745181897917,5.66183512406081,0.6092356308655217,2.2620371950148144,12.42,NA,NA,1.817620800632957,8.93,1.9426076366058027,13.19,NA,NA,3.714383631627964,10.42,NA,NA,NA,NA,NA,NA
R389599,completed,hmp_full,53,Woman,White,Yes,no,below_median,not_college_graduate,NA,6,0,0,0,0,0,0,0,0,0,0,0,0,0,0,0,yes,0,0,1,0,0,0,0,0,0,0,NA,0,0,0,0,0,8,4,65.3,6.2,11,7,65.3,4.5,6,4,65.3,5.2,7,6,63,5.5,9,5,65.3,5.6,7,4,63,5.11,1.4271,1.71,0.9052499999999999,1.37,2.9236455611007206,3.0629050763681036,-1.7387863441853724,-1.7387863441853724,-0.12934843175127186,1.5466558186511326,3.9300526194740213,-1.346895863208557,-1.346895863208557,-1.346895863208557,2.7688908484932,5.88,3.781899782770771,7.25,0.2579403826250382,7.5,1.1246866870461516,8.39,0.3545803706352073,4.88,5.81524903338338,9.52,21,22,58,65,10,225
R730883,completed,hmp_active,59,Woman,Black,No,no,below_median,college_graduate,NA,7,0,0,0,0,0,0,0,0,0,0,0,0,0,1,1,yes,0,0,1,0,0,1,0,0,0,0,1,0,0,0,0,0,10,4,61.9,3.3,1,1,55.8,5.1,2,0,57.9,6.1,5,0,63,5.6,2,0,43.3,5.2,1,0,59.6,7,2.1938999999999997,0.66,5.7722999999999995,0.21,2.6756677684069423,-2.695478555342761,-2.0985283105666004,5.110072027393599,1.4568197509228136,2.531071828780619,-2.818570459786975,-1.9879475589490063,7.718003270986687,6.096306547358312,0.8333848618091971,10.95,0.4524832270654863,11.89,NA,NA,0.8203183731764945,13.37,0.5292716751820454,10,2.3610345616594786,11.24,11,0,0,9,0,0
R596885,completed,hmp_active,36,Woman,White,No,yes,above_median,college_graduate,NA,13,1,0,1,1,1,1,0,0,0,0,0,0,0,0,0,no,0,0,0,0,0,0,0,0,0,0,0,0,0,0,0,0,16,11,53,4.9,18,13,59.6,5.9,17,12,57.4,5.33,17,11,59.5,5.9,15,10.5,57.1,6.2,11,5,60.6,7.1,0.69225,0.85,1.7253,0.55,2.9564392922810394,1.917994146890331,-1.84225451363382,7.058703358911243,-1.84225451363382,2.9941542570254143,-2.6329067125190933,-1.7124976164927084,7.177775222887538,-1.7124976164927084,4.495792787056407,4.32,7.22847134456969,13.01,7.120167380954348,3.57,4.44909727829054,2.05,5.0348227940213945,11.29,2.940066834956013,2.19,17,0,0,0,0,0
R711758,completed,hmp_full,19,Man,White,Yes,no,above_median,not_college_graduate,NA,7,1,0,1,1,1,1,0,0,0,0,0,0,0,0,0,no,0,0,0,0,0,0,0,0,NA,NA,NA,NA,NA,NA,NA,NA,7,6,41.1,7.5,8,6,42.7,6.8,NA,NA,NA,NA,15,11,42.7,6.2,12,8,41.1,6.2,4,0,41.1,8.4,NA,NA,NA,NA,NA,NA,NA,NA,NA,NA,NA,NA,NA,NA,0.6624352502760872,7.06,0.33158803803575,9.33,NA,NA,1.5423588769926566,10.28,2.524789140129119,5.26,0.4363376263670282,6.02,15,10,23,17,30,80
R536419,completed,hmp_active,44,Woman,White,Yes,no,above_median,college_graduate,NA,8,1,0,1,1,1,1,1,1,1,1,1,1,1,1,1,yes,0,0,0,0,0,0,0,0,0,0,0,0,0,0,0,0,7,12,50.4,5.4,9,12,44.8,5.1,NA,NA,NA,NA,4,7,35.8,6.4,3,9,42.9,6,3,4,55.8,6.44,0.0852,0.35,0.0639,0.22,2.8228803139767793,0.08386158489029816,3.9263612845676894,2.2649636332028784,3.3114468564360413,3.057124161903089,-0.43953302186387067,4.19258309919684,1.7773149681795997,3.753735958498451,6.012222375161333,10.23,0.8085714020875582,10.84,NA,NA,3.904638619831227,9.69,1.7294758184950434,7.33,5.8404112495323135,16.02,11,0,0,0,0,0
R290495,completed,hmp_full,19,Man,White,Yes,no,below_median,not_college_graduate,NA,10,1,1,1,1,1,1,0,0,0,0,0,0,0,0,0,dont_know,0,0,0,0,0,0,0,0,0,0,0,0,0,0,0,0,6,1,46.8,5.5,2,3,37.8,6.2,2,3,39.5,6.6,2,3,39.5,6.6,1,4,41.1,7.2,2,0,41.6,7.2,0.24495,0.3,0.15974999999999998,0.36,3.161276874418981,-3.081942837280025,-2.579861520263648,6.996024335819454,2.7719966132124187,2.9005099501302225,-2.6185085801756585,-2.2443618984833926,6.574859959091547,3.7935090214387444,2.4902149861037337,13.02,2.8726208172112275,8.41,0.9990495178404656,8.57,3.381660001393241,8.18,0.19169615042475,5.98,0.8976726633597445,4.72,21,55,58,0,0,0
R824165,completed,hmp_active,19,Man,Asian,No,no,above_median,not_college_graduate,NA,10,0,0,0,0,0,0,NA,NA,NA,0,0,0,NA,NA,NA,no,1,0,1,0,0,0,0,0,NA,NA,NA,NA,NA,NA,NA,NA,11,4,64.1,6.5,NA,NA,NA,NA,NA,NA,NA,NA,4,4,56.5,6.4,NA,NA,NA,NA,NA,NA,NA,NA,NA,NA,NA,NA,NA,NA,NA,NA,NA,NA,NA,NA,NA,NA,0.2093662705385245,20,NA,NA,NA,NA,NA,NA,NA,NA,NA,NA,2,0,0,0,0,0
R404726,completed,hmp_active,43,Woman,White,Yes,no,below_median,college_graduate,NA,19,1,1,1,1,1,1,0,0,1,0,0,1,0,1,1,yes,0,0,1,0,0,0,0,0,0,0,0,0,0,0,0,0,18,10,59.4,2,17,12,57.1,1.6,19,9,55.8,1.7,16,12,58,1.9,16,6,54.3,1.7,16,11,56.5,1.7,2.858371392,1.0103499999999999,1.958729256,0.67034,2.3748022330226033,4.555229357139397,-1.1315762129810074,-1.1315762129810074,4.220281920495059,2.6904712016044456,3.4202454717132076,-1.5268449285483956,-1.5268449285483956,3.756358800189593,3.267994695479138,7.92,6.1031312929998975,13.95,NA,NA,2.152586789320172,7.45,NA,NA,5.019761785447961,11.38,24,0,0,0,0,0
R902087,completed,uc,41,Woman,White,Yes,no,above_median,college_graduate,NA,14,1,1,1,1,1,1,1,1,1,0,1,1,1,1,0,yes,0,0,0,0,0,0,0,0,NA,NA,NA,NA,NA,NA,NA,NA,15,11,66.7,7.2,17,9,63,5.9,16,17,64.7,6.1,12,9,64.7,5.8,12,9,64.7,5.9,12,8,56.5,7.4,0.19169999999999998,0.72,0.0639,0.46,3.129100705821066,-3.5302448841315677,-2.423211626802374,5.695591370177661,7.228539980055443,3.0604322210770873,0.780467494563617,3.4183124971791106,6.663644891584142,5.687920082178083,4.083708345318542,8.05,2.88734529016602,5.93,3.3041724091493507,13.5,4.568031902039178,5.88,0.5220330565602272,7.43,2.61570692119974,5.14,NA,NA,NA,NA,NA,NA
R450874,completed,hmp_active,19,Man,White,Yes,no,above_median,not_college_graduate,NA,6,0,0,0,0,0,0,0,0,0,0,0,0,0,0,0,yes,1,0,0,0,0,0,0,0,0,0,0,0,0,0,0,0,6,7,46.3,6.9,4,3.5,41.1,7.4,4,2,42.7,8,NA,NA,NA,NA,5,3.5,40.1,7.9,3,2,44.2,8.9,1.3206,1.47,1.0436999999999999,1.6600000000000001,2.4187725534477145,-1.982449744866432,-1.3405421435591651,8.559890748247733,6.826526034782072,2.700340654418062,-1.9029588747324517,-1.4525335649561153,7.485079026350097,5.3794200006097395,1.736004861904244,7.39,1.1405869290440482,7.74,1.4279843536099663,6.4,NA,NA,2.2277485195757727,6.86,0.1807996996125127,9.31,11,0,0,1,0,0
R424922,completed,hmp_full,27,Woman,White,Yes,no,below_median,college_graduate,NA,14,1,1,1,1,1,1,0,0,0,0,0,0,0,0,0,no,0,0,0,0,0,0,0,0,0,0,0,0,0,0,0,0,12,13,55.6,5.9,7,7,57.9,6.2,7,6,56.5,6.4,7,6,59.4,6.8,6,7,56.5,7.1,7,11,53.7,6.5,2.60925,0.03,2.2791,0.07,2.3782583372073303,2.7777358750287644,-2.217425647248878,8.400016110528188,2.981071384016948,2.3286016363972637,1.134086661765584,-2.53553481680749,7.409526447638568,1.6985716877897699,4.810294797444105,7.2,1.3893583916310617,9.45,2.0586558104992267,9.06,4.174177103424982,8.16,3.930279275333627,11.52,3.95658767682744,11.66,15,77,0,2,30,10
R616919,completed,uc,32,Woman,White,Yes,no,above_median,college_graduate,NA,19,1,1,1,1,1,1,0,0,0,0,0,0,0,0,0,no,0,0,0,0,0,0,0,0,NA,NA,NA,NA,NA,NA,NA,NA,20,20,65.5,4.3,14,19,63,4.3,14,20,63,4.33,19,20,63,4,19,21,55.8,4.2,8,7,63,5.29,0.45794999999999997,0.17,0.31949999999999995,0.2,2.729139930734155,-0.4836161245079298,-1.5262381117573662,7.653127455919386,2.405587520966959,2.6213472029032787,-2.790471541947076,-1.7823815471761248,7.861492952835815,2.109438750934502,3.6333459040179066,10.96,3.1653419934445903,7.74,6.125005098465774,12.15,3.422517941693173,11.71,0.8384377491231699,9.76,2.941305818895353,11.76,NA,NA,NA,NA,NA,NA
R855277,completed,hmp_active,40,Woman,Black,No,NA,above_median,college_graduate,NA,9,1,1,1,1,1,1,0,0,0,0,0,0,0,0,0,no,0,0,0,0,0,0,0,0,0,0,1,0,0,0,0,0,8,8,54.3,7.43,8,11,54.3,5.7,10,9.33,56.4,6.5,7,6,55.8,7,7,7,52.7,6.14,5,5,54.3,8.22,0.358460256,0.52151,0.217636584,0.5154599999999999,2.9962452323356503,-3.0158000188619334,-2.5056490587033413,7.716619444136556,2.836685193261469,2.9363179891255387,-2.9780110571401326,0.05777038584212102,6.319782406659163,3.0489468428602513,NA,NA,2.7722853777518184,16.83,2.0500756937342945,3.74,NA,NA,2.350542474745113,4.48,9.470847621560091,8.26,14,0,0,17,0,0
R260206,completed,hmp_full,36,Man,White,Yes,no,below_median,college_graduate,NA,10,0,0,0,0,1,1,0,0,NA,1,0,0,1,0,0,no,0,0,0,0,0,0,0,0,NA,NA,NA,NA,NA,NA,NA,NA,11,8,45.9,5.8,10,9,46.3,5.8,10,7,44.2,5.7,9,9,45.9,6.2,8,7,46.3,5.67,2,6,35.6,6.3,0.05325,0.15,0.05325,0.06,2.4725689364162715,-3.42139281102892,1.6183080736998086,7.794175343805569,1.942547741885387,2.8041883584112695,-0.6184275345903796,3.036795845822861,7.7558395049784705,0.8943795049816368,3.141109121690134,3.09,4.099614350723798,2.16,NA,NA,1.6640748665331224,1.99,1.6913536005052747,5.43,4.251687183152942,6.62,8,37,0,2,0,0
R110497,completed,hmp_full,29,Woman,Asian,No,no,below_median,college_graduate,NA,9,1,0,1,1,1,1,0,0,0,0,0,0,0,0,0,no,0,0,0,0,0,0,0,0,0,0,0,0,1,0,0,0,9,10,72.7,1.7,16,18,77.8,2.5,13,18,80.9,1.7,19,17,68.1,2.1,15,17,81.3,1.6,9,17,44.2,3.2,0.9798,0.32,1.97025,0.36,3.2041186315083316,2.688000282432294,4.499397350296986,5.04661607356611,3.6246411174263824,3.1924361347309955,1.0740439640477097,4.742407402755548,5.835807169597447,7.599401504843033,NA,NA,0.2014714742306827,14.29,NA,NA,0.5164062992359082,26.67,NA,NA,NA,NA,5,20,8,0,0,0
R305888,completed,uc,38,Woman,Black,No,no,below_median,not_college_graduate,NA,8,1,1,1,1,1,1,0,0,0,0,0,0,0,0,0,no,0,0,0,1,0,0,0,0,0,0,0,1,0,0,0,0,10,6,44.7,6.9,NA,NA,NA,NA,8,7,47.9,7.6,8,8,48.9,7.9,8,10,57.9,7.9,4,2,37,7.5,0.22365,0.7,0.24495,0.59,3.123076276477707,-0.13933764212100463,-2.655286340998271,6.69854813061664,-2.655286340998271,3.2866215518755966,-0.5210648070571438,-2.775824618517612,6.406219154303457,0.3596695974115378,4.755848715169774,12.61,NA,NA,4.098037522855897,7.41,2.590863306514528,13.53,0.99766568554596,4.22,4.1778401695097696,14.68,NA,NA,NA,NA,NA,NA
R786361,completed,uc,25,Woman,White,No,yes,below_median,college_graduate,NA,7,0,0,0,0,0,0,0,0,0,0,0,0,0,0,0,NA,0,0,0,0,0,0,0,0,0,0,0,NA,0,0,0,0,6,6,52,6.7,2,4,47.4,7.7,3,1,46.3,8.3,3,6,44.2,8.6,1,1,43.2,9.1,6,7,49.4,8,0.2769,0.3,0.47925,0.18,2.5283968019814234,2.389902216723595,-1.2836531172778527,5.629089703215324,-1.2836531172778527,2.3873972466148268,-1.5860468546569588,-1.0980868760133147,8.149067469085583,-1.0980868760133147,0.7781150200110818,4.65,0.2174736388648454,5.37,3.0789071469312117,13.42,4.659902226447936,13.3,2.1475432548034,12.07,2.516092374042429,7.69,NA,NA,NA,NA,NA,NA
R889289,completed,hmp_full,20,Man,more_than_one,No,no,above_median,not_college_graduate,NA,7,0,0,0,0,0,0,0,0,0,0,0,0,0,0,0,no,0,0,0,0,0,0,0,0,0,0,0,0,0,0,0,0,7,2,48.9,5.2,5,4,46.3,5.9,6,4,47.9,6.2,5,4,46.3,6.9,5,2,47.9,7.2,3,3,46.3,4.5,0.0639,NA,0.07455,0.09,2.932114216255688,4.314253003618171,-2.2159047142346426,6.434594844489819,3.4008663834319286,2.6276376692746672,-2.976550940169863,-1.9841358799555686,8.274330178381467,2.333352233580742,0.1576019166102173,6.29,0.3719667725298181,3.15,0.3991932450507436,10.8,0.6495706178916246,10.34,0.208897992513079,7.41,1.544026656762511,9.09,4,0,38,0,0,0
R422644,completed,hmp_active,61,Woman,White,No,yes,below_median,college_graduate,NA,6,1,1,1,1,1,1,0,1,1,1,1,1,0,1,1,no,0,0,1,0,0,1,0,0,0,0,1,1,0,1,0,0,6,6,55.6,7.6,4,7,59.4,7.33,5,6,59.4,7.5,5,4,58,7.7,6,7,56,7.3,6,10,64.1,8.5,NA,NA,NA,NA,NA,NA,NA,NA,NA,NA,NA,NA,NA,NA,2.39714404092823,15,NA,NA,2.385620068892228,9.38,NA,NA,3.013335068747179,12.5,3.534654413301536,6.82,1,0,0,0,0,0
R215558,completed,hmp_full,63,Woman,more_than_one,No,no,below_median,NA,NA,11,1,0,1,1,1,1,0,0,0,0,0,0,0,0,0,no,0,0,0,0,0,0,0,0,0,0,0,0,0,0,0,0,4,5,57.9,6.3,7,3,50.4,6.9,4,4,54.3,7.6,4,4,54.3,5.83,2,1,46.3,7.9,3,3,44.2,6.8,1.05435,0.5,1.05435,0.55,3.1583827876971595,1.6221032554634998,3.413271747357262,6.410005746188407,0.7402360641001535,3.0394253496447763,0.8036373708437075,-2.5959709016633563,6.058720802938514,-2.5959709016633563,0.4288827170967028,5.45,2.1160367680060794,4.12,0.6226668089730945,6.9,0.7964829896247201,6.3,0.1719351893996836,3.31,5.290087338539992,3.28,14,17,18,1,0,5
R182284,completed,hmp_active,30,Woman,NA,No,yes,above_median,college_graduate,NA,9,1,0,1,1,1,1,0,0,1,0,0,0,0,0,0,no,0,0,0,0,0,0,0,0,0,0,0,0,0,0,0,0,11,7,42.2,4.7,5,11,41.1,4.8,3,5,54.3,6.5,2,11,54.3,6.1,10,7,48.8,5.5,4,6,40.3,6.1,0.1704,0.58,0.39404999999999996,0.27,3.1895216357838825,0.47773542071335173,-2.7227128220145382,6.839199495724474,5.399064597146536,2.985072076006097,1.8378490908163303,-2.463650040336193,7.823908727620426,5.377449725085926,6.2031137214907615,14.29,2.2576108544146427,14.62,NA,NA,NA,NA,1.3635324893520353,12.77,1.6070260344656682,15.84,18,0,0,14,0,0
R142919,completed,uc,23,Woman,White,Yes,no,below_median,not_college_graduate,NA,12,1,0,1,0,1,1,NA,NA,NA,1,1,1,NA,NA,NA,no,0,0,0,0,0,0,0,0,NA,NA,NA,NA,NA,NA,NA,NA,8,5,46.4,5,9,8,55.8,4.3,8,6,54.3,4.6,NA,NA,NA,NA,NA,NA,NA,NA,NA,NA,NA,NA,NA,NA,NA,NA,NA,NA,NA,NA,NA,NA,NA,NA,NA,NA,4.285062751685721,4.44,1.8229849546332757,7.04,NA,NA,NA,NA,NA,NA,NA,NA,NA,NA,NA,NA,NA,NA
R460130,completed,hmp_full,51,Woman,Black,No,no,below_median,not_college_graduate,NA,6,1,1,1,1,1,1,1,0,0,0,0,0,0,0,0,no,0,0,1,0,0,1,0,0,1,0,0,0,0,1,0,0,7,14,57.9,4.7,10,16,57.1,7.2,6,11,51.8,7.2,6,3,54.3,6.9,4,6,54.3,7.2,7,9,59.4,6.8,20.416050000000002,3.44,19.979400000000002,2.58,2.769092993613437,-2.6749709841312486,-2.210894643730063,6.7049404304462135,-2.210894643730063,3.046042242899977,-3.4003246736875883,-2.419676329149989,6.250581237993085,4.499018889870483,2.129860283510581,2.17,0.1757473556766354,10.66,0.93764935966016,11.95,0.4076359956922054,2.01,0.3553843100084664,7.33,6.813754814569922,2.7,20,5,50,5,5,5
R502456,completed,hmp_full,50,Woman,more_than_one,No,info_not_provided,below_median,college_graduate,NA,7,1,0,1,0,1,1,0,0,0,0,0,0,0,0,0,no,0,0,0,0,0,0,0,0,0,0,0,0,0,0,0,0,0,0,41.1,8.7,2,1,47.1,8.9,0,2.33,38.8,8.7,0,2,46.3,8.7,0,0,46.3,8.9,1,0,48.8,8.9,2.9713499999999997,0.78,6.666899999999999,0.635,2.9091126597868997,3.348191937115471,-2.237004096271506,2.96149293499432,2.739729646149068,2.9256355003667074,1.650270523174985,-2.1206367312247414,7.44240068332095,3.8683246856651223,1.9046457841478164,13.13,2.466854525074728,7.94,0.2194772375911499,8.59,4.044768852834356,5.26,2.716077753329828,6.67,1.8682698888775284,5.65,8,0,63,5,0,50
R576890,completed,hmp_full,24,Woman,White,No,yes,above_median,not_college_graduate,NA,7,1,0,1,1,1,1,NA,NA,NA,1,1,1,NA,NA,NA,yes,0,0,0,1,0,0,0,0,NA,NA,NA,NA,NA,NA,NA,NA,6,3,59.4,4.9,12,3,59.5,4.3,NA,NA,NA,NA,NA,NA,NA,NA,NA,NA,NA,NA,NA,NA,NA,NA,NA,NA,NA,NA,NA,NA,NA,NA,NA,NA,NA,NA,NA,NA,NA,NA,NA,NA,NA,NA,NA,NA,NA,NA,NA,NA,5,27,21,0,0,0
R590894,completed,hmp_full,23,Man,more_than_one,No,no,below_median,college_graduate,NA,11,1,0,1,1,1,1,1,1,0,1,1,0,1,1,0,yes,0,0,0,0,0,0,0,0,0,0,0,0,0,0,0,0,14,8,70.2,8.4,14,14,62,8.2,8,16,63,8.6,12,11,63,8.1,6,6,56.5,9.4,14,16,65.9,6.5,0.4047,1.49,0.7242000000000001,0.86,2.823409103870409,0.9356078336875511,4.944830013735276,6.020574602086711,6.728978569589787,2.933224298723272,-3.5631733046181497,5.516829117438215,1.6106006457184048,7.216974443969372,1.912608549129349,6.7,0.7673599273237481,7.19,0.7630296408591017,6.94,2.702330419292629,6.28,2.7045424584106086,12.3,1.498601742210009,8.81,10,15,25,2,10,0
R420650,completed,uc,24,Woman,more_than_one,No,no,below_median,not_college_graduate,NA,12,1,1,1,1,1,1,0,0,0,0,0,0,0,0,0,no,0,0,0,0,0,0,0,0,0,0,0,0,0,0,0,0,11,5,52.7,5.4,11,4,55.6,7,0,2,30.7,7.6,0,0,26.3,8.44,2,4,37.1,8,0,0,35.6,8.7,0.4899,0.35,0.213,0.33,2.8747847802749855,-3.2067473973785314,3.4849905546404187,6.720586797504604,5.485743105739899,2.9610910267613235,5.804619415932871,3.7613999950968315,6.349805925386388,4.951223582929897,0.8929727371958119,7.41,4.380551736091601,2.38,1.1430476201060211,6.17,0.2199242599475963,5.26,6.5701107991414736,5.98,4.256813896082139,11.95,NA,NA,NA,NA,NA,NA
R763508,completed,hmp_active,19,Woman,White,Yes,no,above_median,not_college_graduate,NA,6,0,0,0,0,1,1,1,1,0,1,1,0,0,1,0,no,1,0,0,0,0,0,0,0,0,0,0,0,0,0,0,0,5,11,51.3,6.5,6,5,56.7,6.8,NA,NA,NA,NA,8,7,54.3,6.9,10,8,55.8,7.4,6,5,52.7,7.8,1.90635,0.64,1.86375,0.29,2.235578152775816,-2.6341766337630936,5.1621402307276485,5.111782369268729,1.032462393696727,2.9898651717563083,0.24906588866852086,-2.0454812629587824,6.338180535832932,-2.0454812629587824,2.221934762968545,10.42,1.9325648720941704,17.39,NA,NA,4.499587756947832,8.19,2.777084989815406,14.29,3.2389701737239025,6.9,8,0,0,2,0,0
R948969,completed,hmp_full,19,Woman,White,Yes,no,below_median,not_college_graduate,NA,11,1,0,1,1,1,1,0,1,0,0,1,1,0,1,0,yes,0,0,0,0,0,0,0,0,0,0,0,0,0,0,0,0,12,13,65.3,4.1,12,6,64.6,6.4,NA,NA,NA,NA,NA,NA,NA,NA,5,4,54.3,7.1,4,1,44.2,9.2,0.9194272800000001,0.4477,1.9750229039999998,0.19602,2.8487274242827136,-2.509356264635352,-2.2482550143232007,-2.2482550143232007,6.526521801720785,2.6890144289028743,0.6327383029061875,-2.353990621024655,-2.353990621024655,3.2407207585771842,3.1437890234552706,2.67,4.038609631137321,14.79,NA,NA,NA,NA,NA,NA,0.6875679370679,8.52,12,0,63,27,250,300
R238875,completed,hmp_full,19,Woman,White,Yes,no,above_median,not_college_graduate,NA,7,1,1,1,1,1,1,1,0,1,1,0,1,1,0,1,yes,0,0,0,0,0,0,0,0,0,0,0,0,0,0,0,0,21,21,78.1,2.5,10,16,46.3,2.5,18,21,70.6,1.4,17,19,78.1,2.2,20,17,68.4,1.9,13,17,59.4,4,2.062310304,1.76539,1.986661224,0.38599,1.8202101727502586,7.174407302520738,-0.9810498693588079,-0.9810498693588079,6.028359063349829,1.753582441040163,4.957332748324118,-0.8923102430716301,-0.8923102430716301,3.115022942160841,7.52215888139537,10.32,6.105085111158142,8.44,0.2633258583955354,3.41,8.627441989268506,10.22,0.2690339283322118,6,4.589295166727169,7.34,10,0,30,3,0,20
R572894,completed,hmp_active,19,Other,Asian,No,no,above_median,not_college_graduate,NA,11,1,0,1,1,1,1,1,1,1,1,1,0,1,1,1,no,1,0,0,0,1,0,1,0,1,0,0,0,0,0,1,0,12,8,55.6,7.3,12,9,64.9,6.9,13,14,67.7,7,20,18,58,6.6,4,6,49.5,7.4,7,3,53.5,7.5,0.8839499999999999,0.6,0.1278,0.32,2.5074152591678094,-2.483214709106313,-1.7567934759186463,7.5540255146237545,7.248120465548485,2.7032703305936256,-3.170659592284267,-2.0794838162269564,7.642901435919947,6.696837640223002,1.799528806419173,11.61,2.117384763021776,8.43,0.7792142713900955,11.59,1.9721097162674144,6.93,0.4613295960635508,7.08,2.665880732304428,8.65,22,0,0,0,0,0
R395024,completed,hmp_active,19,Woman,White,Yes,no,above_median,not_college_graduate,NA,5,0,0,0,0,0,0,0,0,0,0,0,0,0,0,0,no,1,0,0,0,0,0,0,0,1,0,0,0,0,0,0,0,5,4,54.3,7.6,2,10,41.1,7.9,1,7,40.5,8.1,1,5,52.3,8.2,0,3,41.1,8.3,1,4,44.2,8.7,0.24495,0.26,1.20345,0.43,2.677025362058774,-1.972240555073543,-1.4448805849275255,5.829598973846346,3.4751003409005996,2.2865849445705435,1.8889774173744358,-1.4127133597085835,5.173458295146091,-1.4127133597085835,4.317178116340945,12.44,3.18058825491184,8.43,2.8578242470922968,6.79,2.052644518692776,9.9,3.708429747458653,8.61,NA,NA,13,0,0,1,0,0
R145011,completed,hmp_full,38,Man,White,Yes,no,below_median,college_graduate,NA,12,0,0,0,0,0,0,0,0,0,0,0,0,0,0,0,no,0,0,0,0,0,0,0,0,0,0,0,0,0,0,0,0,9,6,55.8,3.3,5,6,48.7,5.5,5,5,50.4,5.4,4,2,48.7,5.5,4,3,48.8,5.6,0,0,41.1,6.3,10.319849999999999,0.71,13.15275,0.51,2.7543461358851054,0.2738213135359122,-2.0126120889273946,6.5151253163645135,7.5991184331149215,3.1813547072537323,-3.4322895332470766,-2.1924226260259507,5.777626678950185,3.1966491037905502,0.9857973425282452,10.08,0.2879425116116073,8.84,5.553933514152454,10.32,1.40464300224486,7.36,2.0459121527800463,9.09,1.7203273727309163,4.7,18,82,25,0,0,0
R330571,completed,hmp_active,65,Woman,White,Yes,no,below_median,college_graduate,NA,10,1,0,1,0,1,1,0,0,0,0,0,0,0,0,0,yes,0,0,0,0,0,0,0,0,0,0,0,0,0,0,0,0,6,4,54.3,6,3,1,54.3,7.8,3,1,54.3,8,3,0,54.3,8,2,0,54.3,7.9,3,1,56.5,8,0.71355,0.58,1.1715,1.01,2.554103505894522,1.2733330295628529,-1.4559248748339688,5.544409585441261,4.624008320261621,3.0764122564668357,-3.993202084121633,-2.996725434294452,7.621156959964653,4.661974123973847,1.4889564441601115,7.85,NA,NA,NA,NA,0.2248578473691045,5.91,2.0779393669164827,6.28,0.5300854244415882,10.13,27,0,0,5,0,0
R499788,completed,hmp_active,19,Woman,White,Yes,no,above_median,not_college_graduate,NA,8,0,0,0,0,1,1,NA,NA,NA,1,1,1,NA,NA,NA,no,0,0,0,0,0,0,0,0,NA,NA,NA,NA,NA,NA,NA,NA,6,2,56.5,6.9,6,3,63,5.7,8,3,56.5,6.4,7,5,63,8,NA,NA,NA,NA,NA,NA,NA,NA,NA,NA,NA,NA,NA,NA,NA,NA,NA,NA,NA,NA,NA,NA,0.3617397499949581,6.98,3.04518719494146,8.02,5.127873497886775,13.86,5.038963127074311,13.07,NA,NA,NA,NA,12,0,0,0,0,0
R477077,completed,uc,19,Woman,White,Yes,no,above_median,not_college_graduate,NA,5,0,0,0,0,1,1,NA,NA,NA,0,0,0,NA,NA,NA,yes,0,0,0,1,0,0,0,0,NA,NA,NA,NA,NA,NA,NA,NA,5,12,55.6,6.3,NA,NA,NA,NA,NA,NA,NA,NA,NA,NA,NA,NA,NA,NA,NA,NA,NA,NA,NA,NA,NA,NA,NA,NA,NA,NA,NA,NA,NA,NA,NA,NA,NA,NA,3.226122699914296,1.42,NA,NA,NA,NA,NA,NA,NA,NA,NA,NA,NA,NA,NA,NA,NA,NA
R663779,completed,hmp_full,41,Woman,NA,No,yes,below_median,not_college_graduate,NA,24,1,1,1,1,1,1,NA,NA,NA,1,0,1,NA,NA,NA,yes,0,0,0,0,0,0,0,0,NA,NA,NA,NA,NA,NA,NA,NA,17,11,62,7.6,NA,NA,NA,NA,NA,NA,NA,NA,NA,NA,NA,NA,NA,NA,NA,NA,NA,NA,NA,NA,NA,NA,NA,NA,NA,NA,NA,NA,NA,NA,NA,NA,NA,NA,6.033802829783356,12.2,NA,NA,NA,NA,NA,NA,NA,NA,NA,NA,3,0,8,0,0,0
R367100,completed,hmp_full,39,Woman,White,Yes,no,above_median,college_graduate,NA,10,1,0,1,1,1,1,0,0,0,0,0,0,0,0,0,no,0,0,0,0,0,0,0,0,NA,NA,NA,NA,NA,NA,NA,NA,12,19,57.9,4.4,7,3,56.5,6.2,8,8,62,6.7,6,5,49.5,7.1,0,1,46.3,7.2,4,1,47.4,7.6,1.41645,0.48,3.2376,0.51,2.6470672520832244,0.21017235438906434,-2.116640401719547,5.768312544040267,2.7116733355827547,3.1402678125271164,-2.866920337839636,-2.4563488182074287,6.146838566375671,2.87636997505794,4.081796820981528,7.44,1.761866441621811,7.69,2.381271778072859,1.43,0.1725463115276709,5.14,0.4836290797699354,4.03,0.2905216165546028,6.11,14,32,8,3,5,0
R541097,completed,uc,19,Woman,White,Yes,no,above_median,not_college_graduate,NA,5,0,0,0,0,1,1,0,0,0,1,0,0,0,0,0,yes,1,0,0,0,0,1,0,0,1,0,0,0,0,1,0,0,5,4,51.3,7.7,NA,NA,NA,NA,7,11,54.3,7.9,NA,NA,NA,NA,4,5,54.3,8.4,10,8,54.3,8.3,3.401880936,4.32817,0.12336619199999999,NA,3.220031668805298,1.0075465203681016,-2.3111005747645033,7.038218824493131,4.077460830781127,2.8506098032256224,3.7090987900062222,-1.5871822264158686,7.457221618015683,1.6316935984523324,0.1667398428473773,11.27,NA,NA,NA,NA,NA,NA,2.911043984667304,9.52,3.9926631594425928,10.68,NA,NA,NA,NA,NA,NA
R428552,completed,uc,27,Man,Asian,No,no,above_median,college_graduate,NA,8,0,1,1,1,0,1,1,0,1,0,0,0,1,1,0,no,0,0,0,0,1,0,1,0,0,0,0,0,0,0,0,0,11,7,55.8,5.9,10,8,54.3,6.3,8,7,52,5.8,10,9.33,58.4,5.8,8,8,54.3,5.7,7,8,62,4.8,0.426,1.86,0.54315,19.47,2.6140248467461467,1.0502454477636127,-2.0068173331627013,5.195843863360536,7.055139033047223,2.152366345725854,2.4666150814067476,-1.2639152037791246,-1.2639152037791246,-1.2639152037791246,0.1813596064907363,10,1.390274852826463,13.79,NA,NA,NA,NA,NA,NA,1.5416656255238663,11.48,NA,NA,NA,NA,NA,NA
R123899,completed,uc,63,Woman,White,Yes,no,below_median,not_college_graduate,NA,8,1,1,1,1,1,1,NA,NA,NA,0,0,0,NA,NA,NA,yes,0,0,0,1,0,0,0,0,NA,NA,NA,NA,NA,NA,NA,NA,9,3.5,51.8,4.11,3,3,49.2,6.8,NA,NA,NA,NA,NA,NA,NA,NA,NA,NA,NA,NA,NA,NA,NA,NA,NA,NA,NA,NA,NA,NA,NA,NA,NA,NA,NA,NA,NA,NA,4.021539250956111,12,NA,NA,NA,NA,NA,NA,NA,NA,NA,NA,NA,NA,NA,NA,NA,NA
R696639,completed,uc,35,Woman,more_than_one,No,no,above_median,not_college_graduate,NA,16,1,1,1,1,1,1,NA,NA,NA,1,0,1,NA,NA,NA,yes,0,0,0,0,0,0,0,0,0,0,0,0,0,0,0,0,13,13,69.3,3,17,13,69.3,2.8,15,14,68.1,2.7,13,11,66.5,4,NA,NA,NA,4.3,NA,NA,NA,NA,0.38339999999999996,0.20500000000000002,0.6176999999999999,0.2,2.7953069510683153,-2.864331902783433,-2.2343536911515054,5.941756651085836,2.7284909391084016,2.664572651979022,-3.0026610178147526,-2.3251192372794467,4.726736385676447,0.7194032004439761,1.0999890255113731,3.65,0.5745346851169799,2.67,3.5905274143943724,8.43,2.899080873802704,5.98,NA,NA,NA,NA,NA,NA,NA,NA,NA,NA
R122368,completed,hmp_active,25,Woman,Black,No,no,below_median,not_college_graduate,NA,21,1,1,1,1,1,1,NA,NA,NA,0,0,0,NA,NA,NA,no,0,0,0,0,0,0,0,0,NA,NA,NA,NA,NA,NA,NA,NA,14,12,71.5,5.6,NA,NA,NA,NA,NA,NA,NA,NA,NA,NA,NA,NA,NA,NA,NA,NA,NA,NA,NA,NA,NA,NA,NA,NA,NA,NA,NA,NA,NA,NA,NA,NA,NA,NA,4.913976565597222,10.71,NA,NA,NA,NA,NA,NA,NA,NA,NA,NA,4,0,0,0,0,0
R990768,completed,hmp_active,19,Woman,Asian,No,no,above_median,not_college_graduate,NA,6,1,0,1,1,1,1,NA,NA,NA,0,0,0,NA,NA,NA,yes,0,0,0,0,0,0,0,0,NA,NA,NA,NA,NA,NA,NA,NA,3,1,46.1,6.8,1,2,51.3,6.6,7,4,53.2,6.2,NA,NA,NA,NA,NA,NA,NA,NA,NA,NA,NA,NA,NA,NA,NA,NA,NA,NA,NA,NA,NA,NA,NA,NA,NA,NA,1.3648714889616906,16.22,2.41874235286452,7.19,1.9357393611712768,11.96,NA,NA,NA,NA,NA,NA,3,0,0,0,0,0
R411359,completed,hmp_full,21,Woman,Asian,No,no,NA,not_college_graduate,NA,8,1,0,1,1,1,1,0,0,0,0,0,0,0,0,0,no,0,0,0,0,0,0,0,0,0,0,0,0,0,0,0,0,10,4,50.4,4.6,8,4,50.4,4.4,9,6,51.8,3.9,10,4,52,3.5,10,6,54.3,3.7,16,12,61.1,2.8,4.01505,0.20500000000000002,0.0852,0.11,2.6690403978750834,3.413783735439261,-1.7943673098607644,8.002147316671259,-1.7943673098607644,2.66159409140664,-2.069710179058511,-1.6960754278684127,7.865696163723449,-1.6960754278684127,3.4507531062669523,12.98,NA,NA,7.795175573234942,13.45,2.102290175019077,11.66,1.520877009397135,13.79,6.4956164377607815,11.79,14,10,43,1,5,0
R522376,completed,hmp_full,18,Woman,Asian,No,no,above_median,not_college_graduate,NA,6,0,0,0,0,0,0,NA,NA,NA,0,0,0,NA,NA,NA,no,1,1,0,1,0,0,0,1,NA,NA,NA,NA,NA,NA,NA,NA,6,5,54.3,4.1,4,6,45.1,4.3,NA,NA,NA,NA,NA,NA,NA,NA,NA,NA,NA,NA,NA,NA,NA,NA,NA,NA,NA,NA,NA,NA,NA,NA,NA,NA,NA,NA,NA,NA,0.7903531357772874,11.18,NA,NA,NA,NA,NA,NA,NA,NA,NA,NA,3,7,8,0,0,0
R727208,completed,hmp_full,39,Woman,Asian,No,no,above_median,college_graduate,NA,5,1,0,1,1,1,1,NA,NA,NA,1,1,0,1,1,1,yes,0,0,1,0,0,0,0,0,0,0,1,0,0,0,0,0,4,10,51.8,7.1,7,4,61.2,6.1,6,4,46.3,7.2,4,3,52.7,7.9,3,3,43.2,8,0,2,NA,7.7,0.0426,0.13,0.0852,0.105,2.9760089548203585,-3.2014775411581553,4.4034174444251715,6.418591798573768,-2.1991704477641654,2.9322737397472602,-3.538859029647734,4.419121270680069,5.4702246253347955,-2.288962813173,5.795662361461744,10.81,5.031108359319406,7.58,2.15559419108709,5.77,1.2192842163547617,1.97,2.142872044650801,11.49,NA,NA,16,12,40,1,0,5
R449108,completed,uc,58,Man,White,Yes,no,below_median,not_college_graduate,NA,13,1,0,1,0,1,1,NA,NA,NA,0,0,0,0,0,0,no,1,1,1,1,0,0,0,1,NA,NA,NA,NA,NA,NA,NA,NA,6,6,65.3,7.8,11,7,70.3,8.3,10,5,71.5,7.6,NA,NA,NA,NA,13,8,63,6.8,NA,NA,NA,NA,NA,NA,NA,NA,NA,NA,NA,NA,NA,NA,NA,NA,NA,NA,2.561337880880182,8.61,2.212505266678892,8.4,1.3117844615573382,4.03,NA,NA,3.2486346639581583,8.9,NA,NA,NA,NA,NA,NA,NA,NA
R635957,completed,hmp_active,45,Woman,White,Yes,no,below_median,not_college_graduate,NA,11,0,0,0,1,0,1,0,0,0,0,0,0,0,0,0,no,1,0,0,1,0,0,0,0,0,0,0,0,0,0,0,0,11,19,82.2,4.78,20,20,72,2.3,13,16,65.3,3.1,11,13,69.3,3.6,10,12,72.2,3.6,8,13,69.7,4.4,0.39404999999999996,0.77,1.2567,0.75,1.9236150289448561,0.6246932298861796,-1.3717175778243837,-1.3717175778243837,-1.3717175778243837,2.347020764594048,4.6240098499345095,-1.7807413086107058,-1.7807413086107058,3.8432761975766327,NA,NA,3.3792498468590635,9.46,NA,NA,3.4721974633364137,8.55,2.365452497674998,9.09,NA,NA,8,0,0,0,0,0
R205338,completed,hmp_full,37,Woman,White,Yes,no,below_median,not_college_graduate,NA,8,0,0,0,0,0,0,0,0,0,0,0,0,0,0,0,no,0,0,0,0,0,0,0,0,0,0,0,0,0,0,0,0,4,8,54.3,6.4,5,3,57.1,6.5,5,7,46.3,6.6,4,2,44.2,6.9,3,5,46.3,6.9,3,4,44.2,6.9,0.47925,0.46,1.704,0.24,NA,NA,NA,NA,NA,NA,NA,NA,NA,NA,1.6326061119975472,5.03,5.19408778414027,9.23,0.4075677325917228,8.33,NA,NA,4.212370768787373,9.43,1.6476583092431027,0,14,62,48,58,25,350
R748818,completed,hmp_full,26,Woman,White,No,yes,below_median,college_graduate,NA,12,1,0,1,1,1,1,0,1,0,1,1,0,1,1,0,no,0,0,0,0,0,0,0,0,0,0,1,1,0,0,0,0,11,12,63,4.3,NA,NA,NA,NA,NA,NA,NA,NA,NA,NA,NA,NA,13,13,57.1,3.3,9,10,55.8,4.9,0.3408,0.41,0.23429999999999998,0.36,2.9127546485853233,2.224352907119958,-2.3204652970231434,3.6684961198667203,3.8172617570630907,3.1664827565835396,3.7956631267511103,-2.5321887142420816,5.763609396394062,1.9104625422482349,4.2047807935736845,9.55,NA,NA,NA,NA,NA,NA,NA,NA,NA,NA,3,0,0,2,0,5
R404416,completed,hmp_full,53,Woman,White,NA,NA,below_median,college_graduate,NA,18,1,1,1,1,1,1,NA,NA,NA,0,1,1,NA,NA,NA,yes,0,0,0,0,0,0,0,0,NA,NA,NA,NA,NA,NA,NA,NA,17,11,71.2,5.2,NA,NA,NA,NA,NA,NA,NA,NA,NA,NA,NA,NA,NA,NA,NA,NA,NA,NA,NA,NA,NA,NA,NA,NA,NA,NA,NA,NA,NA,NA,NA,NA,NA,NA,3.602935971364116,12.23,NA,NA,NA,NA,NA,NA,NA,NA,NA,NA,7,0,10,0,0,0
R713399,completed,hmp_active,53,Woman,White,Yes,no,below_median,not_college_graduate,NA,14,1,1,1,1,1,1,1,1,1,0,0,1,0,1,1,no,0,0,1,1,0,0,1,0,0,0,0,0,0,0,0,0,9,15,57.9,3.9,16,15,65.8,2.8,12,15,57.9,4.2,10,17,61.2,4.2,7,12,63,5.1,9,12,62,6.6,2.6412,0.58,1.2779999999999998,0.59,2.887990674895203,-0.4314834812105892,-1.9913942385906043,4.221211857160914,3.6033171410112343,2.920801641157068,-0.08362919449741968,-2.1240540793944316,5.2096223162632525,2.7511432438067205,4.436506476334901,8.65,4.736866582873554,8.09,2.5548520971444044,11.7,1.8008437279889256,9.9,0.1788268969918518,7.64,2.6963897495988838,10.53,13,0,0,2,0,0
R834352,completed,hmp_active,23,Woman,White,Yes,no,above_median,college_graduate,NA,13,1,1,1,1,1,1,1,1,1,1,0,0,1,0,1,no,0,0,0,0,0,0,0,0,NA,NA,NA,NA,NA,NA,NA,NA,9,11,52.7,6,8,7,55.5,5.2,6,6,50.4,6.8,NA,NA,NA,NA,7,7,55.8,7,15,14,47.4,5.3,NA,NA,NA,NA,NA,NA,NA,NA,NA,NA,NA,NA,NA,NA,3.48096942629622,5.19,0.4693789310598036,2.97,4.759893017145444,4.12,NA,NA,0.18339489818599,5.56,NA,NA,4,0,0,0,0,0
R533608,completed,hmp_active,36,Woman,White,Yes,no,below_median,not_college_graduate,NA,15,1,1,1,1,1,1,0,0,0,0,0,0,0,0,0,yes,0,0,0,1,0,0,0,1,1,0,0,1,0,0,0,1,16,13,57.1,3.6,19,20,54.3,4.1,24,21,61.2,4.8,24,21,63,4.9,24,21,63,4.5,24,11,62,3.6,12.78,1.35,15.293399999999998,0.9299999999999999,2.065834484687796,1.452441900301998,-1.0719711219291794,-1.0719711219291794,-1.0719711219291794,2.1220229693807533,0.9211756195849847,-1.2062551656409795,5.884654656439004,5.234691374991941,3.2971658011921985,7.35,4.664565505200608,4.76,3.2673181937210702,12.99,4.1092522659032005,10.77,3.687200120211021,12.88,3.033728251000022,10.13,13,0,0,4,0,0
R885073,completed,hmp_active,41,Woman,White,Yes,no,above_median,not_college_graduate,NA,5,1,1,1,1,1,1,NA,NA,NA,0,0,1,NA,NA,NA,no,1,0,0,0,0,0,0,0,NA,NA,NA,NA,NA,NA,NA,NA,11,6,63,8,10,7,57.9,6.3,NA,NA,NA,NA,NA,NA,NA,NA,NA,NA,NA,NA,NA,NA,NA,NA,NA,NA,NA,NA,NA,NA,NA,NA,NA,NA,NA,NA,NA,NA,4.69800388474884,11.76,NA,NA,NA,NA,NA,NA,NA,NA,NA,NA,3,0,0,0,0,0
R507918,completed,hmp_active,41,Woman,more_than_one,No,no,above_median,college_graduate,NA,5,1,0,1,1,1,1,0,0,0,1,1,0,0,1,0,no,0,0,0,0,0,0,0,0,0,0,0,0,0,0,0,0,3,8,43.5,7.2,7,8,42.2,6.4,4,9,39.5,7.3,2,10,41.1,7.3,4,2,41.4,7.33,2,3,44.2,7.6,2.82225,0.08499999999999999,0.79875,0.21,2.849008250743899,-3.079085591675432,-1.9239424760399557,7.545911948560088,6.282095286738858,2.877017536522529,-3.2807349691005916,-2.154606632545672,6.977231511275553,5.815442672430463,6.507299275747775,6.82,0.2947356968599472,8.33,1.4106212629298016,14.12,1.4543658725663255,7.07,1.3245251862000091,7.76,3.91863141668374,7.69,20,0,0,0,0,0
R914485,completed,uc,35,Woman,White,Yes,no,below_median,not_college_graduate,NA,10,1,0,1,0,1,1,0,1,1,0,1,1,0,1,1,no,0,0,0,0,0,0,0,0,0,0,0,0,0,0,0,0,7,8,50.4,6.8,9,4,52.6,7.5,6,4,54.3,8,2,1,49.7,7.3,6,2,50.4,7.6,7,3,51.8,7.6,NA,NA,NA,NA,3.167820854903612,-4.084972204009206,-2.794883729818976,7.282599145764632,6.066891581181855,3.0225416000688305,-3.4660319233057244,-2.556811431492751,7.407065421056161,6.695725989183219,4.697196188940179,13.1,NA,NA,3.5305352382375905,6.45,NA,NA,0.1650852347886318,16.13,3.374482476889768,14.63,NA,NA,NA,NA,NA,NA
R835345,completed,hmp_full,24,Woman,White,Yes,no,above_median,college_graduate,NA,7,1,0,1,0,1,1,0,1,0,0,1,0,0,1,0,yes,0,0,0,0,0,0,0,0,0,0,0,0,0,0,0,0,6,5,58,6.8,NA,NA,NA,NA,NA,NA,NA,NA,3,7,58,6.9,5,5,54.3,7.1,3,4.67,55.8,7,0.2556,0.2,0.99045,NA,2.775305597039409,2.9456042211943005,-2.5364594258867013,3.9812118470255733,6.175148570010873,2.929864607476827,-2.937300455823743,-2.1957145484205927,7.8777267269156255,3.5113957163282823,0.2048866594453582,13.64,NA,NA,NA,NA,4.676862591620546,4.19,NA,NA,4.64539019816725,13.98,11,0,53,0,0,0
R387391,completed,hmp_full,40,Woman,White,Yes,no,below_median,college_graduate,NA,10,0,0,0,1,1,1,1,0,0,0,0,0,1,0,0,no,0,0,0,0,0,0,0,0,0,0,0,0,0,0,0,0,10,9,48.8,6.6,4,5,42.7,7.5,4,4,39.5,7.2,9,7,51.8,6.6,5,5,53.3,7.1,12,11,53.5,5.8,1.0436999999999999,0.11,2.46015,0.33,2.865719914085418,-2.4784845722162396,-1.7469127119514258,6.90078228752897,2.5705754015848847,2.8252327812124647,-2.998120740567864,1.0902467735062356,6.078733834379481,1.656642248427037,5.031743756659448,8.33,1.4527786899469062,7.59,2.0786132830929804,3.85,2.565320310777787,9.36,0.2163939646032372,6.44,0.3110336731512945,4.86,15,91,28,0,0,0
R775747,completed,hmp_active,26,Man,White,Yes,no,below_median,not_college_graduate,NA,10,0,1,1,1,0,1,NA,NA,NA,0,0,0,NA,NA,NA,no,0,0,0,0,0,0,0,0,NA,NA,NA,NA,NA,NA,NA,NA,13,7,38.2,4.75,NA,NA,NA,NA,NA,NA,NA,NA,NA,NA,NA,NA,NA,NA,NA,NA,NA,NA,NA,NA,NA,NA,NA,NA,NA,NA,NA,NA,NA,NA,NA,NA,NA,NA,NA,NA,NA,NA,NA,NA,NA,NA,NA,NA,NA,NA,1,0,0,0,0,0
R628983,completed,uc,25,Woman,White,Yes,no,below_median,college_graduate,NA,6,1,0,1,0,1,1,0,1,1,0,1,1,0,1,1,no,0,0,0,0,0,0,0,0,0,0,0,0,0,0,0,0,4,6,41.1,6.4,3,4,41.1,7,2,2,41.1,7,3,2,41.1,7.1,4,4,41.1,7,2,6,37,6.8,0.38339999999999996,0.09,0.26625,0.32,2.9181830388716237,-3.526848305529026,-2.333102637079594,6.546091291030724,3.8592598523952777,2.697039419269122,0.28104059440641915,2.5945893854535313,2.2302515687692295,2.762817179171626,3.1232300728813405,11.11,0.4013412486528899,0.76,NA,NA,3.141774078958949,2.26,0.1985477143898527,6.76,0.3272584194994709,10.56,NA,NA,NA,NA,NA,NA
R167188,completed,hmp_full,23,Woman,more_than_one,No,no,above_median,not_college_graduate,NA,14,1,1,1,1,1,1,NA,NA,NA,1,0,0,NA,NA,NA,no,0,0,0,0,0,0,0,0,NA,NA,NA,NA,NA,NA,NA,NA,17,8,64.1,3.4,NA,NA,NA,NA,NA,NA,NA,NA,NA,NA,NA,NA,NA,NA,NA,NA,NA,NA,NA,NA,NA,NA,NA,NA,NA,NA,NA,NA,NA,NA,NA,NA,NA,NA,3.2337790835464792,15.59,NA,NA,NA,NA,NA,NA,NA,NA,NA,NA,8,7,25,0,0,0
R640872,completed,hmp_full,42,Man,White,Yes,no,below_median,not_college_graduate,NA,19,1,1,1,1,1,1,NA,NA,NA,0,0,0,0,0,0,yes,1,0,0,0,0,0,0,0,1,1,1,1,0,0,0,0,16,10,64.9,4,NA,NA,NA,NA,NA,NA,NA,NA,NA,NA,NA,NA,14,15,75.1,4.7,NA,NA,NA,NA,NA,NA,NA,NA,3.081633012120864,3.8931910825457745,-2.78558431801041,2.794145507975812,3.862104055552919,2.949149641880349,2.2005514231421217,3.6950495767087874,3.2053481181688195,2.053064412708192,NA,NA,NA,NA,NA,NA,NA,NA,0.2043326183797172,8.14,NA,NA,4,20,16,0,0,0
R808670,completed,hmp_full,20,Woman,White,No,yes,below_median,college_graduate,NA,16,1,1,1,1,1,1,NA,NA,NA,1,0,0,NA,NA,NA,no,0,0,0,0,0,0,0,0,NA,NA,NA,NA,NA,NA,NA,NA,16,15,67.7,6.1,11,10,57.1,6.5,NA,NA,NA,NA,NA,NA,NA,NA,NA,NA,NA,NA,NA,NA,NA,NA,NA,NA,NA,NA,NA,NA,NA,NA,NA,NA,NA,NA,NA,NA,4.335721815019634,5.74,NA,NA,NA,NA,NA,NA,NA,NA,NA,NA,3,0,8,0,0,0
R737276,completed,hmp_full,62,Woman,more_than_one,No,yes,below_median,college_graduate,NA,5,1,0,1,1,1,1,0,0,0,0,0,0,0,0,0,yes,0,0,0,0,0,0,0,0,0,0,0,0,0,0,0,0,6,5.83,54.3,7.9,1,3,48.8,8.22,0,5,40.6,8.78,0,4,35.7,8.67,2,4,46.3,9.4,4,6,58.7,8,3.29085,2.14,3.3760499999999998,0.78,3.034199049529456,-3.7109736002076854,-2.3064320204255915,-2.3064320204255915,3.6673775914436697,2.9360210239309037,-3.1091967532171103,-2.1113057058031077,3.53414119184013,2.8515389244567992,0.2127156697225645,8.22,3.394699551281513,8.49,3.5838407666918237,7.55,NA,NA,0.2180326829377381,7.19,2.5810575661907964,10,20,60,13,63,415,0
R329163,completed,hmp_full,24,Woman,White,Yes,no,below_median,college_graduate,NA,10,0,0,0,1,1,1,0,1,0,0,1,0,0,1,1,no,0,0,0,0,0,0,0,0,0,0,0,0,0,0,0,0,8,15,54.3,7.2,5,7,56.5,6.1,3,4,50.4,7.44,3,6,59.4,8.3,0,7,46.3,7.5,3,7,40.6,8,3.78075,0.52,2.3962499999999998,0.6950000000000001,2.3535208869725595,-3.0922504196164526,-2.2647789189971443,7.447729709653846,3.401647769115288,2.599639145660916,-3.4818040900111815,-2.098189152901451,6.514496019974007,6.733084584821098,2.42985292221198,13.13,2.91328052679256,11.28,0.2845226304171582,12.98,2.95773850072488,10.14,4.469457214721621,12.73,NA,NA,12,5,20,1,0,5
R628996,completed,uc,20,Man,Asian,No,no,above_median,not_college_graduate,NA,6,1,0,1,1,1,1,1,1,0,1,1,0,1,1,0,no,0,0,0,0,0,0,0,0,0,0,0,0,0,0,0,0,3,4,53.2,6.6,2,2,46.3,5.5,2,4,46.8,7.5,1,3,39.1,8,2,2,46,5.7,3,2,51.3,6.8,0.64965,0.27,0.82005,1.41,2.5320157107396493,3.892394131951285,0.8246236157478126,7.070342709195057,1.4124102806499317,2.729140761383745,1.8601932945509443,-2.12161215088768,7.617059718984159,-2.12161215088768,0.3381886134913127,13.47,0.4870485291713881,9.62,1.8363271596649735,9.89,1.5177274204368918,8.18,2.0104118216561666,6.83,0.43701677844997,7.41,NA,NA,NA,NA,NA,NA
R724344,completed,hmp_full,28,Woman,White,Yes,no,above_median,college_graduate,NA,13,1,0,1,1,1,1,0,0,0,0,0,0,0,0,0,no,1,0,0,1,0,1,0,0,1,0,0,0,0,0,0,0,11,10,61.3,4.7,NA,NA,NA,NA,7,12,52,5.2,11,16,51.5,4.4,6,2,47.6,5.6,8,14,54.3,6,0.19169999999999998,0.2,0.2556,0.4,2.412911688046305,4.746074968947142,-1.5177969985891113,2.4895361866433596,3.036079893011429,2.4953646248637966,2.8484499114820374,-2.1901683948231083,6.67922976506041,3.2170033766370105,3.499552779435667,12.15,NA,NA,0.1918276062260854,5.83,2.24461122597031,11.11,0.6528753985430773,6.31,1.6128217321513982,16.52,7,0,18,0,0,0
R647683,completed,hmp_active,49,Woman,White,Yes,no,above_median,college_graduate,NA,5,1,1,1,1,1,1,0,1,0,0,1,0,0,1,0,no,NA,NA,NA,NA,NA,NA,NA,NA,0,0,1,0,0,0,0,0,5,4,59.4,5.89,6,5,62,6.1,4,4,55.8,5.67,4,3,51.9,6.7,2,2,46.3,6.4,2,1,41.4,7.5,0.4366499999999999,0.12,0.5325,0.53,3.0675594381554054,0.6485067301518095,-2.7551739848806673,3.7771603073416817,6.84172047031192,3.2790754364660817,-3.298120858846388,-2.696889874282259,6.087731660558491,1.1097726154880605,0.6600233979182791,5.19,2.2135652974446285,0.62,2.7106210569895994,0.66,1.240241370925841,4.19,1.4955154501931718,5.44,1.1405730741613145,5.65,18,0,0,6,0,0
R905951,completed,hmp_active,56,Man,White,Yes,no,above_median,not_college_graduate,NA,11,1,1,1,1,1,1,0,1,1,0,1,1,0,1,1,no,0,0,0,0,0,1,0,0,NA,NA,NA,NA,NA,NA,NA,NA,13,11,48.7,2.2,16,17,54.3,1.6,15,14,52.7,1.8,16,13,62.4,2.5,15,11,54.3,2.7,17,8,57.2,3.1,NA,NA,NA,NA,NA,NA,NA,NA,NA,NA,NA,NA,NA,NA,2.1263882119768214,5.77,5.849305271346869,12.26,1.023833744469661,8.18,0.3169246755922782,9.76,7.319572164795002,11.57,4.358090085742958,7.19,25,0,0,5,0,0
R286316,completed,hmp_full,27,Woman,Black,No,no,below_median,college_graduate,NA,5,1,0,1,1,1,1,1,1,1,1,1,0,NA,NA,NA,no,0,0,1,0,0,0,0,0,0,0,1,0,0,0,0,0,7,7,50.2,6.5,6,3,60.2,6.5,NA,NA,NA,NA,4,5,52.7,5.8,NA,NA,NA,NA,5,4,55.8,7,0.1065,0.14,0.1278,0.36,2.7891768272837454,-3.4008438833348165,-2.347975187430192,7.227355460088436,4.532408894755813,2.8221259029701384,1.521800897415075,-2.3257328905057313,6.3924400395229934,2.7802125833948486,1.531662912930179,11.27,5.782946231633868,3.95,NA,NA,NA,NA,NA,NA,0.17639147664532,5.98,9,5,10,0,0,0
R519214,completed,hmp_full,32,Woman,Black,No,no,below_median,not_college_graduate,NA,7,1,1,1,1,1,1,NA,NA,NA,0,0,0,0,0,0,no,1,0,0,1,0,0,0,0,0,0,NA,0,0,1,0,0,6,6,46.9,4.4,12,11,57.9,2.7,15,14,48.4,2.2,NA,NA,NA,NA,11,12,49.4,3.3,NA,NA,NA,NA,2.462668512,NA,2.778066984,0.79013,2.5613328141845613,-2.832804923957268,5.526588109192465,7.383046525936097,2.991978157401922,2.6703274680398055,-2.94752085234741,5.109255352200707,7.290667262963168,2.5015102408620606,1.9298203453989464,9.45,2.2419086754366937,11.46,1.8644849629543463,17.65,NA,NA,2.401954600539852,8.47,NA,NA,2,7,0,0,0,0
R170000,completed,hmp_full,39,Woman,White,Yes,no,above_median,college_graduate,NA,7,1,1,1,1,1,1,NA,NA,NA,0,0,0,0,0,0,no,0,0,0,0,0,0,0,0,0,0,0,0,0,0,0,0,8,7,55.6,8.1,8,19,54.2,6.78,12,11.67,55.8,5.9,8,6,52.7,6,7,7,44.2,6.7,NA,NA,NA,NA,0.1491,0.14,0.11714999999999999,0.29,2.757493598424414,-2.679537142836756,-1.7526402385786257,8.294124808661124,7.089097190021959,2.7287219042403907,-2.6206120475239123,-1.6281254605911126,7.681426561456018,3.8142922499306806,1.5847586469802302,9.84,5.098392293273876,14.69,2.048679810126699,9.52,2.8782811339955088,7.73,1.6516237352033674,7.78,NA,NA,13,25,0,0,0,0
R963859,completed,hmp_full,55,Woman,White,Yes,no,above_median,college_graduate,NA,10,1,0,1,1,1,1,0,1,0,0,1,0,0,1,0,yes,0,0,0,1,0,0,0,0,0,0,0,0,0,0,0,0,7,5,52,5.8,6,5,48.8,6.6,4,4,47.1,6.7,NA,NA,NA,NA,2,3,52.7,7.8,4,4,47.9,7.4,3.7701,0.27,4.0683,0.42000000000000004,2.481094322709329,-1.6154278575238623,-1.6823796227831131,8.18636119342318,1.6134572432212158,2.664014158862749,-2.079423271299308,-1.9393237070543092,8.086160214791072,1.35651315895002,1.6530675031610664,11.73,2.8572538370534573,6.18,2.6699992165444417,7.09,NA,NA,0.2095843219630927,5.05,3.1535904942225432,6.09,11,12,78,6,20,20
R134633,completed,hmp_active,39,Woman,White,Yes,no,below_median,not_college_graduate,NA,16,1,0,1,1,1,1,NA,NA,NA,0,0,0,0,0,0,no,0,0,0,0,0,1,0,0,0,0,0,1,0,0,0,0,5,6,55.8,4.2,8,6,55.8,5.9,3,4,54.3,6.5,NA,NA,NA,NA,6,4,55.8,6.8,NA,NA,NA,NA,21.299999999999997,1.65,21.299999999999997,1.63,3.180038084496303,-3.741534364171974,3.8768233471990596,-2.793942973646815,6.187110012254668,2.8844648407267375,-3.457583822008148,4.628312285983173,-2.6350173314936627,7.200351966966175,4.740569791979983,7.69,0.8280810129221873,2.67,4.963357349495498,6.82,NA,NA,0.1654273256214927,1.76,NA,NA,6,0,0,1,0,0
R171072,completed,hmp_full,40,Woman,White,Yes,no,below_median,not_college_graduate,NA,6,1,0,1,0,1,1,NA,NA,NA,NA,NA,0,0,0,0,no,0,0,0,0,0,0,0,0,NA,NA,NA,NA,NA,NA,NA,NA,6,6,48.8,7.1,4,4,45.2,6,1,6,52,6.56,3,6,50.4,6.8,1,2,41.1,7.4,NA,NA,NA,NA,NA,NA,NA,NA,NA,NA,NA,NA,NA,NA,NA,NA,NA,NA,0.4649741502803182,6.67,3.934283197370602,5.48,2.6969709435378952,7.14,4.975202932005873,2.04,1.0294093809153964,13.16,NA,NA,11,20,10,1,10,0
R474062,completed,uc,50,Woman,NA,NA,no,below_median,college_graduate,NA,6,1,0,1,0,1,1,1,1,0,1,1,0,1,1,0,no,1,0,0,0,0,0,0,0,0,0,0,0,0,0,0,0,8,5,48.8,6.8,3,3,47.1,6.2,5,2,44.7,6.6,9,3,51.3,6.9,7,5,44.7,7.1,9,5,51.8,6.7,1.8283800719999999,0.72358,0.24091322399999998,0.31702,2.402827388841168,-2.2176324599422634,-1.3113743742225537,6.184722970953402,-1.3113743742225537,3.037317211277441,-2.3792867819867896,-1.6043657444244772,5.590821575754232,4.710992257097858,1.0514523319822338,4.46,3.1787853897586924,6.83,3.044626963674082,8.05,NA,NA,4.063714128038125,13.02,4.651641380455236,8.82,NA,NA,NA,NA,NA,NA
R119778,completed,hmp_active,52,Woman,White,Yes,no,below_median,college_graduate,NA,6,1,1,1,1,1,1,0,0,0,0,0,0,0,0,0,no,0,0,1,0,0,0,0,0,0,0,0,0,0,0,0,0,4,1,54.3,7.56,NA,NA,NA,NA,6,2,51.8,5.2,4,0,57.1,6,4,0,55.8,7.22,0,0,51.8,5.3,21.299999999999997,0.5,1.1715,0.85,2.6958891790986628,-2.990569759393271,-2.0666712132339944,5.153702623489956,5.451392967999084,2.8061461333189746,-3.04781375343189,-2.2654293449725027,-2.2654293449725027,4.407868622795151,5.315347287264135,8.57,NA,NA,3.6944948896548655,12.14,3.2458737964124698,10.36,4.37209420413929,9.78,0.9388747002462364,10.53,20,0,0,2,0,0
R643697,completed,hmp_active,40,Man,White,Yes,no,below_median,college_graduate,NA,10,1,1,1,1,1,1,0,0,0,0,0,0,0,0,0,no,0,0,0,0,0,0,0,0,0,0,0,0,0,0,0,0,12,13,58,6.7,7,7,50.2,7.9,4,5,48.7,7.67,5,5,48.8,8,4,0,35,8.9,2,3,44.2,8.9,0.30884999999999996,2.035,0.4473,1.605,2.742134090374013,-3.1823517317691508,-2.018837038196531,7.236572297147229,2.4697993315356093,3.0366998411376898,1.036801623358071,-2.4101309439505845,7.295819885985109,4.753041446896058,6.18677481606771,7.96,3.1955808078815853,8.62,NA,NA,NA,NA,NA,NA,1.458196040972553,11.61,20,0,0,0,0,0
R608293,completed,hmp_full,37,Woman,White,Yes,no,above_median,college_graduate,NA,10,1,1,1,1,1,1,0,1,0,1,1,0,0,1,0,no,0,0,0,0,0,0,0,0,1,1,1,0,0,1,0,0,12,12,71.9,6.9,5,6,63,6.2,8,8,78.6,5.9,8,4,70.1,7.5,6,4,64.1,6.9,10,13,63,4.89,0.0639,0.19,2.63055,0.23,2.5920864325374593,-2.92523969982665,-2.0467387126137773,7.789272674797436,2.6806491060985635,2.4344268258236834,-2.7135264289117416,-1.762367605426408,7.851369069488828,3.2680703159660274,4.34282760758726,4.26,1.2042450645270808,7.87,5.795608244476491,5.23,2.019000410644828,1.96,5.643691781369845,5.13,1.3031263203003236,5.33,14,25,8,3,10,0
R786445,completed,hmp_full,34,Woman,Black,No,no,below_median,not_college_graduate,NA,23,1,1,1,1,1,1,0,0,0,0,0,0,0,0,0,dont_know,0,0,0,0,0,1,0,0,0,0,0,0,0,0,0,0,17,14,54.3,4,11,13,57.9,3.1,9,6,50.4,7.3,NA,NA,NA,NA,10,7,54.7,5.4,1,0,49.2,7.2,1.4271,1.72,1.1928,0.34,2.6745480247415654,-2.392691953389585,-1.4096119317794362,8.155812118743986,-1.4096119317794362,2.792122316747647,-3.2326890041307252,-1.9472991904189794,7.464102709725211,-1.9472991904189794,NA,NA,3.343186003092496,20,NA,NA,NA,NA,2.193360001000453,13.57,0.5256834092010145,9.62,7,35,56,1,10,0
R289737,completed,hmp_full,36,Man,more_than_one,No,no,below_median,college_graduate,NA,13,1,1,1,1,1,1,NA,NA,NA,0,0,0,NA,NA,NA,no,0,0,0,0,0,0,0,0,NA,NA,NA,NA,NA,NA,NA,NA,13,17,61,4.56,NA,NA,NA,NA,NA,NA,NA,NA,NA,NA,NA,NA,NA,NA,NA,NA,NA,NA,NA,NA,NA,NA,NA,NA,NA,NA,NA,NA,NA,NA,NA,NA,NA,NA,2.528307958702417,4.8,NA,NA,NA,NA,NA,NA,NA,NA,NA,NA,1,0,0,0,0,0
R698187,completed,hmp_full,52,Man,White,Yes,no,above_median,college_graduate,NA,6,1,1,1,1,1,1,0,0,0,0,0,0,0,0,0,no,0,0,0,0,0,0,0,0,0,0,0,0,0,0,0,0,4,3,54.3,7.9,2,0,41.1,8.11,1,1,53.5,8,0,0,30.1,8.3,0,0,43.8,8.9,1,3,44.2,8.6,0.35145,0.29,0.1491,0.395,2.1354949758049866,2.4822617104787366,-1.429297822757992,-1.429297822757992,1.866539043246337,2.581618915508013,5.162192106664083,-1.7716094507771967,5.9616361957525985,-1.7716094507771967,1.8030814713838248,9.8,0.2713021088357354,11.35,6.7964882437301934,1.36,1.5781504625084593,1.04,3.797826427233461,2.08,0.2535204469341873,6.09,0,0,0,0,0,0
R695882,completed,hmp_active,61,Woman,White,Yes,no,below_median,college_graduate,NA,18,0,1,1,1,0,1,NA,NA,NA,1,1,1,NA,NA,NA,no,0,0,0,1,1,0,0,1,NA,NA,NA,NA,NA,NA,NA,NA,19,10,55.8,4.3,NA,NA,NA,NA,NA,NA,NA,NA,NA,NA,NA,NA,NA,NA,NA,NA,NA,NA,NA,NA,NA,NA,NA,NA,NA,NA,NA,NA,NA,NA,NA,NA,NA,NA,4.114591651793776,7.95,NA,NA,NA,NA,NA,NA,NA,NA,NA,NA,4,0,0,2,0,0
R607688,completed,hmp_full,25,Woman,Black,No,no,above_median,college_graduate,NA,12,1,0,1,1,1,1,1,1,1,1,1,1,0,1,1,no,1,0,0,1,0,0,0,0,0,0,0,0,0,0,NA,0,11,6,54.3,4.6,13,5,41.1,6.33,9,2,41.1,6.33,12,2,41.1,6.2,9,3,48.8,6.3,8,5,41.1,7.1,2.3217,2.15,3.0245999999999995,2.04,2.742710110661066,-2.16731669703665,-1.396481419275083,5.616534370364548,3.823874405803242,3.159511052795464,3.6138269575800557,3.5647258620598476,5.289648307501254,2.1202405624858196,3.4467416304672707,9.62,1.698565041712956,11.94,0.4521088440330473,12.59,2.668542744166005,11,3.19502423452142,10.56,5.517990545892582,10.26,0,0,0,0,0,0
R694335,completed,hmp_full,30,Woman,White,Yes,no,below_median,not_college_graduate,NA,6,1,1,1,1,1,1,1,0,1,0,0,0,0,0,0,no,0,0,0,0,0,0,0,0,0,0,0,0,0,0,0,0,10,12,63,4.5,11,15,68.9,6.1,11,8,71.5,4.4,7,7,65.3,7.1,9,7,69.2,8.2,2,4,56.5,8.4,2.0980499999999997,1.77,5.7084,1.74,2.1337199001731935,1.1497348494107222,5.253810149095572,-1.5738190854072807,3.699180473156466,2.396030398123211,3.4701460476388677,5.092649946242285,-1.641941713730663,3.9453069446695865,NA,NA,NA,NA,NA,NA,NA,NA,NA,NA,NA,NA,0,0,0,0,0,0
R829631,completed,hmp_active,55,Woman,White,No,yes,below_median,college_graduate,NA,12,1,0,1,1,1,1,0,0,0,0,0,0,0,0,0,yes,0,0,0,0,0,0,0,1,1,0,0,0,0,0,0,0,10,9,59.3,7,2,3,59.4,7.6,4,3,57.9,7.7,4,4,57.9,7.6,5,4,52.7,7.6,3,5,61.2,8.1,0.0852,0.325,0.5112,0.56,2.9249903928131373,-3.3809064340335913,4.030275860270325,7.874403299469275,5.810821391709092,2.939686443724252,-3.234620211977386,2.8241585638720608,6.850494022517342,1.1154656933426192,0.6865619408155362,11.35,0.4633899802328882,9.42,1.2301846647019417,9.29,6.23851572957143,4.35,1.194143631470392,5.16,1.101613726462915,9.95,25,0,0,76,0,0
R116936,completed,hmp_active,62,Woman,White,Yes,no,below_median,not_college_graduate,NA,7,1,0,1,0,1,1,1,1,0,1,1,0,0,1,0,yes,0,0,0,0,0,0,0,0,0,0,0,0,0,0,0,0,10,1,59.4,5.3,6,1,51.8,5.3,9,0,50.2,5.44,NA,NA,NA,NA,12,1,51.8,6,11,1,50.4,5.3,7.9662,0.52,4.26,1.67,2.84606130702702,-2.8861067680574912,-2.3566362319419927,3.4869081850893675,4.5481145380198456,2.9936003979936445,-3.1904404630578083,-2.3196017760464023,6.9562453981319,3.7418551428816142,1.5507950558706054,10.81,3.388642907851705,7.09,4.250804368149881,8.84,NA,NA,NA,NA,0.2909669365206236,6.9,20,0,0,2,0,0
R627570,completed,uc,42,Man,White,Yes,no,below_median,college_graduate,NA,24,1,1,1,1,1,1,0,0,0,0,0,0,0,0,0,no,0,0,0,0,0,1,1,1,0,0,0,0,0,1,1,1,24,16,65.3,1.1,24,21,62,1.3,24,20,59.4,1.4,24,21,57.9,1.67,24,21,59.4,1.3,23,15,58.1,2.2,1.4803499999999998,0.25,0.11714999999999999,0.03,2.9674129239897185,-3.2037501988879002,-2.219186892286754,7.067836704460386,6.999022438068123,2.9779301475312794,-2.9831649289227005,-2.3089060254972273,5.409334926462089,7.138954063737671,3.881752487531304,19.59,5.174314501985482,9.38,4.706025507237585,11.46,2.833014382552134,14.29,2.308359531046078,11.79,2.8427223451911727,15.29,NA,NA,NA,NA,NA,NA
R384196,completed,uc,41,Man,White,Yes,no,below_median,college_graduate,NA,7,1,1,1,1,1,1,1,0,1,1,0,1,1,0,1,yes,0,0,0,0,0,0,0,0,0,0,0,0,0,0,0,0,8,6,59.4,7,7,5,59.4,6.4,8,5,61.3,6.6,7,4,58.7,6.4,8,4,61.2,6.9,10,5,59.4,6.3,0.35145,0.28,0.15974999999999998,0.05,2.7136796687281213,2.1656886837349036,-1.8473513208620047,4.190519599060133,1.9138487948315577,2.935533119220786,-2.66947791764527,1.6173575277271697,5.337499920301578,1.7676397307765077,3.0504495815627863,8.49,3.1671075676573976,6.4,2.4041767349579644,6.28,NA,NA,3.692000092203001,9.01,NA,NA,NA,NA,NA,NA,NA,NA
R116042,completed,hmp_active,56,Woman,White,Yes,no,below_median,not_college_graduate,NA,7,1,0,1,1,1,1,1,1,1,1,1,1,1,1,1,no,0,0,1,0,0,1,0,0,0,0,0,0,0,1,0,1,8,7,48.8,6.6,6,5,44.2,7.3,10,9,54.3,5.2,10,7,54.3,6.5,9,4,50.2,6.8,13,6,55.8,6.6,1.065,0.99,1.5549,1.75,2.4181850163670298,4.825216717574872,-1.4224801303754666,-1.4224801303754666,2.655057313530253,2.5090371651248202,3.7724731696195004,-1.626444034715969,-1.626444034715969,4.976143857473367,6.7253352950369365,14.81,0.3449107103832817,10.56,5.953781178306427,11.73,0.8572180702053355,7.94,2.055035127069176,13.37,1.6539635282904015,8.79,12,0,0,18,0,0
R847529,completed,hmp_full,33,Woman,more_than_one,No,yes,above_median,college_graduate,NA,18,1,1,1,1,1,1,1,0,0,1,0,0,NA,NA,NA,no,0,0,0,0,0,0,0,0,NA,NA,NA,NA,NA,NA,NA,NA,13,9,65.3,6.5,15,13,68.9,5,NA,NA,NA,NA,21,16,76.3,4.6,NA,NA,NA,NA,15,12,56.5,7,0.19169999999999998,0.18,0.5538,0.32,3.1488180707004045,-4.277066483166431,-3.117722974327755,7.767824323853427,5.2167485802731886,3.1089735063968527,2.6246032848092016,-3.356581296762633,5.299155704101663,6.386326621097945,2.1634541754875327,8.97,NA,NA,NA,NA,NA,NA,NA,NA,2.5914274899942065,8.33,9,7,35,0,0,0
R278863,completed,hmp_active,40,Woman,White,Yes,no,below_median,not_college_graduate,NA,5,0,0,0,0,0,0,0,0,0,0,0,0,0,0,0,no,0,0,0,0,0,0,0,0,0,0,0,0,0,0,0,1,3,5,46.3,5.5,2,4,37.7,6.1,1,2,43.2,5.9,2,1,39.5,6.2,2,2,32.1,6.7,2,2,46.3,6.8,1.704,0.49,3.3228,0.53,2.4871671592813254,-2.101598250695681,-1.9783782842215882,7.822023940231214,3.631093510963371,2.846592031143265,-3.1189765901033244,-2.48686878778911,7.294507626352047,0.6486254281400399,2.56571141982765,2.16,0.8649356406103063,7.98,3.797818804624237,4.76,5.273789788007735,9.58,0.7761707482186908,5.63,5.565250934391348,6.55,14,0,0,0,0,0
R660486,completed,hmp_active,23,Man,White,Yes,no,above_median,college_graduate,NA,6,1,1,1,1,1,1,0,0,0,1,0,0,0,0,0,no,0,0,1,0,0,0,0,0,0,0,0,0,0,0,0,0,13,15,65.5,5.6,7,12,47.9,6.6,8,7,62,7.1,8,10,63.3,7.7,8,6,64.6,7.7,6,10,54.3,6.8,0.18105000000000002,0.14,0.5218499999999999,NA,2.4389830862582573,-2.574766983241368,-1.8607909243721261,8.74482832679541,2.2823438020194065,2.4391016079097594,-2.871785427865063,-1.7147336384653347,9.07798172639526,-1.7147336384653347,6.079083389699731,10.57,5.959736181227856,9.6,0.3128266104998182,6.44,1.859424260236928,7.09,1.2684174199327454,6.48,5.6209358984748485,11.86,20,0,0,0,0,0
R207018,completed,uc,25,Man,White,Yes,no,below_median,not_college_graduate,NA,15,1,1,1,1,1,1,0,0,0,0,0,0,0,0,0,no,0,0,0,0,0,0,0,0,1,0,1,0,0,0,0,0,10,11,60.2,5.6,14,14,53.2,6.4,14,14,57.5,6.5,16,15,55.1,8.5,17,14,58,7.8,15,14,54.3,6.5,0.26302603199999997,0.30734,0.252551544,2.42242,2.3829780684019664,-3.000611630092998,4.557146990428572,4.440962311089182,2.427085457902229,2.8288865931899894,3.6453059099885587,5.161802193083157,6.23907654557761,6.062918557353745,1.5180643543267585,7.46,2.9471098358617565,9.52,NA,NA,NA,NA,NA,NA,0.5272199289345837,5.88,NA,NA,NA,NA,NA,NA
R241186,completed,uc,35,Woman,White,Yes,no,below_median,college_graduate,NA,19,1,1,1,1,1,1,0,1,1,0,1,0,0,1,0,yes,0,0,1,1,0,0,0,0,0,0,0,1,0,0,0,0,16,15,55.8,4.1,12,14,50.4,5.7,13,12,60.2,5.8,13,8,52.7,6.1,10,13,54.3,5.4,14,17,54.3,5.2,1.0224,0.42,0.9798,0.6799999999999999,2.490945648358142,3.45713874901676,-1.8177778251162429,-1.8177778251162429,4.729007585644281,2.0285646854041355,-1.8873171095011,-1.4515480435897679,-1.4515480435897679,2.591503224244782,5.526598183496379,15.38,5.659527796434845,8.33,2.9636504815760483,14.52,2.75886125330938,14.72,2.362906330706221,8.66,3.463999213186476,10.26,NA,NA,NA,NA,NA,NA
R173914,completed,hmp_active,48,Woman,Black,No,no,below_median,not_college_graduate,NA,17,1,1,1,1,1,1,0,1,1,0,1,1,0,1,1,yes,0,0,0,0,0,0,0,0,0,0,0,0,0,0,0,0,18,15,56.5,4.44,17,12,54.3,5.57,19,15.75,46.3,4.88,19,12.25,55.8,3.78,17,11,50.4,5,16,13,61.7,4,1.99155,0.685,0.5112,0.855,2.5521208436827227,-2.804655776642018,-2.283924581972396,6.112455989227093,3.9165845920702935,2.9051887041995412,-2.736023797204096,-2.2267862420637887,5.021006339704057,2.8669639587429736,4.072955729630341,12.73,2.887940986759272,8,2.596076569468334,7.56,NA,NA,2.617855629888987,7.5,NA,NA,22,0,0,10,0,0
R306994,completed,hmp_active,57,Woman,Black,No,no,above_median,college_graduate,NA,9,1,1,1,1,1,1,0,0,1,0,0,0,0,0,0,no,0,0,1,0,0,0,0,0,0,0,0,0,0,0,0,0,12,16,63,7.2,10,16,67.2,7.44,12,16,69.3,7.33,10,7,71.9,7.8,11,10,59.4,7.4,9,15,59.4,7.8,0.5751000000000001,0.28,0.3408,0.4,NA,NA,NA,NA,NA,3.1493743190880537,1.0527433321393316,-2.5663507220821606,3.6095165480236004,0.7294861439221685,4.231317366264348,13.01,3.183485014314724,6.31,3.3167001827369416,10.22,NA,NA,3.505905101183357,10,0.9408816045337918,5.76,24,0,0,9,0,0
R336590,completed,hmp_full,50,Woman,more_than_one,No,yes,above_median,college_graduate,NA,18,1,1,1,1,1,1,0,1,1,0,1,1,0,1,1,no,1,0,0,0,0,0,0,0,0,0,0,0,0,0,0,0,16,14,46.1,3.6,16,8,59.9,3.5,10,5,44.2,4.3,8,4,47.1,5.7,8,0,61.3,4.5,5,2,62,6.9,1.16085,0.32,1.065,0.34,2.5786578017478146,4.22209776429,-1.94477495555779,5.332472771073694,-1.94477495555779,2.9160984438620248,3.9004289908300467,2.799914135400656,6.06772815197168,3.1684357283171356,1.6220510694521,8.53,NA,NA,1.0510955578865735,6.21,1.7390839820236936,5.33,6.264964609294534,12.58,3.844409552894149,3.59,11,5,18,28,20,85
R615719,completed,hmp_active,24,Woman,Asian,No,no,above_median,not_college_graduate,NA,6,1,1,1,1,1,1,1,1,0,0,1,0,0,1,0,no,0,0,0,0,0,0,0,0,0,0,0,0,0,0,0,0,8,8,41.1,6.4,8,7,41.1,7,8,7,41.1,6.3,4,6,41.1,6.9,5,8,41.1,6.7,8,4,41.1,6.3,0.07455,0.26,0.0426,0.23,2.9894807349141495,4.017449409824532,-2.079552792514291,-2.079552792514291,2.1251398268766746,2.5948850056002333,-2.858050011419258,-1.9891623057482133,6.104299968752967,2.185224964147424,0.1749942012710545,8.06,2.515753740160347,11.9,0.1870904613910581,5.75,4.210633018056703,11.89,3.24822987588545,19.4,0.5567611574819654,10.84,4,0,0,0,0,0
R980435,completed,hmp_active,26,Woman,White,No,yes,below_median,college_graduate,NA,11,1,1,1,1,1,1,1,1,0,1,0,0,0,0,0,no,0,0,0,0,0,1,0,0,1,0,0,1,0,1,0,1,11,7,57.9,4.5,12,9,57.1,4.3,11,9,55.8,4.3,11,6,58.5,4.4,7,7,55.8,4.2,8,3,50.4,4.38,0.7880999999999999,0.265,1.2353999999999998,0.61,2.813464232802479,-2.4186063900916777,-1.8187576989674898,5.791599919345348,1.9424424167260725,2.727084049327409,1.3099112120750611,-1.8624676726485645,5.143321346604939,0.8455825284536456,1.4528677630534474,4.19,3.096810761130508,4.76,4.807645426440132,12.76,8.210422602298248,9.71,1.535485549552082,8.7,3.911117488188345,4.44,9,0,0,1,0,0
R368934,completed,uc,37,Woman,White,Yes,no,below_median,college_graduate,NA,10,1,0,1,0,1,1,1,1,1,1,1,1,NA,NA,NA,yes,0,0,0,0,0,0,0,0,NA,NA,NA,NA,NA,NA,NA,NA,9,7,57.9,6.3,10,8,55.8,7.3,10,7,59.4,6.8,8,7,57.9,7.2,NA,NA,NA,NA,9,11,59.5,6.7,NA,NA,NA,NA,NA,NA,NA,NA,NA,NA,NA,NA,NA,NA,2.235214871961299,7.39,0.2881733341465218,11.31,2.3568818960374007,11.82,NA,NA,NA,NA,2.2776334153395696,7.89,NA,NA,NA,NA,NA,NA
R659778,completed,hmp_active,32,Woman,White,Yes,no,below_median,college_graduate,NA,12,1,1,1,1,1,1,0,1,0,0,1,0,0,1,0,yes,0,0,0,1,0,1,0,0,1,0,0,1,0,1,0,0,16,7,61.2,4.2,14,7,61.2,4.5,13,9,63.7,4.2,12,3,59.1,5.6,12,4,60.9,3.7,12,12,53.5,5.4,0.22365,0.32,0.7348499999999999,0.98,3.039096458646049,-2.955623570141146,-2.2988316081069358,5.954135586893862,2.2962882420276545,2.657022234205495,-2.598623601199611,-1.9753370710067086,8.004787396068124,5.102160982562523,1.1206006588834008,10.32,0.2252196800272299,7.69,0.3350219904942408,4.63,1.7489338221490718,11.06,4.6660654532847685,12.57,3.3627683051732085,9.09,27,0,0,1,0,0
R487303,completed,hmp_full,35,Woman,White,Yes,no,below_median,college_graduate,NA,9,1,0,1,1,1,1,NA,NA,NA,0,1,1,0,1,1,dont_know,0,0,0,0,0,0,0,0,NA,NA,NA,NA,NA,NA,NA,NA,10,8,44.2,4.9,13,7,53.5,5.1,20,7,46.3,4.7,21,15,64.1,5.9,7,7,44.2,7.4,NA,NA,NA,NA,NA,NA,NA,NA,NA,NA,NA,NA,NA,NA,NA,NA,NA,NA,2.333843206503059,14.29,0.2550268293072555,9.7,2.0390808831492326,9.93,1.1251712765419073,8.23,NA,NA,NA,NA,9,0,80,1,0,5
R987372,completed,hmp_active,27,Woman,Asian,No,no,above_median,college_graduate,NA,10,1,0,1,1,1,1,0,0,0,0,0,0,0,0,0,no,0,0,0,0,0,1,0,0,0,0,1,0,0,0,0,0,9,10,63,5.6,8,9,60.2,7.4,9,7,59,7.29,7,7,55.8,6.33,8,8,57.1,6.9,7,7,61.9,6.4,0.1704,0.445,0.09584999999999999,0.275,2.4432750818943414,3.0504477428893675,-1.658493618625414,7.776349380702609,0.5387309587108055,2.212121474440457,-2.539540671879248,-1.5590975031871432,6.842235802134559,1.6597783216810575,2.672072705915318,9.91,0.4151570975822718,1.73,3.205880788278362,9.43,1.020958601491812,7.61,1.6317844081016135,5.62,NA,NA,8,0,0,0,0,0
R758215,completed,hmp_full,41,Woman,Asian,No,no,above_median,college_graduate,NA,13,1,1,1,1,1,1,0,0,1,0,0,1,0,1,1,no,0,0,0,0,0,0,0,0,0,0,0,0,0,0,0,0,9,7,67,6.9,11,6,69.3,6.3,9,0,59.4,6.2,11,8,63,6.7,12,7,64.4,7,8,7,58,7.2,1.9276499999999999,0.88,2.13,0.93,2.932351092496443,1.6414547813917353,0.29043006915263425,5.833782933430979,1.5897130532828954,3.201642948466169,1.066735664924857,-2.664762105415225,6.478476463020222,3.6433363360943054,0.75709879854158,5.93,0.9878893755701872,2.87,1.843774459065072,7.53,3.426247346902849,6.74,0.1979798949950935,3.57,3.157514082751676,2.67,7,7,38,5,0,15
R779068,lost_contact,hmp_active,26,Man,Black,No,no,below_median,college_graduate,NA,16,1,0,1,1,1,1,NA,NA,NA,0,0,0,NA,NA,NA,no,0,0,0,0,0,0,0,0,NA,NA,NA,NA,NA,NA,NA,NA,19,19,55.8,4.5,9,12,52.7,5.11,13,7,53.5,5.67,10,12,52.7,5.8,NA,NA,NA,NA,NA,NA,NA,NA,NA,NA,NA,NA,NA,NA,NA,NA,NA,NA,NA,NA,NA,NA,NA,NA,NA,NA,NA,NA,NA,NA,NA,NA,NA,NA,9,0,0,2,0,0
R549873,completed,uc,62,Man,White,Yes,no,below_median,not_college_graduate,NA,5,0,1,1,1,0,1,0,1,1,0,1,1,0,1,1,no,0,0,0,0,0,1,0,0,0,0,0,0,0,0,0,0,8,5,57.9,3.5,9,5,59.4,4,8,3,59.4,3.3,6,2,57.9,3.8,8,6,63,4.11,15,6,57.9,3.1,0.79875,0.465,1.2247499999999998,0.67,2.516017297578623,-3.2025754731288516,1.620669854490365,2.5022176379206473,3.779215577261473,2.0031423135232296,3.6804129630694318,0.7510912437432445,2.4307334148505935,2.4963306973364063,NA,NA,1.9067853889745472,7.04,0.2094543707988191,5.56,3.3013990219456586,2.25,3.812492882716459,7.78,NA,NA,NA,NA,NA,NA,NA,NA
R464125,completed,hmp_full,63,Woman,White,Yes,no,below_median,college_graduate,NA,8,1,1,1,1,1,1,1,0,0,1,0,0,1,0,0,yes,0,0,0,0,0,0,0,0,0,0,0,0,0,0,0,0,9,9,58,6.2,8,8,49.5,5.3,7,8,59.4,6.1,8,9,59.4,5.6,6,5,55.8,5.4,8,6,65.8,5.2,0.1704,0.13,0.15974999999999998,0.23,3.139786278128883,-3.422427136148502,-2.3151292077832615,1.6551627057688605,5.9635529551876445,2.8357680211817007,-0.610317969461637,-2.04344439678106,6.927750066403407,7.840095517945372,3.580105658209286,7.39,3.923034234233472,13.1,4.310186755140992,13.22,6.691805329010638,16.46,1.7934198269740127,13.86,2.555215249050898,15.19,14,12,48,4,0,20
R369713,completed,hmp_full,42,Woman,White,Yes,no,below_median,not_college_graduate,NA,6,0,1,1,1,0,1,NA,NA,NA,0,0,0,NA,NA,NA,no,0,0,0,0,0,0,0,0,NA,NA,NA,NA,NA,NA,NA,NA,8,7,66,3.4,14,13,63,5.2,16,19,71,3.6,NA,NA,NA,NA,NA,NA,NA,NA,NA,NA,NA,NA,NA,NA,NA,NA,NA,NA,NA,NA,NA,NA,NA,NA,NA,NA,NA,NA,5.275561173965048,9.43,4.287084981545125,11.76,NA,NA,NA,NA,NA,NA,11,17,30,1,0,30
R880736,completed,hmp_active,41,Woman,White,Yes,no,below_median,college_graduate,NA,8,1,0,1,0,1,1,1,1,0,1,1,1,1,1,1,yes,1,0,0,0,1,0,0,1,0,0,0,0,0,0,0,0,8,9,59.4,5.8,12,16,46.3,6.1,10,10,46.3,5.9,19,12,54.3,4.6,16,8,59.4,5.3,6,10,54.3,6.1,4.10025,0.87,3.6209999999999996,0.88,2.9485590689465004,-3.2989419098280246,-2.818140027093497,6.8432122679468215,2.953301096036519,2.8733851057237096,-2.996356909515528,-2.4638906553040787,5.656698056436191,3.41384512647556,2.275306913155626,4.05,1.591307833701293,2.16,5.923299133774352,3.05,5.39605343709064,12.18,2.880960221227714,8.61,5.672703109164945,3.91,20,0,0,0,0,0
R656534,completed,hmp_full,42,Woman,more_than_one,No,no,below_median,not_college_graduate,NA,5,1,0,1,0,1,1,0,0,0,0,0,0,0,0,NA,yes,0,0,1,0,0,1,0,0,0,0,0,1,0,0,0,0,3,2,44.2,6.4,2,3,42.7,8.1,2,3,46.3,8.5,0,1,44.2,8.2,2,2,37.7,8.1,0,2,43.5,8.1,0.0852,0.13,0.31949999999999995,0.54,3.464088205504138,-4.466658750398517,-3.0204228006125233,2.1557269319613055,1.153964469283114,2.800674155507871,-3.482344999466734,-2.2101544851948836,3.609928445157478,1.932980241196649,0.9132028829877764,14.02,2.7564940069383983,5.78,1.821727812233738,8.94,2.4842855501893446,12.69,0.4649438991144509,7.14,1.271576198386278,9.21,16,17,28,24,0,120
R602845,completed,uc,24,Woman,White,Yes,no,below_median,college_graduate,NA,14,1,0,1,1,1,1,0,0,0,0,0,0,0,0,0,yes,0,0,0,1,0,0,0,0,NA,NA,NA,NA,NA,NA,NA,NA,8,7,57.9,5.6,NA,NA,NA,NA,NA,NA,NA,NA,NA,NA,NA,NA,3,7,44.9,5,6,4,55.5,5.2,NA,NA,NA,NA,NA,NA,NA,NA,NA,NA,NA,NA,NA,NA,2.5937085676376115,10.29,NA,NA,NA,NA,NA,NA,7.074908359420731,10.43,NA,NA,NA,NA,NA,NA,NA,NA
R762096,completed,hmp_active,55,Woman,White,Yes,no,below_median,not_college_graduate,NA,7,1,0,1,0,1,1,1,0,0,0,0,0,0,0,0,no,0,0,0,1,0,0,1,1,1,0,0,1,0,0,0,1,8,8,46.4,5.9,8,6,50.4,6.3,12,13,54.3,4.6,NA,NA,NA,NA,5,1,50.5,7.3,12,7,53.3,4.7,1.18215,0.27,2.0767499999999997,1.07,2.919977874062375,-3.685581481177427,2.0251385549931102,8.687835059551276,5.580021932459292,3.0024570040393517,-3.753867249513355,1.3787237016896385,8.564097426378966,7.092109043679181,4.456247916973807,4.82,2.3045662815912435,6.83,2.7351355477279364,5.8,NA,NA,0.5387326709457426,8.88,0.6211337496675928,4.9,20,0,0,18,0,0
R871676,completed,hmp_active,42,Woman,White,Yes,no,below_median,not_college_graduate,NA,13,1,0,1,1,1,1,NA,NA,NA,0,1,0,NA,NA,NA,no,0,0,0,1,0,0,1,0,0,0,0,0,0,0,1,0,13,6,72.7,3.8,11,7,61.9,4.89,NA,NA,NA,NA,NA,NA,NA,NA,NA,NA,NA,NA,NA,NA,NA,NA,11.95995,1.53,5.0907,0.6,2.20295856035124,3.822325144022958,-1.5325422754876992,3.609121281014961,3.6436074570861297,2.3320857935720136,4.9031079977890055,-1.7473734044358644,3.4837352124187224,5.355125951338785,4.356584477945258,6.43,4.734534154064895,2.19,NA,NA,NA,NA,NA,NA,NA,NA,1,0,0,0,0,0
R634115,completed,hmp_full,25,Woman,more_than_one,No,no,below_median,college_graduate,NA,6,1,0,1,1,1,1,1,0,0,0,0,0,0,0,0,no,0,0,0,0,0,0,0,0,0,0,0,0,0,0,0,0,6,6,48.9,7.1,7,6,46.3,7.1,4,4,46.3,7.2,NA,NA,NA,NA,4,3,46.3,7.4,5,8,47.4,7.5,2.4707999999999997,0.21,3.12045,0.62,2.7497888861892568,3.1317859563943475,-1.688226537987596,7.515995152980409,1.4472676779415536,2.718029967437054,1.5149168166819307,-1.5199877025119048,7.887316502995102,-1.5199877025119048,3.286069012673651,13.01,NA,NA,5.344459838574894,6.37,NA,NA,2.9510397021967307,6.42,0.6537837665675372,5.75,16,20,20,15,0,40
R734864,completed,hmp_active,37,Woman,White,Yes,no,above_median,college_graduate,NA,21,1,1,1,1,1,1,1,1,1,1,1,1,1,1,1,no,0,0,0,0,0,0,0,0,1,0,0,0,0,0,0,0,18,17,66.5,3.1,14,11,65.5,3.8,10,9,65.5,4.1,10,10,62,4.3,14,11,62,4.7,6,7,61.2,4.8,0.35145,0.2,0.28755000000000003,0.495,2.7062213804355917,-3.1869004954803626,0.09063137328199966,6.423264902222989,2.3466964506411525,2.5107349467853357,-2.372410316719058,-1.7687941764657742,-1.7687941764657742,2.8059168020376086,0.3131729374713672,6.25,4.614816053220809,9.4,2.9502672305808297,2.59,2.70699564928442,12,0.3745129979566627,8.95,1.4788331565061374,8.11,15,0,0,0,0,0
R774802,completed,hmp_full,42,Woman,White,Yes,no,below_median,not_college_graduate,NA,21,1,0,1,1,1,1,0,0,0,0,0,0,0,0,0,no,0,0,0,0,0,0,0,0,0,0,0,1,0,0,0,0,14,14,40.3,2.4,11,13,41.1,3.5,16,7,73.2,3.3,18,14,72.4,4.1,4,5,28.9,5.5,12,8,30.1,4.7,0.84135,0.34,1.3845,0.47,2.38207290801283,-2.0642955076419502,-1.3016419468413183,-1.3016419468413183,-1.3016419468413183,2.417907997447492,-2.4395714619257056,-1.4363362563186155,-1.4363362563186155,-1.4363362563186155,3.0354695085154004,5.7,3.9105147520041768,15.94,NA,NA,1.3597194500603431,9.09,2.355680170049616,5.49,4.708492838627916,8.6,19,20,118,1,0,10
R996834,completed,hmp_active,37,Woman,White,Yes,no,below_median,college_graduate,NA,19,1,1,1,1,1,1,NA,NA,NA,0,0,0,NA,NA,NA,no,1,1,1,0,0,0,1,1,NA,NA,NA,NA,NA,NA,NA,NA,20,15,60.2,4.3,9,9,56.5,2.1,NA,NA,NA,NA,NA,NA,NA,NA,NA,NA,NA,NA,NA,NA,NA,NA,NA,NA,NA,NA,NA,NA,NA,NA,NA,NA,NA,NA,NA,NA,4.726209782763664,5.22,2.8476852901142267,9.09,NA,NA,NA,NA,NA,NA,NA,NA,8,0,0,0,0,0
R393845,completed,uc,43,Woman,White,Yes,no,below_median,not_college_graduate,NA,9,1,0,1,0,1,1,NA,NA,NA,0,0,0,0,0,0,no,0,0,0,0,0,0,0,0,NA,NA,NA,NA,NA,NA,NA,NA,11,12,63,3.8,3,5,57.9,6,2,3,55.8,5.5,6,4,63,4.5,3,5,63,4.7,NA,NA,NA,NA,NA,NA,NA,NA,NA,NA,NA,NA,NA,NA,NA,NA,NA,NA,NA,NA,NA,NA,NA,NA,5.860520698743947,10.84,NA,NA,NA,NA,NA,NA,NA,NA,NA,NA
R601882,completed,hmp_active,52,Woman,White,Yes,no,below_median,not_college_graduate,NA,9,0,1,1,1,0,1,NA,NA,NA,0,NA,1,NA,NA,NA,no,1,0,0,1,0,0,0,0,NA,NA,NA,NA,NA,NA,NA,NA,11,6,63,6.9,8,6,59.6,6.2,9,8,57.1,5.78,NA,NA,NA,NA,NA,NA,NA,NA,NA,NA,NA,NA,NA,NA,NA,NA,NA,NA,NA,NA,NA,NA,NA,NA,NA,NA,0.2678879208230718,7.55,3.397032450315724,5.81,2.335257255617753,6.87,NA,NA,NA,NA,NA,NA,14,0,0,8,0,0
R871854,completed,hmp_active,33,Man,White,Yes,no,below_median,college_graduate,NA,14,1,1,1,1,1,1,0,0,0,0,0,0,0,0,0,no,0,0,0,0,0,0,0,0,0,0,0,0,0,0,0,0,12,16,65.3,5.9,16,17,72.5,4.5,21,21,71.9,2.2,20,15,65.3,4,17,16,63,4,16,15,64.6,5.1,2.5347,0.21,1.5549,NA,3.1080957892107945,-3.1447745948691295,-2.3333145017363317,5.7151542419325505,6.564367811717892,2.9958356646142157,-3.0042068091829486,1.5962738561005696,6.669556349027684,7.135346219883798,NA,NA,NA,NA,NA,NA,NA,NA,NA,NA,NA,NA,25,0,0,0,0,0
R682430,completed,hmp_active,55,Woman,White,Yes,no,below_median,college_graduate,NA,8,1,0,1,0,1,1,1,0,0,1,0,0,1,0,0,yes,0,0,0,0,0,NA,0,0,1,0,0,0,0,0,0,1,4,5,54.3,6.2,2,5,48.9,6.8,2,0,47.4,7.4,2,2,48.9,7.4,2,0,46.3,8,1,0,44.2,7.2,1.45905,0.68,0.9052499999999999,0.85,2.8332500742824163,1.8597624797963526,-1.5001940385038002,6.379475876100488,5.342489243734621,2.498530910607758,-1.9520829218160758,-1.3654931382927344,7.954866878721997,0.8317314390434851,3.8452658971602176,10.84,0.2359241848057718,2.98,0.4337768310919672,9.66,0.8885899033471417,4.13,1.4741364980875138,10.88,2.493442179053702,10.8,4,0,0,8,0,0
R731021,completed,hmp_active,36,Woman,Asian,No,no,above_median,college_graduate,NA,7,1,1,1,1,1,1,0,1,0,0,0,0,0,0,0,no,0,0,0,0,0,0,0,0,0,0,0,0,0,0,0,0,7,6,54.3,5.8,7,3,54,7,NA,NA,NA,NA,NA,NA,NA,NA,5,2,61.3,6.67,10,4,72.6,6.8,0.07455,0.03,0.0426,0.12,3.0007874421978786,-3.5914483559846895,-2.448849846720339,6.426716845270212,6.482966390588828,3.0002731428964484,-3.323808962018783,-2.415848562029362,7.863091526768862,6.152607923324417,1.684359657141981,16.47,0.2698721438703946,10.77,NA,NA,NA,NA,4.226576349643156,13.41,1.7971439406788938,17.95,0,0,0,0,0,0
R311521,completed,uc,24,Woman,more_than_one,No,no,above_median,college_graduate,NA,19,1,1,1,1,1,1,0,0,0,0,0,0,0,0,0,no,1,0,0,1,0,1,0,0,0,0,1,1,0,0,1,0,17,14,61.5,8.1,16,14,66.2,8.5,17,16,68.6,9,18,18,67,8.8,19,15,67,8.6,15,13,65.7,7.5,2.22585,0.37,1.4271,0.48,2.7902978975622004,1.5537917142215871,-1.9343766898552275,6.213779750066397,1.6765412227889969,2.862506930806635,-2.8279474843957857,-1.9787244315635966,7.072268447178452,-1.9787244315635966,6.6456777698035765,12.87,11.067065664313052,12.5,5.994459532137784,7.5,7.1172318848601295,2.04,1.7510248263451107,14.29,4.034803568907636,9.65,NA,NA,NA,NA,NA,NA
R155971,completed,hmp_full,31,Man,Black,No,no,below_median,not_college_graduate,NA,6,1,0,1,1,1,1,NA,NA,NA,0,0,0,NA,NA,NA,no,0,0,0,0,0,0,0,0,NA,NA,NA,NA,NA,NA,NA,NA,7,3,58.4,5.67,5,3,57.9,3.2,NA,NA,NA,NA,5,8,59.9,4.7,NA,NA,NA,NA,7,7,NA,5,NA,NA,NA,NA,NA,NA,NA,NA,NA,NA,NA,NA,NA,NA,3.740158456425612,12,NA,NA,NA,NA,NA,NA,NA,NA,NA,NA,12,22,48,3,20,0
R919188,completed,hmp_full,23,Woman,Native,No,yes,below_median,not_college_graduate,NA,21,1,1,1,1,1,1,0,0,0,0,0,0,0,0,0,no,0,0,0,0,0,1,0,NA,0,0,0,0,0,1,0,0,17,14,55.5,3.4,8,8,46.4,4.1,8,7,50.1,5.5,5,5,37.7,5.8,5,4,56.9,4.56,2,4.67,38.8,7.2,0.1278,0.18,0.0639,NA,3.1340817976019566,-0.2984751419586158,4.222154584184508,3.6490740666720844,1.864587356773109,2.197400495912983,-3.032437539484695,-1.6827992095247217,5.914597110688073,-1.6827992095247217,3.970579872287937,9.68,NA,NA,0.893012259977329,8.7,1.835783897541018,7.44,3.229864051258605,8.05,1.6687808237173691,10.86,1,0,0,0,0,0
R842493,completed,hmp_full,46,Woman,White,Yes,no,below_median,not_college_graduate,NA,17,1,1,1,1,1,1,NA,NA,NA,0,0,0,0,0,0,no,0,0,0,1,0,0,0,0,NA,NA,NA,NA,NA,NA,NA,NA,19,20,65.9,2.33,16,20,70.9,1.8,NA,NA,NA,NA,NA,NA,NA,NA,11,10,63,5,NA,NA,NA,NA,NA,NA,NA,NA,NA,NA,NA,NA,NA,NA,NA,NA,NA,NA,7.769742064424041,11.34,NA,NA,NA,NA,NA,NA,NA,NA,NA,NA,0,0,0,0,0,0
R201126,completed,uc,41,Woman,Asian,No,no,below_median,college_graduate,NA,15,1,1,1,1,1,1,1,1,1,1,1,0,1,1,0,yes,0,0,1,0,0,0,0,0,0,0,1,0,0,1,0,0,15,8,60,2.6,8,5,55.8,4.3,8,5,46,4,12,7,54.3,3.8,11,6,50.4,3.2,13,8,54.3,2.6,4.26,0.16,4.18545,0.5,3.049999998770381,2.4610151119207413,-2.2400338142406464,1.7672993709918248,5.761991003975464,2.9524179583590855,3.2203548230795946,2.4404041962429774,5.805519792807682,4.095117330739066,4.381114522345935,12.23,NA,NA,NA,NA,NA,NA,NA,NA,NA,NA,NA,NA,NA,NA,NA,NA
R619401,completed,hmp_full,39,Woman,Black,No,no,below_median,college_graduate,NA,7,1,1,1,1,1,1,0,0,0,0,0,0,0,0,0,no,0,0,0,1,0,0,0,0,0,0,0,0,0,1,0,0,8,7,62,5.88,11,18,53.4,4.4,NA,NA,NA,NA,6,13,NA,4.9,13,16,49.5,5.8,8,7,61.2,4.9,0.48880944,2.02433,0.467860464,1.71215,2.4314557428205243,-2.0893681525937344,-1.3459344518498564,-1.3459344518498564,-1.3459344518498564,3.053424953326876,4.391739610331612,-1.9708728205372967,3.6238385590645423,2.517763549194843,NA,NA,NA,NA,NA,NA,NA,NA,3.064063960291504,3.26,4.371758192046207,12.56,2,14,13,0,0,0
R338944,completed,hmp_full,36,Man,White,Yes,no,below_median,not_college_graduate,NA,18,1,0,1,1,1,1,1,0,1,0,0,1,NA,NA,NA,no,1,0,1,0,0,1,0,0,NA,NA,NA,NA,NA,NA,NA,NA,13,14,65.9,5.7,12,8,59.6,4.8,NA,NA,NA,NA,NA,NA,NA,NA,NA,NA,NA,NA,10,13,71.5,5.1,NA,NA,NA,NA,NA,NA,NA,NA,NA,NA,NA,NA,NA,NA,3.816770576183132,9.28,NA,NA,NA,NA,NA,NA,NA,NA,NA,NA,1,0,0,0,0,0
R381244,completed,hmp_active,42,Woman,Black,No,no,above_median,college_graduate,NA,17,0,1,1,1,0,1,1,0,1,1,0,1,1,1,0,yes,0,0,0,0,0,0,0,0,0,0,0,0,0,1,0,0,10,7,63,6.8,12,3,55.8,7.3,10,5,61.2,5.88,8,6,55.8,6.1,6,5,54.3,6.9,6,3,55.8,7.1,6.698849999999999,1.38,2.8755,1.21,2.6841807076224353,-2.4171311515238605,-1.5108806517611861,7.136463224120096,-1.5108806517611861,2.907426367733769,-2.455160752058371,-1.8123711868705987,7.18465219460911,2.9325609414926515,NA,NA,NA,NA,NA,NA,NA,NA,NA,NA,0.8518255456910601,7.8,8,0,0,0,0,0
R614172,completed,hmp_active,60,Woman,White,Yes,no,below_median,college_graduate,NA,20,1,1,1,1,1,1,0,0,0,0,0,0,0,0,0,yes,0,0,0,0,0,0,0,0,0,0,0,1,0,0,0,0,22,19,65.3,5.1,13,16,62.3,5.9,10,14,59.4,6.1,15,11,54.3,6.3,7,6,54.3,6.6,14,12,54.3,5.5,2.52405,0.435,3.3121499999999995,0.7,2.8375376306210405,-2.9235093968283996,4.555871434904937,5.0185997237468065,1.2906776350126927,2.7021631307302547,1.0656236699321422,4.778006508978621,5.904216271743337,1.995929049230139,3.431144081802225,10.32,NA,NA,3.9386166209082094,8.64,0.9810608201251908,10.32,1.628710483146267,6.7,0.97511875530765,6.28,17,0,0,2,0,0
R962434,completed,hmp_active,34,Man,White,Yes,no,below_median,college_graduate,NA,16,1,0,1,1,1,1,NA,NA,NA,0,0,0,0,0,0,no,0,0,0,0,0,0,0,0,NA,NA,NA,NA,NA,NA,NA,NA,8,15,55.8,6.2,4,8,47,7.3,NA,NA,NA,NA,NA,NA,NA,NA,11,8,50.4,6.8,NA,NA,NA,NA,0.19169999999999998,0.17,0.30884999999999996,0.47,2.692807262361527,-2.757849278421316,4.920867689185481,7.000140525677232,1.3573895016128175,2.4415705957622618,0.4391743087818809,4.762994462452782,6.225453678592229,-1.4045220284355597,3.585699364421905,9.49,1.720524545684871,7.8,NA,NA,NA,NA,4.220926716758782,9.86,NA,NA,7,0,0,1,0,0
R967841,completed,uc,39,Man,NA,No,yes,below_median,college_graduate,NA,5,1,0,1,1,1,1,0,1,1,1,1,1,1,1,1,yes,0,0,0,0,0,0,0,0,0,0,0,0,0,0,0,0,5,6,54.3,4.8,6,7,51.8,4.6,7,5,59.6,3.9,10,10,56.5,2.7,5,2,51.3,4.9,4,4,54.3,4.6,0.7880999999999999,0.59,0.4473,0.14500000000000002,2.6593401567218904,0.6025825661018,-1.8817701059679743,7.934360555349902,6.237628483644318,2.465473824808852,-3.0055781356299307,-1.5978117346119607,6.02827102346042,5.486414687485955,3.274300498455741,12.12,1.0351206864332554,6.93,5.895543384460977,8.51,10.092066014256092,7.43,6.406715303045606,3.95,NA,NA,NA,NA,NA,NA,NA,NA
R787871,completed,hmp_active,65,Woman,White,No,yes,above_median,college_graduate,NA,11,1,0,1,0,1,1,NA,NA,NA,0,0,0,NA,NA,NA,no,0,0,0,0,0,0,0,0,NA,NA,NA,NA,NA,NA,NA,NA,5,4,51.9,8.5,NA,NA,NA,NA,NA,NA,NA,NA,NA,NA,NA,NA,NA,NA,NA,NA,NA,NA,NA,NA,NA,NA,NA,NA,NA,NA,NA,NA,NA,NA,NA,NA,NA,NA,0.4136723428798209,6.25,NA,NA,NA,NA,NA,NA,NA,NA,NA,NA,0,0,0,0,0,0
R810653,completed,hmp_full,25,Man,NA,No,yes,below_median,not_college_graduate,NA,22,0,0,0,1,1,1,NA,NA,NA,0,0,0,0,0,0,no,0,0,0,0,0,0,0,0,NA,NA,NA,NA,NA,NA,NA,NA,13,9,54.3,4.9,5,5,46.9,6.6,9,5,46.5,5.2,9,7,50,5.3,9,10,48.4,5.3,NA,NA,NA,NA,NA,NA,NA,NA,NA,NA,NA,NA,NA,NA,NA,NA,NA,NA,0.4473007039934936,8.7,1.1738729382076591,3.7,NA,NA,3.5125329724689536,5.1,NA,NA,NA,NA,10,10,18,1,0,0
R596368,completed,uc,26,Woman,White,Yes,no,below_median,college_graduate,NA,10,1,0,1,1,1,1,NA,NA,NA,1,1,1,0,1,1,no,0,0,0,0,0,0,0,0,0,0,0,1,0,0,0,0,13,9,57.1,6.3,11,6,55.8,6.2,9,7,59.4,6.5,16,12,62,6.6,13,13,62,5.8,18,14,57.1,6,0.94785,0.07,0.1065,0.41,2.6099658775099575,-2.5342878091209267,-2.0519635963829272,-2.0519635963829272,5.2085590017069245,2.583137188079899,-2.7971801146952577,-2.167539654717821,-2.167539654717821,4.7230694654293455,0.492125126378609,11.05,1.497598925912319,8.24,1.786481795390454,4.92,3.8287087815247416,10.95,3.482281550399909,9.6,NA,NA,NA,NA,NA,NA,NA,NA
R205034,completed,hmp_active,38,Woman,White,Yes,no,above_median,college_graduate,NA,5,0,0,0,0,0,0,0,0,0,0,0,0,0,0,0,no,0,0,0,0,0,0,0,0,0,0,0,0,0,0,0,0,5,3,54.3,7.5,3,4,54.3,7.3,3,3,64.1,7.2,NA,NA,NA,NA,1,3,54.3,8,2,4,47.9,7.7,2.4920999999999998,0.56,0.37274999999999997,0.2,3.2801547856079787,-0.17464693086542038,-2.668241846997666,5.665268861985275,1.8203945227344742,3.16732046432966,-3.605003984750852,-2.445271750624706,7.0670233530899775,3.207217429643945,4.438563835559186,0.74,2.662780397275285,3.07,5.071470725830852,6.1,NA,NA,3.3327249226203906,7.22,0.1607251150212972,0.77,12,0,0,1,0,0
R540925,completed,uc,22,Woman,White,Yes,no,below_median,college_graduate,NA,15,1,1,1,1,1,1,NA,NA,NA,0,0,0,1,0,0,no,0,0,1,0,0,0,0,0,0,0,0,0,0,0,0,0,12,10,56.5,5.4,10,6,60.2,4.7,13,8,59.4,4.9,13,6,57.9,5.3,13,8,57.9,5.44,18,10,NA,4.8,NA,NA,NA,NA,NA,NA,NA,NA,NA,NA,NA,NA,NA,NA,NA,NA,3.3612193072754377,7.38,0.6000126481251309,6.9,0.8941713532120026,7.95,0.2108057369971845,9.15,NA,NA,NA,NA,NA,NA,NA,NA
R692240,completed,hmp_full,41,Man,White,Yes,no,below_median,college_graduate,NA,5,1,0,1,0,1,1,1,0,0,1,0,1,1,1,0,yes,NA,NA,NA,NA,NA,NA,NA,NA,0,0,0,0,0,0,0,0,11,8,47.6,4.8,6,4,47.6,6.9,5,6,48.7,6.9,3,2,44.2,6.89,3,2,42.2,6.5,2,2,44.2,8.6,NA,NA,NA,NA,0.4797045872159545,6.56176603832734,-0.30370940003110153,-0.30370940003110153,-0.30370940003110153,2.676395852518997,-2.4909325573796557,-1.8192296398418737,8.351724522645128,-1.8192296398418737,1.3553690734261092,10.45,0.3865855899648154,8.89,0.73181625161345,12.87,2.877056075349992,4.15,2.2590836238288574,8.98,1.336095565806528,5.92,17,7,73,16,30,60
R898783,completed,uc,22,Woman,Hawaiian,No,no,below_median,not_college_graduate,NA,25,1,1,1,1,1,1,0,0,0,0,0,0,0,0,0,no,1,0,1,0,0,1,0,0,NA,NA,NA,NA,NA,NA,NA,NA,23,21,66.9,1.6,24,21,72.6,3.1,24,21,70,1.9,21,21,76.8,2.5,24,21,76.9,NA,24,21,83.8,0.8,NA,NA,NA,NA,NA,NA,NA,NA,NA,NA,NA,NA,NA,NA,NA,NA,2.073030146193748,9.93,5.705364117756913,10.97,5.022352844353762,10.99,3.8889354950659767,15.18,NA,NA,NA,NA,NA,NA,NA,NA
R910590,completed,hmp_full,38,Woman,NA,NA,info_not_provided,below_median,college_graduate,NA,11,1,0,1,1,1,1,1,1,1,1,1,1,NA,1,1,no,0,0,0,0,0,0,0,0,0,0,0,0,0,0,0,0,11,10,53.5,6.1,13,10,54.3,6.56,8,9,51.9,6.8,6,3,44.2,6.9,7,9,54.3,5.6,12,9,60.2,7.3,0.9052499999999999,NA,NA,NA,2.959104243967577,-0.5449590661359722,3.5041755860642687,5.966220138626724,2.6980284332885396,2.7785358048579454,-3.14162919239668,3.4200096125113855,6.889480441169031,2.2613793141170224,NA,NA,NA,NA,NA,NA,NA,NA,NA,NA,0.3224999664083636,12.75,10,20,8,1,0,0
R251871,completed,hmp_active,51,Man,White,Yes,no,below_median,college_graduate,NA,13,1,1,1,1,1,1,0,1,0,0,1,0,0,1,0,no,0,0,0,0,0,0,0,0,0,0,0,0,0,0,0,0,13,3,50.1,5,5,5,48.7,6.1,8,5,49.2,4.7,5,8,48.8,4.5,5,6,46.1,6.1,4,4,48.8,5.8,1.189436304,NA,NA,NA,3.278695515554189,0.7990848343650421,-2.5547974256757575,6.57812179933184,6.674462831152936,3.297035901664865,-3.779184149749545,0.4871907258356547,6.367273079089169,6.651998472601449,0.2376147023705954,9.8,2.438616038654624,11.29,2.9489249107427784,11,NA,NA,4.472665105925187,13.49,1.5313880092839407,7.48,29,0,0,66,0,0
R729087,completed,hmp_full,28,Woman,Asian,No,no,below_median,college_graduate,NA,8,1,0,1,0,1,1,NA,NA,NA,1,1,0,NA,NA,NA,yes,0,0,0,0,0,0,1,0,NA,NA,NA,NA,NA,NA,NA,NA,12,19,52.7,4.4,NA,NA,NA,NA,NA,NA,NA,NA,NA,NA,NA,NA,NA,NA,NA,NA,NA,NA,NA,NA,NA,NA,NA,NA,NA,NA,NA,NA,NA,NA,NA,NA,NA,NA,4.575462687258636,7.51,NA,NA,NA,NA,NA,NA,NA,NA,NA,NA,9,7,20,0,0,0
R263527,completed,uc,42,Man,White,Yes,no,below_median,not_college_graduate,NA,16,1,0,1,1,1,1,0,0,0,0,0,0,0,0,0,no,0,0,0,0,0,0,0,0,0,0,0,0,0,0,0,0,8,5,64.1,7.2,5,7,56.3,7,9,3,59.6,7,6,4,57.1,6.9,3,2,61.3,7.1,6,3,64.6,7.5,4.26,1.21,9.797999999999998,7.28,2.3240452974864576,5.63453169028781,-1.9693567534458811,-1.9693567534458811,6.969830848029732,3.0978517526815534,4.150240431206702,-2.3359870366731994,-2.3359870366731994,6.720385972005556,NA,NA,1.174242868318361,9.29,NA,NA,NA,NA,4.458152492103781,9.69,0.2675018326209927,10.69,NA,NA,NA,NA,NA,NA
R102303,completed,hmp_full,38,Woman,White,Yes,no,below_median,college_graduate,NA,14,1,0,1,0,1,1,0,0,0,0,0,0,0,0,0,no,0,0,1,0,0,0,1,1,0,0,1,1,0,0,0,0,10,10,64.9,7.1,6,12,64.6,8.2,6,14,65.9,7.7,5,14,64.9,7.8,5,13,63,7.9,5,11,64.7,8.2,1.277887536,0.6896999999999999,0.73903332,0.52877,2.6318633433363834,0.023324778662451084,-2.179485078775375,6.639145150324978,7.397371651170397,2.7576595556148114,-3.1694231429845097,-2.088949738337198,6.657607616206305,7.804133880483538,1.990432910206899,4.07,0.6400783131633735,7.89,7.518406461564477,9.09,4.277948349948863,11.46,3.0840676625504897,8,2.0274326430146736,2.9,17,12,55,7,0,30
R922668,completed,hmp_full,28,Woman,Asian,No,no,above_median,college_graduate,NA,7,1,0,1,1,1,1,1,1,1,1,1,1,1,1,1,no,0,0,0,1,0,0,0,0,0,0,0,0,0,0,0,0,4,1,59.4,3.7,6,10,63,2.1,9,12,53.3,1.5,9,12,66.1,4,7,13,62.9,4.1,6,6,58,5,0.26625,0.15,0.24495,0.14,2.254517355273232,4.184583045755683,-1.9018195679673533,2.141231699867197,-1.9018195679673533,2.2477482709817154,2.5742769244741983,-1.3163203283483127,-1.3163203283483127,-1.3163203283483127,6.460896422702872,10.09,2.3924741041727424,9.73,2.8294289767342926,14.29,2.951378885402592,16.43,2.1866977291919403,12.59,4.367336257729957,9.8,17,0,86,9,0,75
R151045,completed,uc,39,Man,White,No,yes,below_median,not_college_graduate,NA,11,0,1,1,1,0,1,0,0,0,0,0,0,0,0,0,no,0,1,0,0,0,0,0,0,0,0,0,0,0,0,0,0,15,6,57.9,6.3,2,3,57.9,7,8,2,50.4,7.2,8,3,58,7.2,5,3,57.9,7.4,6,2,57.9,6,3.09915,0.46,0.1491,0.82,2.8453926441477266,-3.224185190970617,-2.011734140677218,6.950785692272314,-2.011734140677218,3.093820673191618,-1.014808324527729,1.0314559356781325,6.721680245735482,0.9480743267390812,0.987292922840082,5.46,0.1959726625525819,4.47,1.1429335268313028,2.38,0.2135324464523436,4.79,0.1966093974558291,4.26,1.0635701598910907,3.13,NA,NA,NA,NA,NA,NA
R728243,completed,hmp_full,53,Woman,Black,No,no,below_median,not_college_graduate,NA,5,1,1,1,1,1,1,NA,NA,NA,0,1,1,0,0,0,yes,0,0,0,0,0,0,0,0,NA,NA,NA,NA,NA,NA,NA,NA,9,5.6,60.2,6.22,16,9,63,4.4,15,8,54.3,5.25,13,8,54.3,8.17,11,7,48.7,6.6,NA,NA,NA,NA,NA,NA,NA,NA,NA,NA,NA,NA,NA,NA,NA,NA,NA,NA,2.3103847281290424,11.22,2.3594784543502207,6.02,0.8279696894942074,9.15,1.4105063831065408,9.2,0.5764831421659191,10.34,NA,NA,5,35,8,0,0,0
R906277,completed,hmp_active,53,Woman,more_than_one,No,no,below_median,college_graduate,NA,10,1,1,1,1,1,1,0,0,0,0,0,0,0,0,0,yes,0,0,0,0,0,0,0,0,1,0,0,0,0,0,0,0,0,0,63,8.6,7,6,46.3,7.9,6,3,61.3,7.9,NA,NA,NA,NA,3,12,64.9,8.3,12,17,71.9,6.8,19.297799999999995,0.5,21.299999999999997,1.44,1.9179913243243134,-2.392625447516186,-1.6117102985389793,8.066193227143579,3.3511343317209277,3.0198084012767406,-3.0031947344779066,-2.00010862166977,3.0936415791369924,3.459476892474389,1.1084546744038437,9.05,2.10245459902934,5.35,NA,NA,NA,NA,4.5104811581556294,8.33,2.8060048599074725,8.8,11,0,0,5,0,0
R861150,completed,hmp_active,63,Woman,White,No,yes,below_median,not_college_graduate,NA,15,1,0,1,0,1,1,0,0,0,0,0,1,0,0,0,no,0,0,0,0,0,1,0,0,0,0,0,1,0,1,0,0,14,12,54.3,5.57,9,12,54.3,4.1,9,8,54.3,4.2,10,6,47.9,5.89,9,6,50.4,4.8,12,7,50.4,4.62,21.299999999999997,1.54,13.770449999999999,NA,3.4160842206477837,-3.7563134551055173,4.751908730242947,5.469092130874916,5.703626276242916,1.7598215450910861,-2.9932513918961403,4.671418072760006,6.89816149788584,6.323205701042529,0.2624361843283382,7.14,NA,NA,0.2189958365401972,8.33,NA,NA,9.316004561013392,9.38,3.022659439400557,13.53,11,0,0,9,0,0
R902713,completed,hmp_active,31,Man,White,Yes,no,above_median,college_graduate,NA,8,0,0,0,0,1,1,0,0,0,0,0,0,0,0,0,no,0,0,0,0,0,0,0,0,0,0,0,0,0,0,0,0,6,7,56.5,6.1,2,2,49.5,7.4,2,4,46.3,7.6,NA,NA,NA,NA,3,4,46.3,7.9,1,1,46.3,7.6,0.19169999999999998,0.17,0.0852,0.31,2.473586341325534,-2.6404570105622733,-1.9601554753669417,8.565063811318602,2.97431845776375,2.4330889839185823,-2.8471021434474166,-2.0774972720056555,8.801700202097248,2.701626221105874,5.660060720975067,7.48,0.6539404195956827,4.92,0.2018174384085545,2,NA,NA,1.7875609115104747,11.9,2.082148702130784,8.91,8,0,0,0,0,0
R771689,completed,hmp_active,62,Woman,White,Yes,no,below_median,not_college_graduate,NA,15,1,0,1,1,1,1,NA,NA,NA,1,1,0,1,1,0,no,0,0,0,0,0,0,0,0,NA,NA,NA,NA,NA,NA,NA,NA,13,11,53.5,6.9,12,12,50.4,4.1,12,8,53.5,5.4,11,8,51.8,5.1,9,10,55.8,5.8,NA,NA,NA,NA,NA,NA,NA,NA,NA,NA,NA,NA,NA,NA,NA,NA,NA,NA,2.917348511277152,4.9,3.9703551343171113,7.63,3.9478517420127694,9.86,1.4240891676374872,13.21,NA,NA,NA,NA,15,0,0,5,0,0
R864019,completed,hmp_active,56,Man,White,NA,NA,above_median,college_graduate,NA,5,1,0,1,0,1,1,1,1,1,0,1,1,NA,1,1,no,0,0,0,0,0,0,0,0,0,0,1,0,0,0,0,0,4,4,52.7,8,7,3,54.3,6.9,5,7,56.5,6.4,7,4,54.3,7.1,10,4.67,52.7,7.1,7,5,57.9,7.1,9.872549999999999,0.49,16.411649999999998,1.03,2.5206346066504883,-2.6015195688718813,-1.906418977163764,4.992295557166224,0.8016312239384458,2.5062702594250412,-2.9110783064433945,-2.130964309601007,5.038385707069592,3.5215248706676436,NA,NA,4.676275196536805,6.29,NA,NA,3.440176496515042,5.31,3.4805188903670765,11.92,NA,NA,8,0,0,1,0,0
R244274,completed,uc,46,Man,White,Yes,no,above_median,college_graduate,NA,10,1,1,1,1,1,1,NA,NA,NA,0,1,1,NA,NA,NA,yes,0,0,0,1,0,0,0,0,NA,NA,NA,NA,NA,NA,NA,NA,12,16,46.8,5.1,12,12,49.2,3.9,NA,NA,NA,NA,12,17,51.8,4,NA,NA,NA,NA,NA,NA,NA,NA,NA,NA,NA,NA,NA,NA,NA,NA,NA,NA,NA,NA,NA,NA,5.469315544045945,0,NA,NA,NA,NA,NA,NA,NA,NA,NA,NA,NA,NA,NA,NA,NA,NA
R176349,completed,uc,36,Man,White,Yes,no,below_median,not_college_graduate,NA,5,1,0,1,1,1,1,NA,NA,NA,0,0,0,NA,NA,NA,no,0,0,0,0,0,0,0,0,NA,NA,NA,NA,NA,NA,NA,NA,7,11,55.8,4.8,6,14,54.3,5,7,7,63,6.1,11,12,68.9,4.8,NA,NA,NA,NA,NA,NA,NA,NA,NA,NA,NA,NA,NA,NA,NA,NA,NA,NA,NA,NA,NA,NA,2.001039778597341,8.06,NA,NA,0.1890957193002809,10.34,NA,NA,NA,NA,NA,NA,NA,NA,NA,NA,NA,NA
R701135,completed,hmp_active,26,Woman,White,Yes,no,below_median,not_college_graduate,NA,11,1,1,1,1,1,1,NA,NA,NA,0,0,0,NA,NA,NA,no,0,0,0,0,0,0,0,0,NA,NA,NA,NA,NA,NA,NA,NA,16,9,50.3,4.1,NA,NA,NA,NA,NA,NA,NA,NA,NA,NA,NA,NA,NA,NA,NA,NA,NA,NA,NA,NA,NA,NA,NA,NA,NA,NA,NA,NA,NA,NA,NA,NA,NA,NA,7.361039235415351,13.76,NA,NA,NA,NA,NA,NA,NA,NA,NA,NA,3,0,0,0,0,0
R968966,completed,hmp_active,64,Man,Black,No,no,below_median,college_graduate,NA,5,0,0,0,0,0,0,0,1,0,0,1,0,0,1,0,no,0,0,0,0,0,1,0,0,0,0,0,1,0,0,0,0,3,3,37.7,7.8,3,2,38.9,6,5,5,38.6,6,3,4,36.3,6,3,3,41.1,6.33,3,1,46.3,7.11,0.089615064,0.43681,0.233930232,0.6534,2.9625492241528293,5.561968923031346,0.680452166595314,-2.2639868125711264,2.6412879658673027,2.765074098323353,5.691638964888556,-1.8197532220808834,-1.8197532220808834,-1.8197532220808834,2.798609144902179,6.33,6.303403965130469,5.39,2.332522648758023,10.15,3.23782052042473,11.9,1.40579791861289,10.73,3.079983354777027,14.4,19,0,0,6,0,0
R474233,completed,uc,38,Woman,White,Yes,no,below_median,college_graduate,NA,6,1,1,1,1,1,1,1,0,1,1,1,1,1,0,1,yes,1,0,0,0,0,0,0,1,0,0,0,0,0,0,0,0,8,8,61.2,5.8,5,11,59.4,6.7,NA,NA,NA,NA,10,9,58.7,6.2,7,8,57.9,6.4,9,8,62,6.5,1.41645,0.225,1.6188,0.44999999999999996,2.122456590350219,-2.0112606407671754,4.079013114481781,7.918421892977003,-1.4303752221461958,2.4712859469510087,-2.1965505785155406,3.240819525504614,7.122309153227361,-1.6936544076260773,6.812512301310718,11.21,0.2292740269595736,5.29,NA,NA,4.307492960885913,12.77,3.128962812575787,9.68,4.208522772585796,4.8,NA,NA,NA,NA,NA,NA
R949127,completed,hmp_active,26,Woman,White,Yes,no,above_median,not_college_graduate,NA,6,1,0,1,0,1,1,0,1,1,0,1,1,0,1,0,no,0,0,0,0,0,0,0,0,1,0,0,0,0,0,0,0,5,3,54.1,6.4,3,10,55.8,6.6,3,6,55.8,6.9,3,6,54.3,6.8,5,6,54.3,6.4,7,5,61.8,6.6,1.8317999999999999,0.47,1.2140999999999997,0.71,2.980483702828693,1.7964877850225953,5.302642774973516,4.398307779019509,-1.9801184046320772,3.0266355068301767,3.7538379594273064,5.198361628830669,5.7889955240573645,2.0016913158749583,2.250417819710771,2.2,6.990020548613693,5.39,3.202628877669187,5.43,5.428798626279308,3.06,2.74124289411468,8.16,NA,NA,22,0,0,0,0,0
R432040,completed,hmp_active,41,Man,White,Yes,no,below_median,college_graduate,NA,10,0,1,1,1,0,1,0,1,1,1,1,0,0,1,1,no,0,0,0,1,0,0,0,0,1,0,0,0,0,0,0,0,14,14,55.8,1.1,15,14,61.2,2.3,13,14,55.8,2.4,10,10,55.8,2.4,12,14,54.3,2.5,14,12,55.8,4.3,9.72345,2.24,12.354,2.14,2.6796920052926425,-2.4024810690343528,-1.5448740494901725,7.952823342113846,-1.5448740494901725,2.8479470558106965,-2.509850146604893,-1.7619962988902707,6.568626321442597,2.3488775652830407,4.270098323701562,13.58,3.8812036204917217,9.94,2.1454462014626388,8.97,5.446476181254671,5.56,4.157788067376,9.96,4.484620532986634,6.33,5,0,0,0,0,0
R290410,completed,hmp_full,32,Woman,White,Yes,no,above_median,not_college_graduate,NA,12,1,0,1,1,1,1,0,1,1,0,1,1,0,1,0,yes,0,0,0,0,0,0,0,0,0,0,0,0,0,0,0,0,13,16,65.3,7,13,17,61.8,6.7,8,10,63.5,6.5,12,17,68.7,6.3,11,17,62.5,6.62,10,17,68.3,7.1,2.71575,0.67,0.7880999999999999,1.91,2.660843551052946,3.5657097040436394,-2.0701576888619173,-2.0701576888619173,3.414639244628737,2.196797498682441,3.1126397556698553,-1.7951708641011774,-1.7951708641011774,2.2823665798045423,5.428437602875579,7.46,3.311741612584625,3.3,2.162471316246816,2.68,3.5167533151583075,3.23,5.506401969181045,10.38,0.2678024337387009,2.86,12,17,0,0,0,0
R822870,completed,uc,22,Woman,White,Yes,no,above_median,not_college_graduate,NA,18,1,1,1,1,1,1,1,1,0,1,1,0,0,1,0,yes,0,0,0,0,0,0,0,0,NA,NA,NA,NA,NA,NA,NA,NA,7,1,48.8,4.2,8,5,NA,5.2,10,4,47.6,4.7,8,3,52.7,5.4,11,2,54,4.3,12,2,54.3,4.2,NA,NA,NA,NA,NA,NA,NA,NA,NA,NA,NA,NA,NA,NA,0.3055542380521127,3.35,NA,NA,0.2275999589817818,4.52,1.4205221968454167,11.66,1.0909673441076262,8.76,3.9578785702022254,11.35,NA,NA,NA,NA,NA,NA
R646650,completed,hmp_full,49,Woman,White,Yes,no,below_median,not_college_graduate,NA,6,1,0,1,1,1,1,1,1,1,1,1,1,1,1,1,no,0,0,0,0,0,0,0,0,0,0,0,0,0,1,0,0,6,6,62,5.2,13,14,65.5,3.33,12,10,70.3,2.6,17,13,69.2,3.4,13,11,69.2,4.8,17,13,66.2,3,0.39404999999999996,0.51,0.79875,0.79,3.0691231561510093,-3.3713142797699516,-2.5415398277256567,-2.5415398277256567,3.686971175865527,2.75965854466418,-3.1281894622521524,-2.1775876333785393,2.1399004801577712,4.787492712222867,3.290227219973025,18,NA,NA,NA,NA,0.429642750688699,10.53,0.5593420963279783,13.82,NA,NA,7,20,8,0,0,0
R856088,completed,hmp_full,47,Woman,White,Yes,no,above_median,college_graduate,NA,9,1,0,1,0,1,1,0,1,0,0,1,0,0,1,0,no,0,0,0,0,0,0,0,0,1,0,0,0,0,0,0,1,9,12,55.8,6.5,8,9,62,6.5,3,2,28.5,7.5,2,2,47.2,7.8,2,0,44.2,8.3,1,0,30.1,8.6,0.23429999999999998,0.1,1.2353999999999998,0.46499999999999997,2.779207442611732,-2.8349567921810546,-1.8452289147489158,8.582306461722325,-1.8452289147489158,2.557567070373968,-2.539550698703327,-1.9264183902250065,8.356087620404303,4.424467326489733,7.193468768911599,6.03,0.3246019370680618,8.9,3.2143686110459377,10.5,5.573118204130978,4.46,3.470246374995019,11.06,3.7026668367238313,9.57,13,30,8,1,5,0
R526973,completed,uc,34,Other,more_than_one,No,no,below_median,college_graduate,NA,13,0,0,0,1,1,1,1,1,1,1,1,0,1,1,0,yes,0,0,1,1,0,0,0,0,0,0,1,1,0,0,0,1,10,9,61.8,5.6,10,6,59.8,5.4,5,5,47.9,5.6,5,6,59.4,5.5,6,6,57.1,5.6,9,7,61.2,4.8,2.7796499999999997,0.51,21.299999999999997,0.53,2.504274478687407,-2.0439543478870967,-1.4053506054273734,7.805689521663083,-1.4053506054273734,2.583387815903218,1.8637182108621626,-1.5091375505443734,-1.5091375505443734,6.32881136548091,0.190635447176059,5.08,3.772813142929923,8.12,4.24459804642477,3.14,1.9519824497974076,7.69,2.012575071141299,9.46,2.384760480444203,7.73,NA,NA,NA,NA,NA,NA
R443751,completed,hmp_active,35,Man,White,Yes,no,above_median,college_graduate,NA,13,1,1,1,1,1,1,0,0,0,0,0,0,0,0,0,no,0,0,0,0,0,0,0,0,0,0,0,NA,0,0,0,0,14,13,59.5,4.9,12,16,63,6.3,11,13,60.5,6.2,8,16,54.3,6.8,9,15,62,6.7,11,15,62,6.9,4.499374512,0.28072,2.229902112,0.35211,2.568980118780654,-2.2091365395002196,-1.5351002631423312,5.762668019389049,2.128461382987315,2.240259540129475,-2.0606502262850115,-1.2550619311723867,8.290821674606917,6.041351337601534,3.394797789099929,7.32,0.6828875890540681,6.48,0.8623825004619673,8.74,3.9312861666552976,13.99,1.115541368129001,11.86,1.5217112567302615,9.47,23,0,0,1,0,0
R141671,completed,hmp_full,49,Woman,White,Yes,no,below_median,college_graduate,NA,12,1,1,1,1,1,1,0,1,0,0,1,0,0,1,0,no,0,0,0,0,0,0,0,0,0,0,0,0,0,0,0,0,14,10,58.1,4.2,8,9,55.8,4.2,7,5,55.8,5.6,5,7,51.8,6.3,4,4,46.3,7,5,6,51.8,6.9,0.6070499999999999,1.29,1.1502000000000001,0.755,3.258525497540077,1.7125604090919841,5.074573272858505,6.277483038921264,2.7535445946529356,3.1397448516805313,-3.7117161844390543,5.482739167454352,6.470964462173602,3.5099115054036973,1.1112865768613982,11.02,3.699111677717991,12.21,2.876695791558374,9.04,1.7810036748414773,11.27,2.5287549485007887,9.01,NA,NA,18,7,40,0,0,0
R228399,completed,hmp_active,58,Woman,Black,No,no,above_median,college_graduate,NA,5,1,0,1,1,1,1,0,0,1,0,0,1,0,0,1,no,NA,NA,0,0,0,1,0,1,1,0,0,0,0,0,1,1,8,3,54.3,6.5,11,5,55.8,7.2,8,6,61.2,6.6,7,5,55.8,7,8,5,55.8,7.1,4,2,53.5,8.4,18.4671,0.46,14.121899999999998,0.82,2.704389485629598,-2.894033014027,-2.336794053090041,6.575005503099486,5.225887193631843,2.828329802190712,3.6849414728158947,-2.271260670295101,6.772434624272135,2.473671458068149,1.976404267315946,9.62,3.489664350276777,8.65,4.783681108847668,7.32,1.4786321749742164,11.11,1.726950556339659,6.15,3.157659752634397,14.35,27,0,0,24,0,0
R408334,completed,hmp_active,56,Woman,White,Yes,no,below_median,college_graduate,NA,8,0,1,1,1,0,1,0,0,1,0,0,0,0,0,1,yes,0,0,0,0,0,0,0,1,0,0,0,0,0,0,0,0,10,5,61.2,5.2,12,5,64.1,5.9,9,2,63.4,6.2,9,3,62.6,6.2,10,4,69.2,5.8,11,6,61.8,6.7,0.37274999999999997,0.23,0.31949999999999995,0.36,2.6177264891854155,-2.4940792026648255,-2.0030080338435354,8.292555389681741,1.6605536122861109,2.4851450248843734,-2.568974148118915,-2.0554430598058944,-2.0554430598058944,3.2964150736701723,3.1601810529206213,6.67,1.4255528281746628,6.67,2.402794388518903,4.88,1.8430492545038744,9.68,NA,NA,1.667190085969516,8.43,6,0,0,1,0,0
R533504,completed,hmp_active,27,Woman,White,Yes,no,below_median,college_graduate,NA,12,1,0,1,1,1,1,0,1,1,0,1,0,0,1,0,no,0,0,0,0,0,0,0,0,0,0,0,0,0,0,0,0,6,1,42.7,4.6,11,7,42.7,4.1,10,11,44.2,5.3,6,7,42.7,6.1,6,2,44.2,5.3,6,8,40.3,4.9,2.210116968,1.25114,2.643062472,0.7308399999999999,2.1685545827713764,-2.967424840709127,-1.9818679158572814,7.549758535984461,3.511193527483267,2.314522095460873,-3.120716616558015,0.4031275831191403,7.676598632510338,1.5017398717872499,3.99536073281456,10.66,1.4514562484177291,3.2,3.1982518120573484,8.08,2.964965073194675,3.5,2.380312642013772,16.92,5.624768124991434,6.67,6,0,0,0,0,0
R231150,completed,hmp_full,51,Woman,NA,NA,no,below_median,college_graduate,NA,21,1,1,1,1,1,1,0,0,1,1,0,1,NA,NA,NA,yes,0,0,1,0,0,0,0,1,NA,NA,NA,NA,NA,NA,NA,NA,21,18,56.5,3.9,20,16,59.4,4.3,NA,NA,NA,NA,NA,NA,NA,NA,NA,NA,NA,NA,12,11,58,4.8,NA,NA,NA,NA,NA,NA,NA,NA,NA,NA,NA,NA,NA,NA,NA,NA,NA,NA,NA,NA,NA,NA,NA,NA,NA,NA,2,24,0,0,0,0
R783757,completed,uc,32,Woman,Asian,No,no,below_median,college_graduate,NA,5,1,0,1,1,1,1,0,0,1,0,0,1,0,1,0,no,0,0,0,0,0,0,0,0,0,0,0,0,0,0,0,0,5,4,63,4.44,9,5,52,4.6,6,2,44.4,4.2,7,3,44.2,4.9,3,1,42.7,5,1,0,42.7,5.7,18.47775,7.625,6.709499999999999,10.68,2.11642819259397,4.411804085911316,-1.1462141252606788,-1.1462141252606788,1.798224853905762,2.1487412906555976,6.3624462490446,-1.4885626090487063,3.6531009474539538,0.9093326637496643,5.369797757593906,5.35,3.196411187783453,3.77,0.3699997349802627,6.09,0.1489277851316981,3.01,0.2247508177374909,8.81,NA,NA,NA,NA,NA,NA,NA,NA
R959227,completed,hmp_active,25,Woman,Native,No,yes,below_median,not_college_graduate,NA,21,1,0,1,1,1,1,0,1,0,0,1,0,0,1,0,no,0,0,0,0,0,0,0,0,0,0,0,0,0,0,0,0,7,6,53.3,7.4,9,1,41.4,7.8,NA,NA,NA,NA,NA,NA,NA,NA,7,4,46.9,7.4,10,5,60.3,7.7,2.33235,1.01,3.5144999999999995,0.67,2.934093092488805,-2.2070964432052285,-1.5604129846371206,5.087275388926209,-1.5604129846371206,2.6285460639658145,0.8747621289770773,-1.5168853371160402,7.668239785719079,2.2897771526542794,NA,NA,NA,NA,NA,NA,NA,NA,NA,NA,2.6448004561031824,9.52,0,0,0,0,0,0
R312738,completed,hmp_full,39,Woman,White,Yes,no,above_median,college_graduate,NA,14,1,1,1,1,1,1,1,1,1,1,1,1,1,1,1,no,0,0,0,0,0,0,0,0,0,0,0,0,0,0,0,0,14,9,63.4,6.3,9,5,46.3,4.7,7,4,46.3,5.4,9,5,54.3,5,9,3,54.3,5.4,6,2,47.4,6.7,0.9158999999999999,NA,1.1502000000000001,0.53,2.9910248460767557,-3.49618581587904,5.213089320240728,4.979388325285211,5.101221651144853,2.872004677598586,-3.860583248588447,4.8910597362643164,3.569121264558359,4.611380616675337,4.579903917461201,9.09,0.6745599365136145,0.96,1.900195813168232,7.58,NA,NA,NA,NA,NA,NA,15,32,8,0,0,0
R470196,completed,hmp_active,32,Woman,White,Yes,no,below_median,not_college_graduate,NA,19,1,1,1,1,1,1,0,0,0,0,0,0,0,0,0,no,0,0,0,0,0,0,1,0,NA,NA,NA,NA,NA,NA,NA,NA,15,11,77.3,4.7,12,12,76.3,8,13,17,74.8,6.2,11,12,83.8,6.5,13,13,74.8,8.1,13,12,65.5,6.5,NA,NA,NA,NA,NA,NA,NA,NA,NA,NA,NA,NA,NA,NA,NA,NA,5.152970559220644,9.38,1.374017754560822,13.33,1.9495546796216157,9.62,2.790646173179603,9.43,6.154869866722112,7.83,8,0,0,1,0,0
R562094,completed,hmp_full,42,Man,White,Yes,no,below_median,college_graduate,NA,5,1,0,1,0,1,1,0,0,0,0,0,0,0,0,0,no,0,0,0,0,0,0,0,0,0,0,0,0,0,0,0,0,5,8,57.9,6.5,9,9,62,6.6,10,10,61.2,7,7,4,57.9,7.6,8,8,59.4,7.3,8,8,55.8,6.67,0.05325,0.31,0.1065,1.04,2.8240619037549957,2.9043539149325905,-2.244002039071135,6.801345758232869,2.9977449759885078,2.677064306311985,4.7429653594455825,0.6075598807218585,2.5085186419149057,-1.957389476739678,2.893677689530989,8.77,1.2218455715326315,9.05,1.5587060953423808,7.11,0.1960649249006227,7.57,1.2773792831549864,2.38,0.8479554525304798,3.47,8,0,18,27,10,355
R729678,completed,hmp_full,26,Man,White,No,yes,below_median,college_graduate,NA,15,1,1,1,1,1,1,NA,NA,NA,1,1,0,NA,NA,NA,no,0,0,0,0,0,0,0,0,NA,NA,NA,NA,NA,NA,NA,NA,12,8,65.3,4.6,12,8,55.8,6.1,NA,NA,NA,NA,NA,NA,NA,NA,NA,NA,NA,NA,NA,NA,NA,NA,NA,NA,NA,NA,NA,NA,NA,NA,NA,NA,NA,NA,NA,NA,2.895309245513036,7.28,0.4500778695342572,11.11,NA,NA,NA,NA,NA,NA,NA,NA,6,32,18,0,0,0
R759008,completed,hmp_active,30,Woman,White,Yes,no,below_median,not_college_graduate,NA,8,1,1,1,1,1,1,NA,NA,NA,0,0,0,NA,NA,NA,no,0,0,0,0,0,0,0,0,NA,NA,NA,NA,NA,NA,NA,NA,7,11,55.6,5.7,NA,NA,NA,NA,NA,NA,NA,NA,NA,NA,NA,NA,NA,NA,NA,NA,NA,NA,NA,NA,NA,NA,NA,NA,NA,NA,NA,NA,NA,NA,NA,NA,NA,NA,6.009168882784159,8.61,NA,NA,NA,NA,NA,NA,NA,NA,NA,NA,3,0,0,0,0,0
R977300,completed,hmp_active,51,Woman,White,Yes,no,below_median,not_college_graduate,NA,6,1,0,1,0,1,1,NA,NA,NA,0,0,0,NA,NA,NA,no,0,0,1,0,0,0,0,0,NA,NA,NA,NA,NA,NA,NA,NA,7,10,55.8,5.6,NA,NA,NA,NA,NA,NA,NA,NA,NA,NA,NA,NA,0,2,49.5,0,NA,NA,NA,NA,NA,NA,NA,NA,NA,NA,NA,NA,NA,NA,NA,NA,NA,NA,4.213362509548372,9.24,NA,NA,NA,NA,NA,NA,NA,NA,NA,NA,6,0,0,0,0,0
R747272,completed,hmp_full,25,Woman,White,Yes,no,below_median,college_graduate,NA,9,1,0,1,1,1,1,1,0,0,1,0,0,1,0,0,no,0,0,0,0,0,0,0,0,NA,NA,NA,NA,NA,NA,NA,NA,8,8,55.8,7.6,9,14,63,6.1,15,16,62,7.1,12,16,56.5,4.8,10,15,64.1,6.6,14,14,65.3,4.1,NA,NA,NA,NA,NA,NA,NA,NA,NA,NA,NA,NA,NA,NA,6.32721771801331,7.78,6.817690839340096,6.36,4.338052374177169,5.98,5.875349225621518,10.99,2.148001312715752,5.52,5.683049366528965,10.74,6,10,0,0,0,0
R854341,completed,hmp_full,25,Woman,White,Yes,no,above_median,college_graduate,NA,8,1,1,1,1,1,1,1,0,0,0,0,0,0,0,0,yes,0,0,0,0,0,0,0,0,0,0,0,0,0,0,0,0,11,10,62,6,9,5,62,4.5,11,6,62,5.2,10,4,60.2,5.8,11,7,52.7,5.2,5,4,50.4,6.5,0.213,0.31,0.2769,0.31,2.7335650919363808,-1.5070581543537807,-2.207916526419407,7.458265160990007,4.0401263480890215,2.607904044813579,-3.1494241419356293,-2.076158002809708,7.771763984276712,2.9005757396108662,3.8746496302668256,10.3,0.9195508315513592,8.9,1.966169819127944,10.14,1.4077026253454927,6.83,6.26741859792011,10.14,1.1389834449139573,7.09,19,32,0,10,30,0
R567969,completed,hmp_full,42,Woman,White,Yes,no,below_median,not_college_graduate,NA,15,0,0,0,1,1,1,1,0,0,1,0,0,1,0,0,no,0,0,0,0,0,0,0,0,0,0,1,1,0,1,0,0,17,13,61.1,5.3,20,11,68.3,5.4,20,10,64.1,5.1,19,12,67,5.2,19,10,65.2,6.2,14,11,62.3,4.8,0.528379728,0.49488999999999994,1.305819504,0.74052,2.6143154999281144,0.07786607102641208,-1.6996000760982826,-1.6996000760982826,1.3449223616251405,2.1070223466310396,-2.5493664725246408,-1.228172180745648,-1.228172180745648,-1.228172180745648,NA,NA,NA,NA,2.7399402711857044,10.81,6.035593988701947,13.66,6.527570959786476,8.33,2.59725130475818,7.14,8,36,0,2,10,0
R329980,completed,hmp_active,24,Woman,White,Yes,no,below_median,college_graduate,NA,5,1,0,1,1,1,1,0,1,0,0,1,0,0,1,0,no,0,0,0,0,0,0,0,0,0,0,0,0,0,0,0,0,6,5,50.4,7.8,4,2,42.2,7.5,5,2,46.8,7.7,4,5,42.2,8.1,5,4,32,8.6,1,3,32.3,8.6,0.852,0.55,1.1076,0.69,2.2616814030064236,-3.2781258128695767,-2.2970269030015875,7.098048776992484,0.4110232981006223,2.6265116958658967,1.2909858867925181,0.6660997117594161,7.189522157768841,2.175454165636534,3.2046573837748773,10.97,3.938172152957876,7.8,2.6590054550262745,10.27,4.453876788294017,11.93,1.1462122838069648,8.56,3.914078308965014,10.26,14,0,0,0,0,0
R968917,completed,hmp_full,32,Woman,White,Yes,no,below_median,not_college_graduate,NA,25,1,1,1,1,1,1,1,1,0,1,0,1,0,0,0,yes,1,0,0,0,0,0,0,0,0,0,0,0,0,0,0,0,23,18,70.5,4.3,15,9,63,4.7,8,8,55.8,5.7,8,7,54.3,6.6,7,3,54.3,7.5,3,3,55.8,7.6,21.032771904,1.55606,9.492213792000001,1.43869,1.5946426235667397,2.756952991282511,-1.6129852841365975,-1.6129852841365975,1.9979326285076269,1.340474333814305,2.9147970114878285,-1.532681392476603,-1.532681392476603,2.578192471696708,4.871644620282238,11.11,2.690462167925589,14.29,0.7107857816806663,10.13,0.1654791252396827,5,1.2420187608619242,6.94,5.798734600896493,16.88,12,45,75,18,460,0
R353817,completed,uc,37,Man,White,Yes,no,below_median,not_college_graduate,NA,12,1,0,1,1,1,1,0,0,1,0,0,1,0,0,1,yes,1,0,0,0,0,0,0,0,1,1,1,0,0,0,0,0,13,5,55.8,5.5,12,5,54.3,5.6,15,5,56.5,5.4,14,7,54.3,4,16,6,57.9,5.2,12,3,54.3,5.3,4.6434,0.48,6.2622,0.77,3.05769785734974,-3.2614475653545223,5.541227113828485,6.7788472333692695,2.3485974886948227,2.2190582625432356,-2.580105623576139,5.291042250613369,7.952805481055402,2.9757181318418935,2.729395637171089,12.69,3.3096093824133197,7.26,3.249410089875488,10.88,4.939852442277521,10.11,0.30588961081456,9.68,0.4014947087412154,3.75,NA,NA,NA,NA,NA,NA
R131832,completed,hmp_full,26,Woman,White,Yes,no,below_median,not_college_graduate,NA,13,1,1,1,1,1,1,0,1,0,0,1,0,0,1,0,no,0,0,0,0,1,0,0,0,0,0,0,0,0,0,0,0,13,12,57.9,5.1,11,15,59.4,6,15,15,59.4,6.9,15,14,63,5.8,15,14,58.3,6.9,9,6,55.8,7.5,0.218800416,NA,1.049776464,NA,2.640714885390348,1.6049674060406642,-2.1436191105819233,8.085749070719526,4.153490209352012,2.7033045143966343,-2.1328417702999896,-1.8227270070094974,7.316868960440928,3.0524703161916547,2.701243234517848,11.34,3.0418983648643927,13.27,0.2263068599859155,5.68,2.695455929576622,8.23,3.16191699071416,6.58,3.0686456528444856,9.33,4,27,0,1,5,0
R474420,completed,hmp_full,37,Woman,NA,NA,no,above_median,college_graduate,NA,13,1,1,1,1,1,1,1,0,0,0,0,0,0,0,0,yes,0,0,0,0,0,0,0,0,0,0,0,0,0,0,0,0,11,6,56.5,3.4,12,9,46.3,4.2,7,7,51.9,4.8,12,6,46.3,4.6,6,4,48.9,4.7,9,6,50.4,4.3,0.07455,0.31,0.0426,0.18,2.1988761745094143,-2.6056420738914996,-1.6127652360983091,7.568455237304021,7.256070256728585,2.015296407955966,-2.6011284929236154,-1.6292458421447116,7.603736260312297,5.938616763319171,2.539234423867037,7.94,3.1108994697481576,5.56,3.687350486077106,6.36,2.008965091406383,8.09,4.131882763966012,6.71,3.711744670219936,9.52,13,0,68,32,0,330
R968716,completed,hmp_full,35,Woman,more_than_one,No,no,below_median,college_graduate,NA,10,1,0,1,1,1,1,NA,NA,NA,0,1,1,NA,NA,NA,no,0,0,0,NA,0,1,0,0,NA,NA,NA,NA,NA,NA,NA,NA,9,8,41.1,6,NA,NA,NA,NA,12,11,51.9,6.1,NA,NA,NA,NA,NA,NA,NA,NA,NA,NA,NA,NA,NA,NA,NA,NA,NA,NA,NA,NA,NA,NA,NA,NA,NA,NA,7.627287571508937,12.8,NA,NA,0.2631226748648663,4.15,NA,NA,NA,NA,NA,NA,5,7,0,3,0,0
R976111,completed,hmp_full,52,Woman,White,Yes,no,above_median,not_college_graduate,NA,6,1,0,1,1,1,1,0,0,0,0,0,0,0,0,0,no,0,0,0,0,0,0,0,0,0,0,0,0,0,0,0,0,3,0,54.3,8.1,3,0,46.3,7.4,4,0,46.3,7.9,3,0,53.2,7.4,2,0,54.3,7.8,2,0,46.3,7.88,0.09584999999999999,0.74,0.05325,0.06,3.0213730220432673,-3.599846588943582,5.319365601929622,7.08320414456978,-2.2526228474478187,3.459586128250537,-3.772960914551203,5.170737725538583,5.267770616843283,1.8889335861109777,0.9337842759536612,9.32,0.656154560637289,12.73,2.8548880976869,9.63,0.4837194047620273,11.11,0.3583945408122736,9.22,0.1790617479458445,14.09,18,42,8,24,135,0
R551615,completed,hmp_active,32,Woman,White,Yes,no,above_median,college_graduate,NA,19,1,1,1,1,1,1,0,0,0,0,0,0,0,0,0,no,1,1,0,0,0,1,0,1,1,0,1,0,0,0,0,0,16,13,59.4,5.9,15,17,59.4,5.7,15,13,67.6,6.4,13,8,50.4,5.8,15,8,64.5,6.7,16,12,57.9,6.8,11.42745,1.4,4.26,0.94,3.0243111569462315,1.0421004559059148,2.7461371803409023,4.38011620169112,6.853543068782258,3.099316230344665,-3.7388008752216337,2.7227497053083773,4.175273036931751,4.311594869465713,0.7050369421697372,4.85,1.7932154976127292,8.95,2.3378939110565242,4.98,2.3223993710637227,8.46,4.435727147749454,14.57,2.4242449741723147,4.36,5,0,0,0,0,0
R968038,completed,hmp_active,26,Woman,Black,No,no,below_median,college_graduate,NA,7,1,0,1,0,1,1,NA,NA,NA,1,1,1,NA,NA,NA,no,0,NA,0,0,1,0,0,0,NA,NA,NA,NA,NA,NA,NA,NA,10,8,55.6,7.3,6,8,53.2,6.9,NA,NA,NA,NA,NA,NA,NA,NA,NA,NA,NA,NA,NA,NA,NA,NA,NA,NA,NA,NA,NA,NA,NA,NA,NA,NA,NA,NA,NA,NA,NA,NA,NA,NA,NA,NA,NA,NA,NA,NA,NA,NA,3,0,0,0,0,0
R878866,completed,hmp_active,36,Man,White,Yes,no,below_median,not_college_graduate,NA,7,1,0,1,0,1,1,0,0,0,0,0,0,0,0,0,no,0,0,0,0,0,0,0,0,0,0,0,0,0,0,0,0,4,3,41.1,8.7,2,1,41.1,9.1,0,0,29.1,9,0,0,38.4,9.2,0,0,26.3,9.1,0,0,32.2,9,0.5005499999999999,0.38,0.58575,0.61,3.0236339324618497,0.9732706444566803,-2.587289178779289,7.012319166402488,1.987421799724094,2.8130926174233073,-3.214382146330667,-2.1749345182288065,7.071641346329471,2.115524922919585,3.138532737019961,6.04,NA,NA,NA,NA,NA,NA,NA,NA,0.2449728169074454,11.7,10,0,0,0,0,0
R256080,completed,hmp_active,29,Woman,White,Yes,no,below_median,college_graduate,NA,8,1,0,1,1,1,1,0,0,0,0,0,0,0,0,0,yes,0,0,0,0,0,0,0,0,0,0,0,0,0,0,0,0,8,7,63,5.3,10,6,62,4.9,10,6,62,5.9,11,6,61.2,5.4,10,5,64.9,6,5,6,59.6,5.2,0.852,0.15,2.9713499999999997,0.02,2.8302584734427234,-0.7525798127541354,-2.3439167250512907,4.800490455269848,3.3763950515561207,2.9583070313270805,-3.566776055187778,-2.4404264677745053,4.7102749898180205,2.746959338066249,6.471567273396209,10.14,5.64506947422738,7.69,0.1690920239674181,10.4,0.2238478067738363,7.21,6.225277959651081,9.22,4.768837985839041,7.54,18,0,0,2,0,0
R346295,completed,uc,34,Woman,Asian,No,no,above_median,college_graduate,NA,5,0,0,0,1,1,1,0,0,0,0,NA,0,0,0,0,no,0,0,0,0,0,0,0,0,0,0,0,1,0,0,0,0,6,5,51.8,6.5,5,3,54.3,7,2,4,52.7,7.4,5,5,51.8,7.3,3,4,52.7,7.7,3,0,58.4,8.1,0.37274999999999997,0.54,2.6837999999999997,0.29,2.8635101713243145,1.8061356031971685,-1.8302587688243341,2.8044702194053017,2.680600737692516,2.8712330765843013,4.835603196515358,-1.6591262916805805,5.758454110733964,2.65836182185573,1.946458634757881,1.48,4.59091871286675,8.03,3.437956048318557,2.61,2.5728412068359487,6.29,4.820596334572067,10.59,0.7008557453941964,7.33,NA,NA,NA,NA,NA,NA
R108341,completed,uc,37,Woman,White,Yes,no,above_median,college_graduate,NA,17,1,1,1,1,1,1,0,1,1,0,1,1,0,1,1,yes,0,0,0,0,0,0,0,0,0,0,0,0,0,0,0,0,18,14,68.9,3.2,22,13,73,3.3,18,15,65.3,2.4,8,4.67,50.4,5.1,19,6,53.3,2,4,2,50.4,6.1,9.210566447999998,2.21914,2.6675029439999993,1.1555499999999999,2.957131387884559,2.4145242415278223,-2.8766194475041926,-2.8766194475041926,3.2259391471093766,3.2584047934720113,2.4904762229673545,-2.7545310662030746,5.728691605642009,5.032435936411797,3.3982680842878232,8.59,2.369509052845048,7.2,5.022835865946192,12.5,0.4330140191417327,5.45,6.696360171629847,12.03,0.7579858515898354,12.43,NA,NA,NA,NA,NA,NA
R811191,completed,hmp_full,30,Woman,White,Yes,no,below_median,not_college_graduate,NA,12,1,0,1,1,1,1,0,0,0,0,0,0,0,0,0,no,0,0,0,0,0,0,0,0,0,0,0,0,0,0,0,0,14,13,65.3,5,7,7,61.9,2.7,8,7,56.5,6.67,7,12,65.9,4.1,9,21,56.5,5.1,8,9.33,77.8,3.4,0.213,0.595,0.4473,0.515,3.0753586471823002,6.167083441926223,-2.066859934721947,4.222855636187051,6.70977016370577,2.4271041203402635,6.337417925760218,-1.8204563638336966,5.13322784703684,0.12545378522161688,2.549341983130108,8.49,NA,NA,0.4711475228098282,10.84,NA,NA,NA,NA,NA,NA,9,7,46,1,0,0
R507149,completed,hmp_full,18,Woman,White,No,yes,above_median,not_college_graduate,NA,22,1,1,1,1,1,1,NA,NA,NA,0,0,0,NA,NA,NA,no,1,0,0,0,0,1,0,0,NA,NA,NA,NA,NA,NA,NA,NA,16,12,65.3,5.1,15,16,64.5,5.1,NA,NA,NA,NA,4,5,59.4,6,NA,NA,NA,NA,NA,NA,NA,NA,NA,NA,NA,NA,NA,NA,NA,NA,NA,NA,NA,NA,NA,NA,0.928417202058791,9.66,5.082778432353561,9.95,NA,NA,5.920385392726687,9.45,NA,NA,NA,NA,11,22,45,5,10,25
R918597,completed,hmp_active,30,Woman,White,Yes,no,above_median,college_graduate,NA,15,1,1,1,1,1,1,0,0,0,0,0,0,0,0,0,yes,0,0,0,0,0,0,0,0,0,0,0,0,0,1,1,0,14,0,43.2,5.2,13,3,41.1,5.3,7,3,37.6,5.7,6,4,34.5,6.6,6,4,41.1,6.4,12,3,55.6,6.8,3.50385,0.95,2.343,0.86,3.0452134650432,-2.8098111447447485,-2.351172602854539,7.177548770322694,2.8691832222237856,2.507710208306573,-2.094268544449942,-1.9150411445637228,8.171559318230262,4.821925813438133,4.7914785884462185,4.88,0.9943569077983072,12.93,3.717878938473533,3.68,3.483463459638356,13.07,2.800361270066888,8.94,2.449266471402628,11.27,17,0,0,0,0,0
R612372,completed,hmp_full,48,Man,White,Yes,no,above_median,not_college_graduate,NA,7,1,1,1,1,1,1,0,1,0,0,0,1,0,1,0,no,0,0,0,0,0,0,0,0,0,0,0,0,0,1,0,0,15,16,63,1.7,12,19,71.8,1.9,8,14,52,2.3,13,16,63,1.7,9,12,61.2,1.9,15,20,70.9,1.1,6.1663499999999996,1.43,6.666899999999999,1.57,1.8891400906251665,-3.0385990368983107,-1.7889230424688316,7.1921299434326516,1.2555993952545912,1.81639076379938,1.2736408424587102,-1.8746899798415395,6.826656423197623,3.6183714634990087,2.892675541922711,5.63,6.03758644940832,8.7,2.339409821771623,8,5.3133011907111065,8.24,4.430805592194445,5.36,3.1369894347011056,8.72,13,7,20,2,0,10
R746742,completed,hmp_full,39,Woman,White,Yes,no,below_median,not_college_graduate,NA,14,1,1,1,1,1,1,1,1,1,1,1,1,1,1,1,no,0,0,0,1,0,0,0,0,0,0,0,1,0,0,1,0,18,15,64.1,5.2,18,18,67.7,5.1,19,14,65.9,5.2,19,18,73.4,5.8,15,19,80.3,6.9,14,10,61.2,6.9,11.27835,2.33,6.123749999999999,3.47,2.4949760941881403,3.9553830501423066,-2.0406468178068873,-2.0406468178068873,1.2551900481974416,3.041070301121897,4.542289916532341,-2.114660256288684,-2.114660256288684,3.7113398510917657,0.25328470570469,9.47,3.4582168761743004,8.03,4.539912873808511,8.37,3.40986888297336,11.3,4.864163811858311,7.74,2.2775127866142606,12.63,8,7,38,1,0,5
R386743,completed,hmp_active,51,Woman,White,Yes,no,below_median,college_graduate,NA,5,1,1,1,1,1,1,1,0,0,1,0,0,1,0,0,no,0,0,0,0,0,0,0,0,0,0,0,0,0,0,0,0,11,4,62.8,4.5,10,3,62.6,4,17,4,61.2,3.1,17,3,55.8,3.1,16,5,61,2.6,15,11,59.9,3.4,21.299999999999997,0.5,21.299999999999997,0.99,3.372943871163395,-3.820338963958091,4.380408224550747,5.9135140505576045,6.065047941678309,2.978342010188427,-0.5768919210897234,4.7199952361450555,7.373894809663084,7.506611466536195,3.3539546907096165,16.98,5.690491176563109,15.15,3.324623509270868,8.9,8.333038771888814,8.7,4.69793084952415,8.44,3.687703996992463,14.04,10,0,0,0,0,0
R739814,completed,hmp_active,38,Woman,White,Yes,no,above_median,college_graduate,NA,5,1,0,1,0,1,1,NA,NA,NA,0,0,0,NA,NA,NA,no,1,0,0,0,0,0,0,0,0,0,0,0,0,0,1,0,4,7,46.3,6.8,5,5,54.9,5.9,NA,NA,NA,NA,NA,NA,NA,NA,NA,NA,NA,NA,NA,NA,NA,NA,0.77745,0.41,0.4366499999999999,0.29,2.880718929002125,-3.1144077903628142,-2.255308693086308,7.740803618555642,7.20913111432453,2.850294683920002,-3.306293416155104,-2.4257219623557416,7.634897535900682,6.919411505961972,1.672509435461085,8.28,5.560977399209417,11.32,NA,NA,NA,NA,NA,NA,NA,NA,2,0,0,0,0,0
R244381,completed,hmp_full,31,Woman,White,Yes,no,below_median,college_graduate,NA,14,1,0,1,1,1,1,0,0,0,0,0,0,0,0,0,no,0,0,0,0,0,0,0,0,0,0,0,0,0,0,0,0,16,14,54.3,6.4,9,14,46.3,7.2,8,10,46.3,7,6,6,36.3,7.1,5,9,48.9,7.6,3,3,41.4,8.2,1.03305,0.385,3.2588999999999997,0.445,2.7311981634263325,-2.2092385552269636,-1.9213870757072389,7.4586116791095005,2.2217476506842937,2.6586468326032486,-2.2332429215309713,-1.7133837278065238,7.801717048156191,-1.7133837278065238,2.0685763629223826,9.93,0.30760404739394,5.26,3.3625351372416734,7.77,1.6459544266531665,9.86,0.54102862308023,1.6,0.1618015902226154,1.78,22,10,88,0,0,0
R156849,completed,uc,56,Woman,White,Yes,no,below_median,college_graduate,NA,10,1,0,1,1,1,1,1,1,0,1,1,0,1,1,1,yes,0,0,1,0,0,0,0,0,0,0,1,0,0,0,0,1,12,4,58.7,4.8,7,2,58.7,7.8,6,1,58.7,6.5,11,2,64.1,5.7,8,1,57.1,6,14,0,67.7,5.9,3.9192,0.455,2.99265,0.345,3.1655800497626205,-3.917366984789542,3.457297560914194,3.8761962965642196,7.095825369851689,2.6442406834079426,-4.103354752579295,2.5284603625913284,6.634795366394402,8.243104446139993,4.225706914042919,10.62,0.3129050642415909,9.49,2.934804615171567,7.78,0.91960913629339,12.35,1.3119232748232863,3.28,2.3652196514241157,9.02,NA,NA,NA,NA,NA,NA
R256312,completed,hmp_active,40,Woman,White,Yes,no,below_median,not_college_graduate,NA,8,0,1,1,1,1,1,NA,NA,NA,1,1,0,NA,NA,NA,no,0,1,1,1,1,0,1,1,0,0,0,1,0,0,1,0,7,6,55.8,5.4,NA,NA,NA,NA,14,8,63,4.9,NA,NA,NA,NA,NA,NA,NA,NA,NA,NA,NA,NA,3.195,3.41,3.5784,2.37,1.6910476415418676,-1.4691827887950888,-1.1398008646425057,-1.1398008646425057,-1.1398008646425057,2.475440699578379,5.1495339658789305,-1.7569794848709872,-1.7569794848709872,-1.7569794848709872,5.247771277453032,7.69,NA,NA,NA,NA,NA,NA,NA,NA,NA,NA,5,0,0,1,0,0
R445209,completed,uc,38,Woman,White,Yes,no,above_median,college_graduate,NA,5,1,1,1,1,1,1,0,1,0,1,1,0,1,1,0,no,0,0,0,0,0,0,0,0,0,0,0,0,0,0,0,0,6,7,57.4,7.9,10,12,60.6,7.5,9,11,61.2,8.2,11,11,60.6,8.4,10,11,57.9,8.3,7,6,55.8,8.4,0.1704,0.13,0.26625,0.05,3.1543841023957326,-3.8058863093882795,-2.571442369247924,5.4622160586382265,6.322404848422359,3.3859208924603976,-4.315717758424186,1.26921887237617,6.333921387742702,5.788129749597596,4.726684567894228,6.29,3.996141830275786,12.12,0.2070776932999745,3.76,0.2066901023764145,5.22,5.869239466582332,6.32,7.996293784076845,5.22,NA,NA,NA,NA,NA,NA
R712275,completed,hmp_active,24,Woman,White,Yes,no,below_median,not_college_graduate,NA,13,1,0,1,1,1,1,1,0,1,1,0,0,1,0,1,no,0,0,0,0,0,0,0,0,1,0,0,0,0,0,0,0,9,8,54.3,5.3,9,11,52.7,4.5,9,10,52.7,6.5,8,10,51.8,5.3,10,11,55.8,5.2,12,16,52.7,4.3,0.7855866,NA,0.87869316,0.56507,3.041203449002094,-2.9000681270339976,-1.9586738654604785,5.380214268378401,6.5425931754055,3.2105173566103065,1.8090896469027995,-2.127069714957629,5.34770246744024,6.110674088933303,5.860255098113233,8.76,0.2360146107755245,7.86,1.67450345389725,9.59,1.495093335638961,12.93,5.281800432293213,6.72,1.6429019894944263,8.76,13,0,0,4,0,0
R350156,completed,hmp_full,60,Woman,White,Yes,no,below_median,college_graduate,NA,8,1,0,1,1,1,1,0,0,0,0,0,0,0,0,0,no,0,0,0,0,0,0,0,0,0,0,0,0,0,0,0,0,9,4,50.4,5.8,10,12,48.7,5.8,6,8,50.4,3.8,7,7,50.4,4.7,8,8,53.5,5.8,9,6,59.5,6.4,0.4473,0.09,0.3408,0.16,2.821564581047319,-3.069023399073362,0.6530069024771583,6.527750349875134,-2.0550432986250518,2.8458453627732565,2.4879842985320866,-1.761885606064665,6.730809953751172,-1.761885606064665,NA,NA,0.623827779848139,11.67,2.169686317634336,11.86,0.5560052323165601,7.84,1.783530823032168,9.09,3.22093242044281,6.34,18,7,85,54,75,590
R489579,completed,hmp_full,55,Man,White,Yes,no,above_median,college_graduate,NA,7,1,0,1,0,1,1,0,1,1,0,1,0,0,1,1,no,1,0,0,0,0,0,0,0,0,0,0,0,0,1,1,1,7,6,60.2,5.1,8,9,58,5.5,7,9,57.9,6,7,8,58,6.9,5,8,52.6,6.8,10,5,55.8,6.1,0.41535,0.09,0.35145,0.2,2.744599439295084,-1.9542881670114287,-1.582606073291039,7.177219522023256,3.7597281786737717,2.581653614740645,-1.9812713068212604,-1.408404865224402,7.953711941717574,4.3184428823627945,0.193147699790089,4.48,4.977080116202492,13.48,3.2564570880177417,14.63,1.1284392228073028,9.66,3.5081251003354548,9.58,4.781256517200334,12.07,14,10,33,1,0,0
R810362,completed,uc,57,Woman,White,Yes,no,below_median,college_graduate,NA,16,1,1,1,1,1,1,1,1,1,1,0,1,0,0,1,no,0,0,1,1,0,0,0,1,1,0,1,0,0,0,0,1,16,12,65.3,4.67,20,17,67.4,3.9,21,15,70.2,3.7,17,11,70.2,5,18,9,66.9,4.8,14,7,59.4,4.8,1.7465999999999997,1.09,2.9713499999999997,0.5,2.456261369612799,1.0411018672380385,4.089453545417696,-1.6943716369120412,3.2109031415263884,2.503961540724051,2.76483453074617,2.9458975303754293,-1.849893015221312,0.8581571858808981,4.219594572377066,13.89,5.291978710228203,5.49,1.5199690625939262,8.87,2.747957709255957,10,4.00044823205333,11.11,2.110821923786044,3.02,NA,NA,NA,NA,NA,NA
R479643,completed,hmp_active,33,Woman,White,Yes,no,above_median,not_college_graduate,NA,19,1,1,1,1,1,1,0,0,0,0,0,0,0,0,0,no,0,0,0,0,0,0,0,0,0,0,0,0,0,0,0,0,20,19,68.4,2.9,17,13,68.9,2.5,11,7,54.3,3.3,20,8,60.7,3.2,15,9,63,3.2,12,7,50.4,4.9,0.6389999999999999,0.485,1.1502000000000001,0.45,2.961604111470724,-2.447195340602944,5.551113589550095,7.389732670592158,1.3477196716403657,3.0392929841948324,2.6225552156268535,6.050663145502701,6.593514604902419,1.4786161712388377,4.953195956345131,23.4,2.834035523421752,5.13,2.0054967201841296,2.5,2.893106045137913,4.26,4.705456859967359,15,2.8378037358958195,8.9,12,0,0,0,0,0
R431865,completed,hmp_active,40,Man,Asian,No,no,above_median,college_graduate,NA,14,1,1,1,1,1,1,NA,NA,NA,0,0,0,NA,NA,NA,no,0,0,0,0,0,0,0,0,NA,NA,NA,NA,NA,NA,NA,NA,15,11,64.1,3.5,15,14,68.6,4.8,NA,NA,NA,NA,NA,NA,NA,NA,NA,NA,NA,NA,NA,NA,NA,NA,NA,NA,NA,NA,NA,NA,NA,NA,NA,NA,NA,NA,NA,NA,4.986334169767681,11.29,NA,NA,NA,NA,NA,NA,NA,NA,NA,NA,2,0,0,0,0,0
R185332,completed,hmp_active,21,Woman,Black,No,yes,below_median,not_college_graduate,NA,17,1,1,1,1,1,1,1,1,1,1,1,1,1,1,1,no,0,0,0,0,0,0,0,0,0,0,0,0,0,1,0,0,15,14,53.2,6.3,13,16,55.8,4.8,8,7,44.4,6,8,7,55.8,7.5,7,7,55.3,8,4,5,48.9,8,4.26,1.34,10.83105,1.495,2.724990792519101,-2.4297529096908295,0.5157234956964117,7.217820352520156,4.945216667609217,2.4316968757434103,-2.1626659270340323,-1.4847346014811889,8.556556455202134,-1.4847346014811889,5.088478741306576,8.8,3.225942060949313,3.26,NA,NA,6.6908722950922055,12.11,5.816955435181039,6.38,7.621950498544555,11,13,0,0,0,0,0
R797732,completed,hmp_full,26,NA,more_than_one,No,no,below_median,college_graduate,NA,23,1,1,1,1,1,1,0,0,0,0,0,0,0,0,0,no,0,0,0,0,0,0,0,0,1,0,0,0,0,0,0,0,19,13,51.4,4.3,21,7,55.6,5.8,16,12,55.6,5.6,17,10,55.6,5.9,18,9,54.3,5.1,11,8,52,6.2,0.4899,0.065,0.94785,NA,3.2139990580721065,0.7717861765849845,1.622393268243302,6.707321980956169,6.770560713177347,3.0404188877109237,0.14308037791987438,1.790669642396597,7.417982383776623,7.165374693503431,6.755898832630767,12,5.387866858559338,8.13,7.8682516191761405,10.96,2.386970275553961,8.76,0.2226944265368481,3.33,7.349905726115324,7.63,6,5,25,0,0,0
R974135,completed,hmp_active,35,Man,White,Yes,no,below_median,not_college_graduate,NA,6,1,1,1,1,1,1,1,0,0,0,0,0,0,0,0,yes,0,0,0,0,0,0,0,0,0,0,0,0,0,0,0,0,10,5,63,1.5,NA,NA,NA,NA,NA,NA,NA,NA,7,9,61.3,5.2,8,11,62,6.1,5,5,62,4.8,NA,NA,3.3937341119999997,NA,3.1936282337359807,-2.9792790759943535,-2.479104888895071,4.989978996026164,6.5109628068585845,3.0265301900214405,0.7443249530657314,-2.267252628911006,3.3781942687322317,5.192662137330099,3.755326226916989,3.02,NA,NA,NA,NA,4.168377504604648,9.23,2.601065988366652,4.1,5.480809077694582,4.63,8,0,0,2,0,0
R897397,completed,hmp_full,45,Man,White,Yes,no,below_median,not_college_graduate,NA,12,1,1,1,1,1,1,0,0,0,0,0,0,1,0,0,no,0,0,0,1,0,0,0,0,0,0,0,0,0,1,0,0,12,11,57.9,3.4,11,9,63.7,3.7,11,9,62,4.3,11,10,62,4.8,11,7,62,5.4,9,8,63,6.6,7.5402,1.1600000000000001,5.346299999999999,1.2400000000000002,NA,NA,NA,NA,NA,NA,NA,NA,NA,NA,0.2941632280337809,7.73,3.3278149052964454,6.83,0.3588573774984226,1.74,0.7819412458864727,5.65,4.516904530320346,9.38,3.100849299325165,11.65,7,5,45,0,0,0
R910999,completed,hmp_active,27,Woman,White,Yes,no,below_median,college_graduate,NA,10,1,0,1,1,1,1,0,1,1,0,0,1,0,1,1,no,1,0,0,0,0,0,0,0,0,0,0,0,0,0,0,0,10,6,54.3,6.8,8,6,57.9,6,6,3,56.5,6.6,13,7,63,4.3,8,5,63,6.4,8,9,55.8,6.6,1.9596,NA,0.77745,0.035,2.688583309792206,-3.1448329866124154,-2.412472367095969,6.764000935368637,4.322119292876979,3.1568275050961767,-3.2511295284556967,-2.257058418738319,6.715405402321588,4.548664134678666,1.8435824813824608,11.98,0.8858047478552628,13.14,1.852406416642942,8.47,7.101765812198697,4.67,5.035798929141787,7.2,4.311518797035334,8.7,12,0,0,5,0,0
R127504,completed,hmp_active,26,Man,White,Yes,no,above_median,not_college_graduate,NA,20,1,1,1,1,1,1,0,0,0,0,0,0,0,0,0,no,0,0,1,0,0,0,0,0,1,0,1,1,0,0,0,0,18,17,58,1.7,8,9,64.1,3.3,7,7,54.3,3.7,13,11,58,3.4,13,9,59.4,3.2,15,10,56.5,3.1,7.8384,0.57,1.79985,0.6,2.3288121226146345,-2.91460462236123,-1.727174041821307,7.483866085269149,2.7154772146690096,2.329728907291777,-2.185852186866565,-1.3039660860611062,5.239945759503685,-1.3039660860611062,3.93299192880724,10.49,1.9541023754876343,11.81,5.36852867769828,12.15,3.777444326974951,8.81,4.160561817645257,11.11,1.2669491122395526,8.26,7,0,0,0,0,0
R333513,completed,hmp_active,51,Woman,White,Yes,no,above_median,college_graduate,NA,8,0,1,1,1,0,1,0,1,0,0,1,0,0,1,0,NA,0,0,1,1,0,0,0,0,0,0,0,0,0,0,0,0,9,11,38.2,3.8,5,7,38,6.1,7,11,33.2,5.7,7,14,32.7,5.9,7,7,30.7,6.5,7,7,37.3,5.5,0.051208607999999996,0.42712999999999995,0.054700104,0.21416999999999997,3.145942497493154,-4.782124999337508,-3.274763740010725,7.3006218200461745,6.778306934064892,3.015276941917675,0.76316717475469,-2.8881075745248403,7.345366944943496,6.913624069056901,6.105502920003005,15.79,6.589669273671453,9.68,0.7659960385188308,10.16,0.237579040233429,7.74,0.3994631934343263,13.58,2.296853930985715,13.04,18,0,0,0,0,0
R636295,completed,hmp_full,30,Woman,White,Yes,no,below_median,college_graduate,NA,9,1,0,1,1,1,1,0,0,0,0,0,0,0,0,0,no,0,0,0,0,0,0,0,0,0,0,0,0,0,0,0,0,8,9,59.4,6.3,12,16,63.3,6.3,11,13,65.5,7,11,14,61.8,7.2,11,11,60.7,6.8,12,9,61.2,6.3,0.6816,0.52,1.2353999999999998,0.43,2.053594915385997,-0.19793176888294406,-2.210642207782015,6.4596153593610595,-2.210642207782015,2.9693790559031306,-3.698437255596262,-2.621278565200172,6.077402502261443,2.599077259878153,1.338957294038571,9.35,2.2233510499724773,10.6,3.4371273176135397,10.39,1.3315098063850868,5.15,0.4153200539355018,4.83,3.963258245317822,6.98,15,25,0,9,25,0
R239999,completed,hmp_full,21,Man,more_than_one,No,yes,below_median,not_college_graduate,NA,16,1,1,1,1,1,1,1,1,1,1,1,0,1,1,1,no,0,0,0,0,0,0,0,0,0,0,0,0,0,0,0,0,14,21,59.8,5.7,6,6,57.6,5.8,6,15,60.6,4.6,13,11,54.8,5.9,6,4,56.5,6.3,11,8,58.4,6.6,0.5112,0.165,0.8946,0.45,2.5574594602853185,4.324738997601891,-1.6156698338587745,5.181153884416081,-1.6156698338587745,2.9907690548378407,-3.3427890404696834,-2.088236241293453,6.603750240495947,3.2150686667656228,4.072045996250703,5.62,3.0103545327967107,4.85,0.9441314738352564,2.82,1.6632899389757378,4.35,0.18937658659982,4.83,0.5823597343723109,9.15,22,25,70,11,25,15
R478849,completed,hmp_full,18,Woman,Black,No,no,below_median,not_college_graduate,NA,18,1,1,1,1,1,1,0,0,0,0,0,0,0,0,0,no,1,1,0,0,0,1,0,0,0,0,0,0,0,0,0,0,8,6,53.5,5,8,8,59.5,5.4,10,5,51.2,5.1,12,11,55.8,5,14,15,55.6,5.5,6,9,51.3,5.8,NA,NA,NA,NA,2.7226956800148248,-3.4210919707489773,-2.1510851642749484,5.672560766560004,0.5569650368272614,2.6984035427942352,0.4353465814980044,0.49222931671381565,5.937307487734013,-2.072720040747721,NA,NA,1.175810780831672,10.05,2.64081435600404,11.02,1.539297667808228,7.11,0.4349805626340792,10.27,NA,NA,6,42,8,0,0,0
R669570,completed,hmp_full,53,Woman,White,No,yes,below_median,not_college_graduate,NA,12,1,1,1,1,1,1,1,1,0,1,1,0,1,0,0,no,0,0,0,0,0,1,0,0,0,0,0,0,0,0,0,0,13,10,63,3.9,5,7,59.4,4.33,6,7,56.5,5.9,6,6,59.4,6.6,8,7,64.1,6.7,9,14,74.1,4.2,10.469832672,NA,4.92300936,0.9897799999999999,2.3842028869237937,-2.7077092782382204,-1.779687968963854,-1.779687968963854,3.140292956864271,2.3625638207951822,-2.2402792608424584,-1.2593949013983639,6.769060262715887,-1.2593949013983639,1.3461280116967165,8.92,2.724338739648508,6.88,2.6335224909945927,6.04,0.2554716783719072,9.29,5.0058779439413215,8.04,0.5584287534690028,6.49,20,20,5,0,0,0
R908779,completed,hmp_active,50,Woman,White,Yes,no,below_median,college_graduate,NA,13,1,1,1,1,1,1,1,0,0,1,0,0,0,0,0,no,0,0,0,0,0,0,0,0,0,0,0,0,0,0,0,0,16,14,54.3,4.4,13,14,50.4,4.8,8,10,51.9,6.8,5,4,51.9,7.2,4,4,44.7,7.4,4,1,46.3,7.3,0.6070499999999999,0.13,0.1065,0.16,2.6858464185727176,0.626258271852616,3.246592041053729,7.572794213407549,5.506751289945545,2.684827112087976,-3.268528950813404,3.2441506129193476,7.495094249961069,8.285129525966171,5.022059719247564,12.83,2.752687056586587,12,3.172245510755923,10.5,0.4063870791331619,8.4,2.367265871536983,11.07,2.0248067553907307,6.29,5,0,0,20,0,0
R541116,completed,hmp_full,26,Other,more_than_one,No,no,below_median,not_college_graduate,NA,20,1,1,1,1,1,1,NA,NA,NA,0,1,0,NA,NA,NA,yes,0,0,0,0,0,0,0,0,NA,NA,NA,NA,NA,NA,NA,NA,17,10,64.8,3.3,18,13,47.8,4.8,10,8,47.9,4.8,11,12,47.4,4.4,NA,NA,NA,NA,NA,NA,NA,NA,NA,NA,NA,NA,NA,NA,NA,NA,NA,NA,NA,NA,NA,NA,2.206497360956348,10.09,3.0767022284517243,16.81,NA,NA,3.395966484094959,11.2,NA,NA,NA,NA,6,97,23,0,0,0
R928476,completed,hmp_full,53,Woman,Black,No,yes,below_median,college_graduate,NA,5,0,0,0,1,1,1,0,1,0,0,1,1,0,1,0,yes,1,0,0,0,0,0,0,0,0,0,0,0,0,0,0,0,8,10,52.7,5.3,14,12,55.6,5.11,NA,NA,NA,NA,13,8,56.5,4.2,5,7,43.6,5.1,7,5,56.5,7,7.1994,0.66,0.99045,0.645,3.2431865461539804,-3.5013442346203294,3.1305154118456047,4.293850570439715,2.457806898962934,2.968494852950385,1.6060505691566096,-2.6756877500200806,4.50133101588982,1.1744598516899782,0.7933671007359774,10.97,0.8878541795353001,14.51,NA,NA,NA,NA,2.516420806890197,5.26,5.221996744992122,12.62,11,15,10,10,0,25
R174204,completed,hmp_active,36,Woman,White,No,yes,below_median,not_college_graduate,NA,18,1,1,1,1,1,1,0,0,0,0,0,0,0,0,0,no,0,0,0,0,0,0,0,1,0,0,0,1,0,0,0,0,12,14,59.4,4.5,10,14,57.1,4.5,6,5,46.3,6.6,4,4,46.3,7.5,5,2,46.3,7.9,3,3,54.3,7.4,1.01175,0.4,2.80095,0.81,3.1268660501494994,-4.059684027851413,-2.870160857369088,2.3393252954723334,4.302263719755757,2.8897342864811573,1.890104135131803,-2.705948358845441,4.149460439764487,1.1441992428646177,3.8756985358089446,10.14,5.812942078905911,12.05,2.083813643727221,10.83,2.54701854786561,11.65,6.167387846303949,10.92,3.4065528383718005,6.7,20,0,0,0,0,0
R501414,completed,uc,32,Man,White,Yes,no,below_median,not_college_graduate,NA,10,1,0,1,1,1,1,0,0,0,1,0,0,0,0,0,no,0,0,0,0,0,0,0,0,0,0,0,0,0,0,0,0,9,3,44.2,2.4,5,9,41.1,2.2,8,7,46.3,2.8,10,5,46.3,2.1,7,9,44.7,2.2,7,7,44.2,3.2,2.1832499999999997,0.51,1.50165,0.61,2.4043035584580874,-3.0895867478424677,5.986475202288746,8.242592535124938,3.0753126747235076,2.7978742596107167,-3.3843689885849733,5.547231267987039,6.642655456186502,5.420723277718222,NA,NA,1.2580161574905109,9.8,NA,NA,2.621702927254682,0.63,0.18310548996933,16.67,2.2185787606179974,14.81,NA,NA,NA,NA,NA,NA
R915541,completed,hmp_full,39,Woman,White,Yes,no,below_median,not_college_graduate,NA,22,1,1,1,1,1,1,1,0,1,1,0,1,1,0,0,yes,1,1,1,0,0,1,0,0,0,0,0,0,0,0,0,0,19,10,59.4,4.4,12,8,50,5.4,12,8,51.8,5.9,10,9,50,5.3,6,3,52.7,5.4,3,2,32.7,7.2,2.7370499999999995,0.61,0.38339999999999996,0.58,2.5792726202764458,-3.347285305538855,4.06505346132746,-2.257511778599824,3.853955560902854,2.9479266652032865,-3.037229812087568,4.118562661567928,-2.3382069940042345,3.1298531471308966,2.793502512411733,3.41,3.859099994103106,5.53,6.884413915262972,11.11,2.5135268566174727,12.38,4.612493294883849,1.27,6.422839344965965,4.1,18,65,135,1,0,5
R634938,completed,hmp_active,59,Woman,White,No,yes,below_median,college_graduate,NA,9,1,1,1,1,1,1,1,0,1,1,0,1,1,0,1,yes,1,0,1,0,0,0,0,0,0,0,1,0,0,0,0,0,10,15,59.4,7.3,7,14,50.4,7.6,7,9,47.4,7.2,6,7,47.4,7.7,5,6,46.3,8,3,9,48.9,8.4,4.0454800319999995,0.8566799999999999,4.509849,0.39567,1.9747047190047096,-2.5336421002929033,-1.2349997545928504,3.941149977980978,3.4563481276362933,2.66753019533391,4.045316086558232,-2.319327459689901,2.810571255233172,3.50075547066246,3.3948847069384565,14.21,1.4545274745394148,7.86,5.3802620919172535,9.76,4.04545307868498,8.06,3.647844787969861,10.83,3.96066877275932,7.24,27,0,0,83,0,0
R416254,completed,hmp_full,29,Woman,White,Yes,no,below_median,college_graduate,NA,9,1,1,1,1,1,1,1,0,0,0,0,0,1,0,0,no,0,0,0,0,0,0,0,0,0,0,0,0,0,0,0,0,7,7,44.2,4.7,11,5,53.3,3.56,10,8,54.3,4.1,11,7,55.8,2.8,12,10,54.3,3.3,10,11,63,2.7,2.31105,0.675,1.0436999999999999,0.37,2.306912029984993,-1.667926740599078,-0.9747932335484675,5.554625604713758,-0.9747932335484675,2.746488362788931,1.7418610099157863,-1.7335262606747204,5.611838579742148,5.533999167153452,2.980029234436868,10.91,6.640755117493392,5.66,2.372579385039642,8.57,0.294838835543479,7.94,0.1915826250544927,5.45,0.4003017374832854,7.32,17,7,25,1,0,0
R611085,completed,uc,61,Woman,White,Yes,no,above_median,college_graduate,NA,26,1,1,1,1,1,1,0,0,0,0,0,0,0,0,0,yes,0,0,0,0,0,0,0,0,0,0,0,0,0,0,0,0,17,20,78.1,5.44,16,16,71.9,4,16,15,74.9,4.5,16,13,75,4.6,14,16,78.9,4.5,16,14,80.5,4.3,0.71355,0.175,0.7880999999999999,0.65,2.3217104757218454,-3.3408530062070514,-2.5393970773773344,8.554445983525545,9.221723511453884,2.4524440899597866,2.454387005793511,-2.648858411554027,7.9613586625153125,4.857183766964095,1.0130075944918835,10.37,0.7193703418372582,6.03,NA,NA,1.7933231445865363,8.77,3.306317420371462,9.4,NA,NA,NA,NA,NA,NA,NA,NA
R447198,completed,hmp_active,29,NA,White,Yes,no,below_median,college_graduate,NA,16,1,1,1,1,1,1,1,1,0,1,1,0,1,1,0,no,0,0,0,NA,0,0,0,0,0,0,0,0,0,0,0,0,17,10,44.7,3.4,9,10,42.7,4.4,NA,NA,NA,NA,8,10,42.7,4.4,9,8,46.8,4.2,8,9,57.6,4.9,NA,NA,NA,NA,NA,NA,NA,NA,NA,NA,NA,NA,NA,NA,2.321887313816898,6.94,NA,NA,NA,NA,4.953626055144868,7.6,4.661243951118954,13.77,2.2474170093085872,5.98,14,0,0,2,0,0
R436623,completed,hmp_full,25,Woman,White,Yes,no,below_median,college_graduate,NA,10,1,0,1,0,1,1,NA,NA,NA,0,1,1,NA,NA,NA,yes,0,0,1,1,0,0,0,0,NA,NA,NA,NA,NA,NA,NA,NA,9,6,57.6,7.3,NA,NA,NA,NA,NA,NA,NA,NA,NA,NA,NA,NA,NA,NA,NA,NA,NA,NA,NA,NA,NA,NA,NA,NA,NA,NA,NA,NA,NA,NA,NA,NA,NA,NA,3.761869468871729,10.63,NA,NA,NA,NA,NA,NA,NA,NA,NA,NA,3,7,0,0,0,0
R339201,completed,hmp_full,43,Woman,White,No,yes,below_median,college_graduate,NA,12,0,0,0,0,0,0,1,0,1,0,1,1,1,0,1,yes,1,0,0,1,0,0,0,1,0,0,0,0,0,0,0,0,13,14,63.9,4.9,2,9,53.2,6,4,5,46.3,6.7,5,6,55.8,7,4,4,51.3,7.8,3,3,48.9,6,0.852,NA,1.01175,1.02,2.6977328159183225,-2.7381879894520558,-1.9349408419442229,7.308931013240753,3.659770537657616,2.7010027881003773,-3.423296102084944,-2.30738964547101,6.457132264047791,3.8931195285716793,3.5872402421112053,11.3,0.7008879688302228,12.36,3.7005303151002336,10.41,3.357476312912804,11.93,0.20375982832149,9.6,4.367921236756495,15.15,16,10,43,8,0,30
R304590,completed,hmp_active,30,Woman,White,Yes,no,above_median,college_graduate,NA,5,1,0,1,0,1,1,0,0,1,0,0,1,0,0,1,no,1,0,1,1,0,0,0,0,0,0,0,1,0,0,0,0,10,19,55.8,8,6,7,46.3,8.4,7,11,47.9,8.4,NA,NA,NA,NA,7,8,46.3,8.3,6,6,46.3,8,0.38339999999999996,0.21500000000000002,0.36210000000000003,0.29,3.2795544878436913,0.5698513933433125,5.316108840666002,-2.8543597376646717,4.023966730626654,3.0449031825785604,-4.133713830306375,3.8316140966048295,1.9705004842095932,1.885703947549516,2.0086650101164736,10.7,0.918926872745482,1.64,4.788650514542072,8.9,NA,NA,4.543590177043082,9.45,1.92966894606466,6.36,5,0,0,5,0,0
R499713,completed,hmp_active,51,Woman,White,Yes,no,below_median,not_college_graduate,NA,22,1,1,1,1,1,1,0,1,1,0,1,1,0,1,1,no,0,0,0,0,0,0,0,0,0,0,1,0,0,0,0,0,21,8,69,0.8,19,11,65.3,0.9,17,13,56.5,2.1,16,8,59,0.6,16,9,54.3,1.1,19,11,55.8,1.4,4.26,1.39,2.1087,0.84,3.142749874586403,-3.7215315835662053,-2.4315162348420682,3.800931781708454,4.566993407408533,3.1852689147087836,0.20545872395472786,-2.512677970142096,3.589880624471473,3.7039281309427685,0.7040226085915744,6.25,1.6812500776193773,5.88,3.877754576245339,7.64,NA,NA,NA,NA,3.000975586615673,8.92,0,0,0,0,0,0
R621694,completed,uc,31,Woman,Black,No,no,below_median,not_college_graduate,NA,15,1,1,1,1,1,1,0,0,0,0,0,0,NA,NA,NA,no,0,0,0,1,0,0,0,0,0,0,0,0,0,0,1,0,13,12,61.9,4.3,12,9,63,4.2,8,8,52.7,4.8,19,12,64.1,3.4,11,10,NA,4.6,9,6,55.8,5.5,3.8659499999999998,0.43,7.3485,1.34,2.977469872458203,0.6384174618204934,-2.437628482572458,7.5000189216103745,6.270680813319229,2.9751810026774836,-2.8612246171992464,-2.0826143625045166,7.5829332094746444,7.534190617912914,6.427970229659952,10.24,4.466164630548134,10.79,0.4883707181139555,6.9,7.443896969268797,14.85,NA,NA,4.465929795829146,10.34,NA,NA,NA,NA,NA,NA
R747819,completed,hmp_active,30,Woman,White,Yes,no,below_median,college_graduate,NA,10,1,1,1,1,1,1,0,0,0,1,0,0,1,0,0,yes,1,0,0,0,0,0,0,0,NA,NA,NA,NA,NA,NA,NA,NA,13,6,63.4,4.57,8,9,63.4,4.6,6,5,59.4,5,7,7,64.1,5,8,5,63.4,5.9,5,5,52.7,7.2,NA,NA,NA,NA,NA,NA,NA,NA,NA,NA,NA,NA,NA,NA,0.2541809600045655,10,1.8642125773682137,8.59,NA,NA,4.038729757376858,8.86,0.2886470240065781,4.5,3.6448707657963273,8.06,8,0,0,1,0,0
R767170,completed,hmp_active,63,Man,Black,No,no,above_median,college_graduate,NA,9,1,0,1,0,1,1,0,0,0,0,1,0,0,0,1,no,0,0,0,0,0,0,0,0,0,0,0,0,0,0,0,0,7,1,62.6,8,7,6,64.6,8.1,4,6,59.4,7.5,6,6,59.4,7.4,7,7,59.4,7.7,5,5,59.4,7.5,0.6176999999999999,0.20500000000000002,12.87585,0.05,2.301303768641941,1.735339876812044,4.037324606507874,7.903668054723667,3.4051016133964405,2.274448258807419,1.0438504035795142,4.104484567548539,7.67416916551124,-2.3709481491555513,1.6605607386957064,9.09,3.608765278080342,12.9,NA,NA,NA,NA,1.718551969922062,12.8,2.1868775651741057,8.51,18,0,0,20,0,0
R692195,completed,hmp_active,45,Woman,White,Yes,no,above_median,not_college_graduate,NA,5,1,1,1,1,1,1,0,0,0,0,0,0,0,0,0,no,0,0,1,0,0,0,0,0,1,0,1,0,0,0,0,0,11,5,64.1,7.9,7,2,63,6.6,7,4,52.7,7.7,5,4,46.3,7.5,5,5,52.7,7.9,3,4,51.9,8,2.8435499999999996,0.47,2.99265,0.05,2.8418482218767873,1.10672835444079,-2.4025519300035025,7.3732726910424695,2.3423801983597476,2.4420214031656298,-3.023548218657335,-1.9045350091105169,7.8097876241496484,8.090300337884887,4.073735252115336,8.33,2.730805599739216,7.69,0.3250628566198054,2.16,2.612103606210283,7.1,2.162755409222904,4.52,3.4586603631385304,7.49,12,0,0,24,0,0
R502499,completed,hmp_active,48,Man,NA,No,yes,below_median,college_graduate,NA,9,0,1,1,1,0,1,0,0,0,0,0,0,0,0,0,no,1,0,0,0,0,1,0,0,0,0,0,0,0,0,0,0,0,1.17,56.5,8.9,NA,NA,NA,NA,NA,NA,NA,NA,NA,NA,NA,NA,2,7,61.8,6.5,0,0,44.2,10,1.4271,0.72,1.0863,1.3450000000000002,2.6743624419229195,2.000707247078779,-2.1436592114807014,8.193005887730127,-2.1436592114807014,2.9047832685472383,2.0567232819807773,-2.1670569743794084,7.00630816147188,-2.1670569743794084,0.1968437881030109,2.48,NA,NA,NA,NA,NA,NA,2.844520511454653,6.31,0.7543596909722353,4.14,10,0,0,7,0,0
R707352,completed,hmp_full,44,Woman,White,Yes,no,below_median,not_college_graduate,NA,9,1,1,1,1,1,1,1,1,0,1,1,1,1,1,1,dont_know,0,0,0,0,0,0,0,0,0,0,0,0,0,0,0,0,3,11,35.9,6.4,0,3,45.1,8.4,6,9.33,46.8,3.7,4,6,42.7,7.2,0,3,41.1,6.9,12,7,46.5,5.9,21.299999999999997,0.7350000000000001,6.6456,0.6950000000000001,2.8609521912432703,-2.170719624706853,-1.4868093698563372,5.866272550659096,-1.4868093698563372,2.8786485916418045,1.395960558602133,-2.280356026592338,4.849742483533239,-2.280356026592338,0.8451305817288727,11.43,0.1986188544172036,13.33,3.1977563947109844,18.1,1.8615872202625272,16.89,2.9617226748748338,12.96,5.601360998601488,22.99,10,0,48,0,0,0
R465075,completed,hmp_active,50,Woman,White,Yes,no,below_median,not_college_graduate,NA,14,1,1,1,1,0,1,0,0,0,0,0,0,0,0,0,no,0,0,0,0,0,0,0,0,0,0,0,0,0,0,0,0,11,14,72.6,5.6,10,16,65.5,6.6,9,11,63.4,6.8,10,10,72.4,7.3,11,7,66.5,8.5,6,6,55.8,6.4,3.4367958959999996,NA,2.020412352,0.67034,2.672521609867489,-4.235495776603833,5.116961263411789,7.067666713551272,6.085447253416591,3.0634314285892343,0.8453604498351379,4.5921575175442015,7.972569652459214,4.900603312816793,NA,NA,0.6993698976161283,8.7,0.4384344324617636,2.86,2.2972830407194347,9.7,1.8703464136607,6.22,4.683601165507071,8.19,23,0,0,63,0,0
R136541,completed,uc,52,Woman,NA,NA,no,below_median,college_graduate,NA,15,1,1,1,1,1,1,0,0,1,0,0,1,0,0,1,no,0,0,0,0,0,0,0,0,NA,NA,NA,NA,NA,NA,NA,NA,11,5,58.1,7.5,NA,NA,NA,NA,NA,NA,NA,NA,NA,NA,NA,NA,14,8,57.6,6.9,11,9,64.7,7.2,NA,NA,NA,NA,NA,NA,NA,NA,NA,NA,NA,NA,NA,NA,1.79264155634551,13.58,NA,NA,NA,NA,NA,NA,4.20232629474026,10.68,2.6621002845896418,8.7,NA,NA,NA,NA,NA,NA
R867860,completed,hmp_full,62,Woman,White,Yes,no,below_median,college_graduate,NA,13,1,0,1,1,1,1,1,0,0,1,0,0,1,0,0,no,0,0,0,0,0,0,0,0,0,0,0,0,0,1,1,0,12,14,65.7,5.1,11,12,66.2,5.1,11,13,64.9,4.9,11,14,62.1,5.1,6,8,61.2,5.8,8,10,65.5,5.9,0.13845,0.58,0.11714999999999999,1.13,2.1521316490479485,-2.5185781767152178,0.5499170547037175,8.335499399107881,-1.6473075226325018,2.6347444771774406,-3.044926626611381,-2.0531899940077705,8.391662086603182,0.89124898515867,3.784112663120269,13.43,3.822777851548204,11.93,0.4715872745939692,15.79,3.705625783206749,14,1.6989135671279902,5.15,3.671742136296072,11.89,22,110,513,1,0,0
R952497,completed,uc,33,Woman,White,Yes,no,below_median,not_college_graduate,NA,18,1,1,1,1,1,1,0,0,1,0,0,0,1,1,0,no,0,0,0,0,0,1,0,0,0,0,0,0,0,0,0,0,16,20,61.9,2.78,17,19,61.9,3.3,18,20,62,3.78,21,21,63,3.5,18,19,60.2,3.22,11,18,52.7,3.5,3.69555,0.76,4.65405,0.24,2.7577028479630012,-3.1333817613454324,-2.2868103322977893,7.567119261389995,2.8893394002760395,2.935649734868618,3.159833927659012,5.319475447043065,5.377944439719568,3.5793855271025885,4.701914635546863,9.2,1.7702254799752806,8.6,5.015273099155755,2.6,NA,NA,1.7831997314219226,5.33,3.988185843971379,12.59,NA,NA,NA,NA,NA,NA
R753347,completed,hmp_active,25,Woman,White,Yes,no,below_median,college_graduate,NA,20,1,0,1,0,1,1,0,0,0,0,0,0,0,0,0,no,0,0,0,0,0,0,0,0,NA,NA,NA,NA,NA,NA,NA,NA,16,13,54.3,5.5,13,14,60,4.9,14,11,57.9,5.4,13,14,48.9,5.4,11,14,48.9,5.7,7,6,47.3,7.1,0.09584999999999999,0.27,0.1704,0.565,2.628068225568095,1.9641187588861966,-2.321371699513012,8.082800227712214,1.3421899466166343,2.714350037706402,3.922353892405748,-2.8529773937563805,7.61562508441745,3.8672427613789147,3.5551344896454937,8.2,2.764805494716518,7.32,3.180612475658884,10.65,2.197379286173428,11.79,4.6145084138874015,10.55,2.308641021879223,15.92,15,0,0,0,0,0
R711708,completed,hmp_full,28,Woman,White,Yes,no,below_median,college_graduate,NA,17,1,1,1,1,1,1,NA,NA,NA,1,1,0,NA,NA,NA,no,0,0,0,0,0,1,0,0,NA,NA,NA,NA,NA,NA,NA,NA,15,11,63,4.6,12,14,54.3,6.8,NA,NA,NA,NA,NA,NA,NA,NA,NA,NA,NA,NA,NA,NA,NA,NA,NA,NA,NA,NA,NA,NA,NA,NA,NA,NA,NA,NA,NA,NA,0.4685440681731118,8.17,0.5571847309924527,5.65,NA,NA,NA,NA,NA,NA,NA,NA,0,0,0,0,0,0
R539863,completed,uc,30,Woman,White,Yes,no,below_median,college_graduate,NA,6,1,1,1,1,1,1,1,1,1,1,1,1,1,1,1,yes,0,0,0,1,0,0,0,0,NA,NA,NA,NA,NA,NA,NA,NA,8,10,59.4,5.2,10,13,57.2,4.7,9,13,59.8,4.4,9,10,51.9,4.7,6,10,42.7,4.6,4,9,41.1,6.4,14.856749999999998,0.66,4.46235,0.95,3.306153817011247,5.047354392250285,2.240663952119994,5.6182245940080255,3.6522269074147697,3.0384270187310602,3.4732996177527893,-2.4742514063274825,7.919746811459227,3.409070982160796,3.6664525246173487,7.48,4.508650780322062,12.75,5.288588607415338,5.53,3.1952653137275013,11.43,1.731955898316238,10.65,3.2316484129651406,10.29,NA,NA,NA,NA,NA,NA
R304335,completed,hmp_full,26,Woman,Asian,No,no,below_median,college_graduate,NA,22,0,1,1,1,0,1,0,0,0,0,0,0,0,0,0,dont_know,1,0,0,0,0,1,0,1,NA,NA,NA,NA,NA,NA,NA,NA,20,9,67.7,2.8,18,4,63,3.5,21,18,70,3.6,11,12,46.3,3.4,9,5,50.4,5.7,15,11,54.3,2.22,NA,NA,NA,NA,NA,NA,NA,NA,NA,NA,NA,NA,NA,NA,4.069589761142683,12.55,2.30762505409368,7.79,4.888354669239624,14.71,5.209089637653289,14.76,1.5172379146754809,13.36,7.565425675628432,12.29,10,135,34,3,20,0
R992442,completed,hmp_full,23,Woman,White,Yes,no,below_median,college_graduate,NA,8,1,0,1,1,1,1,0,0,1,0,0,1,0,0,1,yes,0,0,0,0,0,0,0,0,0,0,0,0,0,0,0,0,12,13,54.3,6.1,9,21,66.6,6.7,7,7,52.7,6.8,3,4,48.9,7.9,3,6,45.4,8,4,13,51.3,7.7,0.64965,0.32,3.41865,0.64,3.0972495196201346,-3.9858053271267724,4.756794517535934,7.040880310437972,5.986621840827906,3.12283819126353,-3.514968176403107,4.86851255146543,6.900489021390168,4.980211965862596,8.69118870151313,1.85,3.838434782892814,10.49,0.1798011232908218,6.63,1.5021440662272283,12.79,0.2181144701947036,2.82,0.4775373504812745,11.39,10,0,20,4,0,20
